run_id,raw_archive,arm,arm_role,procs,workload_seed,scheduler_seed,scenario_hash,fixture_commit,params_sha256,atm_pin,oracle_runtime_v1,oracle_runtime_v2,harness_src,created_at
"b5-b8","r1:raw/b-probes.tgz","","","","","","","","","","","","r1-era (per-run harness source hash NOT recorded in r1; src was edited between stages)",""
"c4-admission_only","r1:raw/c.tgz","admission_only","motivation","","11","","46a82ea9364e5d4d32c6c6cac4bf1363ccea9ca1884f1fb7755a2c936a3e5db5","sha256:1c985c0afddd1d2d","1818d918a5fbdde4e6e756320c4086a1e7fa3ae00505767ae659a32166b6f591","5692474f7db70ab52a7a71c8af4867609e7e4b43","c3-effect-bytes-v1","","r1-era (per-run harness source hash NOT recorded in r1; src was edited between stages)","2026-10-07T21:23:58.001+08:00"
"c4-ideal_sync","r1:raw/c.tgz","ideal_sync","upper_bound","","11","","46a82ea9364e5d4d32c6c6cac4bf1363ccea9ca1884f1fb7755a2c936a3e5db5","sha256:1c985c0afddd1d2d","8919d8cbdbe240d462f83dd4562e312accb7cda30c0d790ce7609fb55cf24bf9","5692474f7db70ab52a7a71c8af4867609e7e4b43","c3-effect-bytes-v1","","r1-era (per-run harness source hash NOT recorded in r1; src was edited between stages)","2026-10-07T21:23:57.649+08:00"
"c4-raw_overwrite","r1:raw/c.tgz","raw_overwrite","baseline_raw","","11","","46a82ea9364e5d4d32c6c6cac4bf1363ccea9ca1884f1fb7755a2c936a3e5db5","sha256:1c985c0afddd1d2d","d8d74ea55f75e8f1c8ea7192550e7f7b5e5e208ccd57646e59e861f8f39cf2dd","5692474f7db70ab52a7a71c8af4867609e7e4b43","c3-effect-bytes-v1","","r1-era (per-run harness source hash NOT recorded in r1; src was edited between stages)","2026-10-07T21:23:58.358+08:00"
"c4-steward","r1:raw/c.tgz","steward","main_method","","11","","46a82ea9364e5d4d32c6c6cac4bf1363ccea9ca1884f1fb7755a2c936a3e5db5","sha256:1c985c0afddd1d2d","a1da01cca8b2c9210932c651ab8eaa2aab29fed488b7cc61a106f68fd23d437b","5692474f7db70ab52a7a71c8af4867609e7e4b43","c3-effect-bytes-v1","","r1-era (per-run harness source hash NOT recorded in r1; src was edited between stages)","2026-10-07T21:23:56.827+08:00"
"composer-probe","r1:raw/b-probes.tgz","","","","","","","","","","","","r1-era (per-run harness source hash NOT recorded in r1; src was edited between stages)",""
"d1-file_lock","r1:raw/d.tgz","file_lock","baseline_serial","","11","","46a82ea9364e5d4d32c6c6cac4bf1363ccea9ca1884f1fb7755a2c936a3e5db5","sha256:1c985c0afddd1d2d","28c8a998b325f7cc91fb48319312768648883799192e80fa016bdad31bb17559","5692474f7db70ab52a7a71c8af4867609e7e4b43","c3-effect-bytes-v1","","r1-era (per-run harness source hash NOT recorded in r1; src was edited between stages)","2026-10-07T21:26:55.944+08:00"
"d1-steward","r1:raw/d.tgz","steward","main_method","","11","","46a82ea9364e5d4d32c6c6cac4bf1363ccea9ca1884f1fb7755a2c936a3e5db5","sha256:1c985c0afddd1d2d","a1da01cca8b2c9210932c651ab8eaa2aab29fed488b7cc61a106f68fd23d437b","5692474f7db70ab52a7a71c8af4867609e7e4b43","c3-effect-bytes-v1","","r1-era (per-run harness source hash NOT recorded in r1; src was edited between stages)","2026-10-07T21:26:56.350+08:00"
"d2-file_lock","r1:raw/d.tgz","file_lock","baseline_serial","","11","","46a82ea9364e5d4d32c6c6cac4bf1363ccea9ca1884f1fb7755a2c936a3e5db5","sha256:1c985c0afddd1d2d","17371922f486baea04f87a25f2b6a5c82740cc75672f7d88c3d312ca75c924d8","5692474f7db70ab52a7a71c8af4867609e7e4b43","c3-effect-bytes-v1","","r1-era (per-run harness source hash NOT recorded in r1; src was edited between stages)","2026-10-07T21:29:19.853+08:00"
"d2-occ","r1:raw/d.tgz","occ","baseline_occ","","11","","46a82ea9364e5d4d32c6c6cac4bf1363ccea9ca1884f1fb7755a2c936a3e5db5","sha256:1c985c0afddd1d2d","072d245d07d183ef45e01ed6c3039e55b699b7ac6100d482682fda6043b2ee24","5692474f7db70ab52a7a71c8af4867609e7e4b43","c3-effect-bytes-v1","","r1-era (per-run harness source hash NOT recorded in r1; src was edited between stages)","2026-10-07T21:29:19.507+08:00"
"d2-occ-exhaust","r1:raw/d.tgz","occ","baseline_occ","","11","","46a82ea9364e5d4d32c6c6cac4bf1363ccea9ca1884f1fb7755a2c936a3e5db5","sha256:1c985c0afddd1d2d","c39df40b8cc13fe791dfbd6614cd0723615f2d34fe07d0b6e51edad94d7c08b9","5692474f7db70ab52a7a71c8af4867609e7e4b43","c3-effect-bytes-v1","","r1-era (per-run harness source hash NOT recorded in r1; src was edited between stages)","2026-10-07T21:29:21.044+08:00"
"d2-steward","r1:raw/d.tgz","steward","main_method","","11","","46a82ea9364e5d4d32c6c6cac4bf1363ccea9ca1884f1fb7755a2c936a3e5db5","sha256:1c985c0afddd1d2d","a50cb17ca94e984c84210a404d69ed5e7d05a764c9a216f4a5ad752141f4a07b","5692474f7db70ab52a7a71c8af4867609e7e4b43","c3-effect-bytes-v1","","r1-era (per-run harness source hash NOT recorded in r1; src was edited between stages)","2026-10-07T21:29:20.253+08:00"
"d3-file_lock","r1:raw/d.tgz","file_lock","baseline_serial","","11","","46a82ea9364e5d4d32c6c6cac4bf1363ccea9ca1884f1fb7755a2c936a3e5db5","sha256:1c985c0afddd1d2d","17371922f486baea04f87a25f2b6a5c82740cc75672f7d88c3d312ca75c924d8","5692474f7db70ab52a7a71c8af4867609e7e4b43","c3-effect-bytes-v1","","r1-era (per-run harness source hash NOT recorded in r1; src was edited between stages)","2026-10-07T21:32:01.192+08:00"
"d3-git_three_way","r1:raw/d.tgz","git_three_way","baseline_git","","11","","46a82ea9364e5d4d32c6c6cac4bf1363ccea9ca1884f1fb7755a2c936a3e5db5","sha256:1c985c0afddd1d2d","c3e16c944616bfe192e622c9c8b6432067dabdbca2aa068e4169bbff3012ed12","5692474f7db70ab52a7a71c8af4867609e7e4b43","c3-effect-bytes-v1","","r1-era (per-run harness source hash NOT recorded in r1; src was edited between stages)","2026-10-07T21:31:49.334+08:00"
"d3-occ","r1:raw/d.tgz","occ","baseline_occ","","11","","46a82ea9364e5d4d32c6c6cac4bf1363ccea9ca1884f1fb7755a2c936a3e5db5","sha256:1c985c0afddd1d2d","072d245d07d183ef45e01ed6c3039e55b699b7ac6100d482682fda6043b2ee24","5692474f7db70ab52a7a71c8af4867609e7e4b43","c3-effect-bytes-v1","","r1-era (per-run harness source hash NOT recorded in r1; src was edited between stages)","2026-10-07T21:32:00.822+08:00"
"d3-steward","r1:raw/d.tgz","steward","main_method","","11","","46a82ea9364e5d4d32c6c6cac4bf1363ccea9ca1884f1fb7755a2c936a3e5db5","sha256:1c985c0afddd1d2d","a50cb17ca94e984c84210a404d69ed5e7d05a764c9a216f4a5ad752141f4a07b","5692474f7db70ab52a7a71c8af4867609e7e4b43","c3-effect-bytes-v1","","r1-era (per-run harness source hash NOT recorded in r1; src was edited between stages)","2026-10-07T21:32:00.041+08:00"
"d4-bare_composer","r1:raw/d.tgz","bare_composer","baseline_bare_composer","","11","","46a82ea9364e5d4d32c6c6cac4bf1363ccea9ca1884f1fb7755a2c936a3e5db5","sha256:1c985c0afddd1d2d","e63a400238de4016a8be395ce92864cb1267b05ba45edb465f7bf4cbbddda4bb","5692474f7db70ab52a7a71c8af4867609e7e4b43","c3-effect-bytes-v1","","r1-era (per-run harness source hash NOT recorded in r1; src was edited between stages)","2026-10-07T21:33:33.000+08:00"
"d4-occ","r1:raw/d.tgz","occ","baseline_occ","","11","","46a82ea9364e5d4d32c6c6cac4bf1363ccea9ca1884f1fb7755a2c936a3e5db5","sha256:1c985c0afddd1d2d","072d245d07d183ef45e01ed6c3039e55b699b7ac6100d482682fda6043b2ee24","5692474f7db70ab52a7a71c8af4867609e7e4b43","c3-effect-bytes-v1","","r1-era (per-run harness source hash NOT recorded in r1; src was edited between stages)","2026-10-07T21:33:34.673+08:00"
"d4-steward","r1:raw/d.tgz","steward","main_method","","11","","46a82ea9364e5d4d32c6c6cac4bf1363ccea9ca1884f1fb7755a2c936a3e5db5","sha256:1c985c0afddd1d2d","a50cb17ca94e984c84210a404d69ed5e7d05a764c9a216f4a5ad752141f4a07b","5692474f7db70ab52a7a71c8af4867609e7e4b43","c3-effect-bytes-v1","","r1-era (per-run harness source hash NOT recorded in r1; src was edited between stages)","2026-10-07T21:33:33.866+08:00"
"d5-admission_only","r1:raw/d.tgz","admission_only","motivation","","11","","46a82ea9364e5d4d32c6c6cac4bf1363ccea9ca1884f1fb7755a2c936a3e5db5","sha256:1c985c0afddd1d2d","530d0c5f5cc075fc39ccb79033c12cd5799c7feb39cdfd60e54d00038243d8ca","5692474f7db70ab52a7a71c8af4867609e7e4b43","c3-effect-bytes-v1","","r1-era (per-run harness source hash NOT recorded in r1; src was edited between stages)","2026-10-07T21:34:49.565+08:00"
"d5-bare_composer","r1:raw/d.tgz","bare_composer","baseline_bare_composer","","11","","46a82ea9364e5d4d32c6c6cac4bf1363ccea9ca1884f1fb7755a2c936a3e5db5","sha256:1c985c0afddd1d2d","03ef557854c26a39c2eb8372f9d1146a1484b6dde27eb212d1b95ea84a0ea28d","5692474f7db70ab52a7a71c8af4867609e7e4b43","c3-effect-bytes-v1","","r1-era (per-run harness source hash NOT recorded in r1; src was edited between stages)","2026-10-07T21:34:48.257+08:00"
"d5-file_lock","r1:raw/d.tgz","file_lock","baseline_serial","","11","","46a82ea9364e5d4d32c6c6cac4bf1363ccea9ca1884f1fb7755a2c936a3e5db5","sha256:1c985c0afddd1d2d","ae504a45ae8efd04fc1f030e8ee0b8ab114f8129289fb2c5a0b0017bfaa3eca3","5692474f7db70ab52a7a71c8af4867609e7e4b43","c3-effect-bytes-v1","","r1-era (per-run harness source hash NOT recorded in r1; src was edited between stages)","2026-10-07T21:34:46.455+08:00"
"d5-git_three_way","r1:raw/d.tgz","git_three_way","baseline_git","","11","","46a82ea9364e5d4d32c6c6cac4bf1363ccea9ca1884f1fb7755a2c936a3e5db5","sha256:1c985c0afddd1d2d","a0a4ee876982fe4d962ac67d3cf614febc534cfb47e4d47e3b003cd9e8e3037a","5692474f7db70ab52a7a71c8af4867609e7e4b43","c3-effect-bytes-v1","","r1-era (per-run harness source hash NOT recorded in r1; src was edited between stages)","2026-10-07T21:34:47.211+08:00"
"d5-ideal_sync","r1:raw/d.tgz","ideal_sync","upper_bound","","11","","46a82ea9364e5d4d32c6c6cac4bf1363ccea9ca1884f1fb7755a2c936a3e5db5","sha256:1c985c0afddd1d2d","79aae76cc08f273cfbacf56ced98118aebecf602b703e28c3493f14b74a565bf","5692474f7db70ab52a7a71c8af4867609e7e4b43","c3-effect-bytes-v1","","r1-era (per-run harness source hash NOT recorded in r1; src was edited between stages)","2026-10-07T21:34:49.212+08:00"
"d5-occ","r1:raw/d.tgz","occ","baseline_occ","","11","","46a82ea9364e5d4d32c6c6cac4bf1363ccea9ca1884f1fb7755a2c936a3e5db5","sha256:1c985c0afddd1d2d","75208edf07b551e4ae2ab0be3dcffb3874def995272e5a0024ec71d7f433c083","5692474f7db70ab52a7a71c8af4867609e7e4b43","c3-effect-bytes-v1","","r1-era (per-run harness source hash NOT recorded in r1; src was edited between stages)","2026-10-07T21:34:46.860+08:00"
"d5-raw_overwrite","r1:raw/d.tgz","raw_overwrite","baseline_raw","","11","","46a82ea9364e5d4d32c6c6cac4bf1363ccea9ca1884f1fb7755a2c936a3e5db5","sha256:1c985c0afddd1d2d","91caa1548d207c8ddbaa6df9be1d75f2110a3257c4015b4f6b4227771af94b09","5692474f7db70ab52a7a71c8af4867609e7e4b43","c3-effect-bytes-v1","","r1-era (per-run harness source hash NOT recorded in r1; src was edited between stages)","2026-10-07T21:34:49.905+08:00"
"d5-steward","r1:raw/d.tgz","steward","main_method","","11","","46a82ea9364e5d4d32c6c6cac4bf1363ccea9ca1884f1fb7755a2c936a3e5db5","sha256:1c985c0afddd1d2d","7d761ba80cae53194c3e3d75678ff5d35c0610e15d54f67eeda8e145a3ca1f83","5692474f7db70ab52a7a71c8af4867609e7e4b43","c3-effect-bytes-v1","","r1-era (per-run harness source hash NOT recorded in r1; src was edited between stages)","2026-10-07T21:34:45.622+08:00"
"e1-cold-bare_composer-s11","r1:raw/e1.tgz","bare_composer","baseline_bare_composer","","11","","962027a26030b8423889215a1233ab2db392ca4d98547232d3275d0841ef8c1c","sha256:1c985c0afddd1d2d","6ee9258628977883bad28cd8f03e9aee7a25ee6d78a5bb2371298f3e2cb1a5b8","5692474f7db70ab52a7a71c8af4867609e7e4b43","c3-effect-bytes-v1","","r1-era (per-run harness source hash NOT recorded in r1; src was edited between stages)","2026-10-07T22:49:45.304+08:00"
"e1-cold-bare_composer-s17","r1:raw/e1.tgz","bare_composer","baseline_bare_composer","","17","","6d41854d7ded1db29339d6f69d2288e5e34e6bae7fdf3e575367fe03ec794238","sha256:1c985c0afddd1d2d","6ee9258628977883bad28cd8f03e9aee7a25ee6d78a5bb2371298f3e2cb1a5b8","5692474f7db70ab52a7a71c8af4867609e7e4b43","c3-effect-bytes-v1","","r1-era (per-run harness source hash NOT recorded in r1; src was edited between stages)","2026-10-07T22:49:46.274+08:00"
"e1-cold-bare_composer-s23","r1:raw/e1.tgz","bare_composer","baseline_bare_composer","","23","","72e50042e600c9eedb6af3c47e16344b7fe996a91215712db6c3eefba536edde","sha256:1c985c0afddd1d2d","6ee9258628977883bad28cd8f03e9aee7a25ee6d78a5bb2371298f3e2cb1a5b8","5692474f7db70ab52a7a71c8af4867609e7e4b43","c3-effect-bytes-v1","","r1-era (per-run harness source hash NOT recorded in r1; src was edited between stages)","2026-10-07T22:49:47.232+08:00"
"e1-cold-file_lock-s11","r1:raw/e1.tgz","file_lock","baseline_serial","","11","","962027a26030b8423889215a1233ab2db392ca4d98547232d3275d0841ef8c1c","sha256:1c985c0afddd1d2d","bd2ce22bd3bf52ae0b55ff1542060b519519e402f277cdd8a764e555849e6160","5692474f7db70ab52a7a71c8af4867609e7e4b43","c3-effect-bytes-v1","","r1-era (per-run harness source hash NOT recorded in r1; src was edited between stages)","2026-10-07T22:49:40.699+08:00"
"e1-cold-file_lock-s17","r1:raw/e1.tgz","file_lock","baseline_serial","","17","","6d41854d7ded1db29339d6f69d2288e5e34e6bae7fdf3e575367fe03ec794238","sha256:1c985c0afddd1d2d","bd2ce22bd3bf52ae0b55ff1542060b519519e402f277cdd8a764e555849e6160","5692474f7db70ab52a7a71c8af4867609e7e4b43","c3-effect-bytes-v1","","r1-era (per-run harness source hash NOT recorded in r1; src was edited between stages)","2026-10-07T22:49:41.053+08:00"
"e1-cold-file_lock-s23","r1:raw/e1.tgz","file_lock","baseline_serial","","23","","72e50042e600c9eedb6af3c47e16344b7fe996a91215712db6c3eefba536edde","sha256:1c985c0afddd1d2d","bd2ce22bd3bf52ae0b55ff1542060b519519e402f277cdd8a764e555849e6160","5692474f7db70ab52a7a71c8af4867609e7e4b43","c3-effect-bytes-v1","","r1-era (per-run harness source hash NOT recorded in r1; src was edited between stages)","2026-10-07T22:49:41.390+08:00"
"e1-cold-git_three_way-s11","r1:raw/e1.tgz","git_three_way","baseline_git","","11","","962027a26030b8423889215a1233ab2db392ca4d98547232d3275d0841ef8c1c","sha256:1c985c0afddd1d2d","5449e5e28770e6ee619aae54867d65994461d12772e0ccd6dec9bdde86be1029","5692474f7db70ab52a7a71c8af4867609e7e4b43","c3-effect-bytes-v1","","r1-era (per-run harness source hash NOT recorded in r1; src was edited between stages)","2026-10-07T22:49:42.689+08:00"
"e1-cold-git_three_way-s17","r1:raw/e1.tgz","git_three_way","baseline_git","","17","","6d41854d7ded1db29339d6f69d2288e5e34e6bae7fdf3e575367fe03ec794238","sha256:1c985c0afddd1d2d","5449e5e28770e6ee619aae54867d65994461d12772e0ccd6dec9bdde86be1029","5692474f7db70ab52a7a71c8af4867609e7e4b43","c3-effect-bytes-v1","","r1-era (per-run harness source hash NOT recorded in r1; src was edited between stages)","2026-10-07T22:49:43.608+08:00"
"e1-cold-git_three_way-s23","r1:raw/e1.tgz","git_three_way","baseline_git","","23","","72e50042e600c9eedb6af3c47e16344b7fe996a91215712db6c3eefba536edde","sha256:1c985c0afddd1d2d","5449e5e28770e6ee619aae54867d65994461d12772e0ccd6dec9bdde86be1029","5692474f7db70ab52a7a71c8af4867609e7e4b43","c3-effect-bytes-v1","","r1-era (per-run harness source hash NOT recorded in r1; src was edited between stages)","2026-10-07T22:49:44.521+08:00"
"e1-cold-occ-s11","r1:raw/e1.tgz","occ","baseline_occ","","11","","962027a26030b8423889215a1233ab2db392ca4d98547232d3275d0841ef8c1c","sha256:1c985c0afddd1d2d","9eb2bfd367625d090d566f4529a39c6912e5d644951236fbb02b73133b74cd38","5692474f7db70ab52a7a71c8af4867609e7e4b43","c3-effect-bytes-v1","","r1-era (per-run harness source hash NOT recorded in r1; src was edited between stages)","2026-10-07T22:49:41.704+08:00"
"e1-cold-occ-s17","r1:raw/e1.tgz","occ","baseline_occ","","17","","6d41854d7ded1db29339d6f69d2288e5e34e6bae7fdf3e575367fe03ec794238","sha256:1c985c0afddd1d2d","9eb2bfd367625d090d566f4529a39c6912e5d644951236fbb02b73133b74cd38","5692474f7db70ab52a7a71c8af4867609e7e4b43","c3-effect-bytes-v1","","r1-era (per-run harness source hash NOT recorded in r1; src was edited between stages)","2026-10-07T22:49:42.031+08:00"
"e1-cold-occ-s23","r1:raw/e1.tgz","occ","baseline_occ","","23","","72e50042e600c9eedb6af3c47e16344b7fe996a91215712db6c3eefba536edde","sha256:1c985c0afddd1d2d","9eb2bfd367625d090d566f4529a39c6912e5d644951236fbb02b73133b74cd38","5692474f7db70ab52a7a71c8af4867609e7e4b43","c3-effect-bytes-v1","","r1-era (per-run harness source hash NOT recorded in r1; src was edited between stages)","2026-10-07T22:49:42.361+08:00"
"e1-cold-steward-s11","r1:raw/e1.tgz","steward","main_method","","11","","962027a26030b8423889215a1233ab2db392ca4d98547232d3275d0841ef8c1c","sha256:1c985c0afddd1d2d","31777e45eab889bd5733a0435f35b62d6741ad1a31d81f28e8bc9c27e0cf172d","5692474f7db70ab52a7a71c8af4867609e7e4b43","c3-effect-bytes-v1","","r1-era (per-run harness source hash NOT recorded in r1; src was edited between stages)","2026-10-07T22:49:38.925+08:00"
"e1-cold-steward-s17","r1:raw/e1.tgz","steward","main_method","","17","","6d41854d7ded1db29339d6f69d2288e5e34e6bae7fdf3e575367fe03ec794238","sha256:1c985c0afddd1d2d","31777e45eab889bd5733a0435f35b62d6741ad1a31d81f28e8bc9c27e0cf172d","5692474f7db70ab52a7a71c8af4867609e7e4b43","c3-effect-bytes-v1","","r1-era (per-run harness source hash NOT recorded in r1; src was edited between stages)","2026-10-07T22:49:39.554+08:00"
"e1-cold-steward-s23","r1:raw/e1.tgz","steward","main_method","","23","","72e50042e600c9eedb6af3c47e16344b7fe996a91215712db6c3eefba536edde","sha256:1c985c0afddd1d2d","31777e45eab889bd5733a0435f35b62d6741ad1a31d81f28e8bc9c27e0cf172d","5692474f7db70ab52a7a71c8af4867609e7e4b43","c3-effect-bytes-v1","","r1-era (per-run harness source hash NOT recorded in r1; src was edited between stages)","2026-10-07T22:49:40.143+08:00"
"e1-diag-admission_only-s11","r1:raw/e1.tgz","admission_only","motivation","","11","","46a82ea9364e5d4d32c6c6cac4bf1363ccea9ca1884f1fb7755a2c936a3e5db5","sha256:1c985c0afddd1d2d","530d0c5f5cc075fc39ccb79033c12cd5799c7feb39cdfd60e54d00038243d8ca","5692474f7db70ab52a7a71c8af4867609e7e4b43","c3-effect-bytes-v1","","r1-era (per-run harness source hash NOT recorded in r1; src was edited between stages)","2026-10-07T22:50:07.463+08:00"
"e1-diag-raw_overwrite-s11","r1:raw/e1.tgz","raw_overwrite","baseline_raw","","11","","46a82ea9364e5d4d32c6c6cac4bf1363ccea9ca1884f1fb7755a2c936a3e5db5","sha256:1c985c0afddd1d2d","91caa1548d207c8ddbaa6df9be1d75f2110a3257c4015b4f6b4227771af94b09","5692474f7db70ab52a7a71c8af4867609e7e4b43","c3-effect-bytes-v1","","r1-era (per-run harness source hash NOT recorded in r1; src was edited between stages)","2026-10-07T22:50:07.805+08:00"
"e1-hot_conflict-bare_composer-s11","r1:raw/e1.tgz","bare_composer","baseline_bare_composer","","11","","46a82ea9364e5d4d32c6c6cac4bf1363ccea9ca1884f1fb7755a2c936a3e5db5","sha256:1c985c0afddd1d2d","03ef557854c26a39c2eb8372f9d1146a1484b6dde27eb212d1b95ea84a0ea28d","5692474f7db70ab52a7a71c8af4867609e7e4b43","c3-effect-bytes-v1","","r1-era (per-run harness source hash NOT recorded in r1; src was edited between stages)","2026-10-07T22:50:04.575+08:00"
"e1-hot_conflict-bare_composer-s17","r1:raw/e1.tgz","bare_composer","baseline_bare_composer","","17","","9891124d25b53c7f76fe4a4565d036b56c9924ac237249e7708908f66ed9ef46","sha256:1c985c0afddd1d2d","03ef557854c26a39c2eb8372f9d1146a1484b6dde27eb212d1b95ea84a0ea28d","5692474f7db70ab52a7a71c8af4867609e7e4b43","c3-effect-bytes-v1","","r1-era (per-run harness source hash NOT recorded in r1; src was edited between stages)","2026-10-07T22:50:05.539+08:00"
"e1-hot_conflict-bare_composer-s23","r1:raw/e1.tgz","bare_composer","baseline_bare_composer","","23","","371c73356ebb3750658711439ad1cfc6d2180ca250d42b92bff36c7607de55db","sha256:1c985c0afddd1d2d","03ef557854c26a39c2eb8372f9d1146a1484b6dde27eb212d1b95ea84a0ea28d","5692474f7db70ab52a7a71c8af4867609e7e4b43","c3-effect-bytes-v1","","r1-era (per-run harness source hash NOT recorded in r1; src was edited between stages)","2026-10-07T22:50:06.494+08:00"
"e1-hot_conflict-file_lock-s11","r1:raw/e1.tgz","file_lock","baseline_serial","","11","","46a82ea9364e5d4d32c6c6cac4bf1363ccea9ca1884f1fb7755a2c936a3e5db5","sha256:1c985c0afddd1d2d","ae504a45ae8efd04fc1f030e8ee0b8ab114f8129289fb2c5a0b0017bfaa3eca3","5692474f7db70ab52a7a71c8af4867609e7e4b43","c3-effect-bytes-v1","","r1-era (per-run harness source hash NOT recorded in r1; src was edited between stages)","2026-10-07T22:49:59.551+08:00"
"e1-hot_conflict-file_lock-s17","r1:raw/e1.tgz","file_lock","baseline_serial","","17","","9891124d25b53c7f76fe4a4565d036b56c9924ac237249e7708908f66ed9ef46","sha256:1c985c0afddd1d2d","ae504a45ae8efd04fc1f030e8ee0b8ab114f8129289fb2c5a0b0017bfaa3eca3","5692474f7db70ab52a7a71c8af4867609e7e4b43","c3-effect-bytes-v1","","r1-era (per-run harness source hash NOT recorded in r1; src was edited between stages)","2026-10-07T22:49:59.924+08:00"
"e1-hot_conflict-file_lock-s23","r1:raw/e1.tgz","file_lock","baseline_serial","","23","","371c73356ebb3750658711439ad1cfc6d2180ca250d42b92bff36c7607de55db","sha256:1c985c0afddd1d2d","ae504a45ae8efd04fc1f030e8ee0b8ab114f8129289fb2c5a0b0017bfaa3eca3","5692474f7db70ab52a7a71c8af4867609e7e4b43","c3-effect-bytes-v1","","r1-era (per-run harness source hash NOT recorded in r1; src was edited between stages)","2026-10-07T22:50:00.283+08:00"
"e1-hot_conflict-git_three_way-s11","r1:raw/e1.tgz","git_three_way","baseline_git","","11","","46a82ea9364e5d4d32c6c6cac4bf1363ccea9ca1884f1fb7755a2c936a3e5db5","sha256:1c985c0afddd1d2d","a0a4ee876982fe4d962ac67d3cf614febc534cfb47e4d47e3b003cd9e8e3037a","5692474f7db70ab52a7a71c8af4867609e7e4b43","c3-effect-bytes-v1","","r1-era (per-run harness source hash NOT recorded in r1; src was edited between stages)","2026-10-07T22:50:01.620+08:00"
"e1-hot_conflict-git_three_way-s17","r1:raw/e1.tgz","git_three_way","baseline_git","","17","","9891124d25b53c7f76fe4a4565d036b56c9924ac237249e7708908f66ed9ef46","sha256:1c985c0afddd1d2d","a0a4ee876982fe4d962ac67d3cf614febc534cfb47e4d47e3b003cd9e8e3037a","5692474f7db70ab52a7a71c8af4867609e7e4b43","c3-effect-bytes-v1","","r1-era (per-run harness source hash NOT recorded in r1; src was edited between stages)","2026-10-07T22:50:02.654+08:00"
"e1-hot_conflict-git_three_way-s23","r1:raw/e1.tgz","git_three_way","baseline_git","","23","","371c73356ebb3750658711439ad1cfc6d2180ca250d42b92bff36c7607de55db","sha256:1c985c0afddd1d2d","a0a4ee876982fe4d962ac67d3cf614febc534cfb47e4d47e3b003cd9e8e3037a","5692474f7db70ab52a7a71c8af4867609e7e4b43","c3-effect-bytes-v1","","r1-era (per-run harness source hash NOT recorded in r1; src was edited between stages)","2026-10-07T22:50:03.677+08:00"
"e1-hot_conflict-occ-s11","r1:raw/e1.tgz","occ","baseline_occ","","11","","46a82ea9364e5d4d32c6c6cac4bf1363ccea9ca1884f1fb7755a2c936a3e5db5","sha256:1c985c0afddd1d2d","75208edf07b551e4ae2ab0be3dcffb3874def995272e5a0024ec71d7f433c083","5692474f7db70ab52a7a71c8af4867609e7e4b43","c3-effect-bytes-v1","","r1-era (per-run harness source hash NOT recorded in r1; src was edited between stages)","2026-10-07T22:50:00.615+08:00"
"e1-hot_conflict-occ-s17","r1:raw/e1.tgz","occ","baseline_occ","","17","","9891124d25b53c7f76fe4a4565d036b56c9924ac237249e7708908f66ed9ef46","sha256:1c985c0afddd1d2d","75208edf07b551e4ae2ab0be3dcffb3874def995272e5a0024ec71d7f433c083","5692474f7db70ab52a7a71c8af4867609e7e4b43","c3-effect-bytes-v1","","r1-era (per-run harness source hash NOT recorded in r1; src was edited between stages)","2026-10-07T22:50:00.977+08:00"
"e1-hot_conflict-occ-s23","r1:raw/e1.tgz","occ","baseline_occ","","23","","371c73356ebb3750658711439ad1cfc6d2180ca250d42b92bff36c7607de55db","sha256:1c985c0afddd1d2d","75208edf07b551e4ae2ab0be3dcffb3874def995272e5a0024ec71d7f433c083","5692474f7db70ab52a7a71c8af4867609e7e4b43","c3-effect-bytes-v1","","r1-era (per-run harness source hash NOT recorded in r1; src was edited between stages)","2026-10-07T22:50:01.306+08:00"
"e1-hot_conflict-steward-s11","r1:raw/e1.tgz","steward","main_method","","11","","46a82ea9364e5d4d32c6c6cac4bf1363ccea9ca1884f1fb7755a2c936a3e5db5","sha256:1c985c0afddd1d2d","7d761ba80cae53194c3e3d75678ff5d35c0610e15d54f67eeda8e145a3ca1f83","5692474f7db70ab52a7a71c8af4867609e7e4b43","c3-effect-bytes-v1","","r1-era (per-run harness source hash NOT recorded in r1; src was edited between stages)","2026-10-07T22:49:57.427+08:00"
"e1-hot_conflict-steward-s17","r1:raw/e1.tgz","steward","main_method","","17","","9891124d25b53c7f76fe4a4565d036b56c9924ac237249e7708908f66ed9ef46","sha256:1c985c0afddd1d2d","7d761ba80cae53194c3e3d75678ff5d35c0610e15d54f67eeda8e145a3ca1f83","5692474f7db70ab52a7a71c8af4867609e7e4b43","c3-effect-bytes-v1","","r1-era (per-run harness source hash NOT recorded in r1; src was edited between stages)","2026-10-07T22:49:58.241+08:00"
"e1-hot_conflict-steward-s23","r1:raw/e1.tgz","steward","main_method","","23","","371c73356ebb3750658711439ad1cfc6d2180ca250d42b92bff36c7607de55db","sha256:1c985c0afddd1d2d","7d761ba80cae53194c3e3d75678ff5d35c0610e15d54f67eeda8e145a3ca1f83","5692474f7db70ab52a7a71c8af4867609e7e4b43","c3-effect-bytes-v1","","r1-era (per-run harness source hash NOT recorded in r1; src was edited between stages)","2026-10-07T22:49:58.934+08:00"
"e1-hot_disjoint-bare_composer-s11","r1:raw/e1.tgz","bare_composer","baseline_bare_composer","","11","","9a9d9ffb7e971dec16dce452ca2409d9891822ce4d4709f481e4a9872b130c0b","sha256:1c985c0afddd1d2d","e200a6de360cf0e3ced550a681dcab4a7813a72135b8c24531a39b1a179b7e20","5692474f7db70ab52a7a71c8af4867609e7e4b43","c3-effect-bytes-v1","","r1-era (per-run harness source hash NOT recorded in r1; src was edited between stages)","2026-10-07T22:49:54.665+08:00"
"e1-hot_disjoint-bare_composer-s17","r1:raw/e1.tgz","bare_composer","baseline_bare_composer","","17","","69c6969cda560f7c8bb281aa3ce2696b492c266f4e6257245538d9cad1b05f1a","sha256:1c985c0afddd1d2d","e200a6de360cf0e3ced550a681dcab4a7813a72135b8c24531a39b1a179b7e20","5692474f7db70ab52a7a71c8af4867609e7e4b43","c3-effect-bytes-v1","","r1-era (per-run harness source hash NOT recorded in r1; src was edited between stages)","2026-10-07T22:49:55.627+08:00"
"e1-hot_disjoint-bare_composer-s23","r1:raw/e1.tgz","bare_composer","baseline_bare_composer","","23","","0a035826a12b7202b3fe4184f8af8e52742fa009d56aed739d32df47383ebde9","sha256:1c985c0afddd1d2d","e200a6de360cf0e3ced550a681dcab4a7813a72135b8c24531a39b1a179b7e20","5692474f7db70ab52a7a71c8af4867609e7e4b43","c3-effect-bytes-v1","","r1-era (per-run harness source hash NOT recorded in r1; src was edited between stages)","2026-10-07T22:49:56.585+08:00"
"e1-hot_disjoint-file_lock-s11","r1:raw/e1.tgz","file_lock","baseline_serial","","11","","9a9d9ffb7e971dec16dce452ca2409d9891822ce4d4709f481e4a9872b130c0b","sha256:1c985c0afddd1d2d","32425f1df91cf065ebe18809983d8be996e58a85366924b9ae9c49b4aa48f455","5692474f7db70ab52a7a71c8af4867609e7e4b43","c3-effect-bytes-v1","","r1-era (per-run harness source hash NOT recorded in r1; src was edited between stages)","2026-10-07T22:49:50.104+08:00"
"e1-hot_disjoint-file_lock-s17","r1:raw/e1.tgz","file_lock","baseline_serial","","17","","69c6969cda560f7c8bb281aa3ce2696b492c266f4e6257245538d9cad1b05f1a","sha256:1c985c0afddd1d2d","32425f1df91cf065ebe18809983d8be996e58a85366924b9ae9c49b4aa48f455","5692474f7db70ab52a7a71c8af4867609e7e4b43","c3-effect-bytes-v1","","r1-era (per-run harness source hash NOT recorded in r1; src was edited between stages)","2026-10-07T22:49:50.447+08:00"
"e1-hot_disjoint-file_lock-s23","r1:raw/e1.tgz","file_lock","baseline_serial","","23","","0a035826a12b7202b3fe4184f8af8e52742fa009d56aed739d32df47383ebde9","sha256:1c985c0afddd1d2d","32425f1df91cf065ebe18809983d8be996e58a85366924b9ae9c49b4aa48f455","5692474f7db70ab52a7a71c8af4867609e7e4b43","c3-effect-bytes-v1","","r1-era (per-run harness source hash NOT recorded in r1; src was edited between stages)","2026-10-07T22:49:50.780+08:00"
"e1-hot_disjoint-git_three_way-s11","r1:raw/e1.tgz","git_three_way","baseline_git","","11","","9a9d9ffb7e971dec16dce452ca2409d9891822ce4d4709f481e4a9872b130c0b","sha256:1c985c0afddd1d2d","1adbe9eef7aad766b14e37f8afb7b4c288ab97817271b28edc96ef92283c7d08","5692474f7db70ab52a7a71c8af4867609e7e4b43","c3-effect-bytes-v1","","r1-era (per-run harness source hash NOT recorded in r1; src was edited between stages)","2026-10-07T22:49:52.079+08:00"
"e1-hot_disjoint-git_three_way-s17","r1:raw/e1.tgz","git_three_way","baseline_git","","17","","69c6969cda560f7c8bb281aa3ce2696b492c266f4e6257245538d9cad1b05f1a","sha256:1c985c0afddd1d2d","1adbe9eef7aad766b14e37f8afb7b4c288ab97817271b28edc96ef92283c7d08","5692474f7db70ab52a7a71c8af4867609e7e4b43","c3-effect-bytes-v1","","r1-era (per-run harness source hash NOT recorded in r1; src was edited between stages)","2026-10-07T22:49:52.990+08:00"
"e1-hot_disjoint-git_three_way-s23","r1:raw/e1.tgz","git_three_way","baseline_git","","23","","0a035826a12b7202b3fe4184f8af8e52742fa009d56aed739d32df47383ebde9","sha256:1c985c0afddd1d2d","1adbe9eef7aad766b14e37f8afb7b4c288ab97817271b28edc96ef92283c7d08","5692474f7db70ab52a7a71c8af4867609e7e4b43","c3-effect-bytes-v1","","r1-era (per-run harness source hash NOT recorded in r1; src was edited between stages)","2026-10-07T22:49:53.898+08:00"
"e1-hot_disjoint-occ-s11","r1:raw/e1.tgz","occ","baseline_occ","","11","","9a9d9ffb7e971dec16dce452ca2409d9891822ce4d4709f481e4a9872b130c0b","sha256:1c985c0afddd1d2d","da55d17bc00fe99e096e3130d67f17008c009dbeaa05807d1493ec85b8646c7b","5692474f7db70ab52a7a71c8af4867609e7e4b43","c3-effect-bytes-v1","","r1-era (per-run harness source hash NOT recorded in r1; src was edited between stages)","2026-10-07T22:49:51.108+08:00"
"e1-hot_disjoint-occ-s17","r1:raw/e1.tgz","occ","baseline_occ","","17","","69c6969cda560f7c8bb281aa3ce2696b492c266f4e6257245538d9cad1b05f1a","sha256:1c985c0afddd1d2d","da55d17bc00fe99e096e3130d67f17008c009dbeaa05807d1493ec85b8646c7b","5692474f7db70ab52a7a71c8af4867609e7e4b43","c3-effect-bytes-v1","","r1-era (per-run harness source hash NOT recorded in r1; src was edited between stages)","2026-10-07T22:49:51.444+08:00"
"e1-hot_disjoint-occ-s23","r1:raw/e1.tgz","occ","baseline_occ","","23","","0a035826a12b7202b3fe4184f8af8e52742fa009d56aed739d32df47383ebde9","sha256:1c985c0afddd1d2d","da55d17bc00fe99e096e3130d67f17008c009dbeaa05807d1493ec85b8646c7b","5692474f7db70ab52a7a71c8af4867609e7e4b43","c3-effect-bytes-v1","","r1-era (per-run harness source hash NOT recorded in r1; src was edited between stages)","2026-10-07T22:49:51.764+08:00"
"e1-hot_disjoint-steward-s11","r1:raw/e1.tgz","steward","main_method","","11","","9a9d9ffb7e971dec16dce452ca2409d9891822ce4d4709f481e4a9872b130c0b","sha256:1c985c0afddd1d2d","930e9e3bac53b360e66b9195ba4743b7a6ee11fa129e2a32a0c996b7b20aa317","5692474f7db70ab52a7a71c8af4867609e7e4b43","c3-effect-bytes-v1","","r1-era (per-run harness source hash NOT recorded in r1; src was edited between stages)","2026-10-07T22:49:48.089+08:00"
"e1-hot_disjoint-steward-s17","r1:raw/e1.tgz","steward","main_method","","17","","69c6969cda560f7c8bb281aa3ce2696b492c266f4e6257245538d9cad1b05f1a","sha256:1c985c0afddd1d2d","930e9e3bac53b360e66b9195ba4743b7a6ee11fa129e2a32a0c996b7b20aa317","5692474f7db70ab52a7a71c8af4867609e7e4b43","c3-effect-bytes-v1","","r1-era (per-run harness source hash NOT recorded in r1; src was edited between stages)","2026-10-07T22:49:48.832+08:00"
"e1-hot_disjoint-steward-s23","r1:raw/e1.tgz","steward","main_method","","23","","0a035826a12b7202b3fe4184f8af8e52742fa009d56aed739d32df47383ebde9","sha256:1c985c0afddd1d2d","930e9e3bac53b360e66b9195ba4743b7a6ee11fa129e2a32a0c996b7b20aa317","5692474f7db70ab52a7a71c8af4867609e7e4b43","c3-effect-bytes-v1","","r1-era (per-run harness source hash NOT recorded in r1; src was edited between stages)","2026-10-07T22:49:49.501+08:00"
"e1-probe-steward","r1:raw/e1.tgz","steward","main_method","","11","","46a82ea9364e5d4d32c6c6cac4bf1363ccea9ca1884f1fb7755a2c936a3e5db5","sha256:1c985c0afddd1d2d","7d761ba80cae53194c3e3d75678ff5d35c0610e15d54f67eeda8e145a3ca1f83","5692474f7db70ab52a7a71c8af4867609e7e4b43","c3-effect-bytes-v1","","r1-era (per-run harness source hash NOT recorded in r1; src was edited between stages)","2026-10-07T22:49:20.102+08:00"
"e2-cold-bare_composer-s11","r1:raw/e2.tgz","bare_composer","baseline_bare_composer","","11","1011","c7f6259bb674ab08c4bf102b07693b3b84c33023a7e2a34fbdbbfef3693c49f3","sha256:1c985c0afddd1d2d","6ee9258628977883bad28cd8f03e9aee7a25ee6d78a5bb2371298f3e2cb1a5b8","5692474f7db70ab52a7a71c8af4867609e7e4b43","c3-effect-bytes-v1","","r1-era (per-run harness source hash NOT recorded in r1; src was edited between stages)","2026-10-07T22:54:38.813+08:00"
"e2-cold-bare_composer-s17","r1:raw/e2.tgz","bare_composer","baseline_bare_composer","","17","1017","35a26a292eb5f918b18c3bc0c5a284cca95d3a51992c63ab9e2091b97bdfe222","sha256:1c985c0afddd1d2d","6ee9258628977883bad28cd8f03e9aee7a25ee6d78a5bb2371298f3e2cb1a5b8","5692474f7db70ab52a7a71c8af4867609e7e4b43","c3-effect-bytes-v1","","r1-era (per-run harness source hash NOT recorded in r1; src was edited between stages)","2026-10-07T22:54:39.785+08:00"
"e2-cold-bare_composer-s23","r1:raw/e2.tgz","bare_composer","baseline_bare_composer","","23","1023","b30d9ecb8cd9e8fe9a35776c3c3deba03888dbc228030a4a6b7f11f07a6591ad","sha256:1c985c0afddd1d2d","6ee9258628977883bad28cd8f03e9aee7a25ee6d78a5bb2371298f3e2cb1a5b8","5692474f7db70ab52a7a71c8af4867609e7e4b43","c3-effect-bytes-v1","","r1-era (per-run harness source hash NOT recorded in r1; src was edited between stages)","2026-10-07T22:54:40.735+08:00"
"e2-cold-bare_composer-s29","r1:raw/e2.tgz","bare_composer","baseline_bare_composer","","29","1029","d8ec3508f1d79c0a50b2cb6f5becaada236272c899424878303c41c33232d49a","sha256:1c985c0afddd1d2d","6ee9258628977883bad28cd8f03e9aee7a25ee6d78a5bb2371298f3e2cb1a5b8","5692474f7db70ab52a7a71c8af4867609e7e4b43","c3-effect-bytes-v1","","r1-era (per-run harness source hash NOT recorded in r1; src was edited between stages)","2026-10-07T22:54:41.579+08:00"
"e2-cold-bare_composer-s31","r1:raw/e2.tgz","bare_composer","baseline_bare_composer","","31","1031","8e9de736d88fc9e45c204b8e1ee80901b76792828e4369221a1025e3e3a26c04","sha256:1c985c0afddd1d2d","6ee9258628977883bad28cd8f03e9aee7a25ee6d78a5bb2371298f3e2cb1a5b8","5692474f7db70ab52a7a71c8af4867609e7e4b43","c3-effect-bytes-v1","","r1-era (per-run harness source hash NOT recorded in r1; src was edited between stages)","2026-10-07T22:54:42.551+08:00"
"e2-cold-bare_composer-s37","r1:raw/e2.tgz","bare_composer","baseline_bare_composer","","37","1037","bfa1cbc1fd396d7a492e0fa3374198bd5f00898f13c847812ffdcb172185fa3e","sha256:1c985c0afddd1d2d","6ee9258628977883bad28cd8f03e9aee7a25ee6d78a5bb2371298f3e2cb1a5b8","5692474f7db70ab52a7a71c8af4867609e7e4b43","c3-effect-bytes-v1","","r1-era (per-run harness source hash NOT recorded in r1; src was edited between stages)","2026-10-07T22:54:43.497+08:00"
"e2-cold-bare_composer-s41","r1:raw/e2.tgz","bare_composer","baseline_bare_composer","","41","1041","ed6d8344c948cf3e52a9bfb34016ff2b2fb68f73dc8c304f76ca6a6439da352e","sha256:1c985c0afddd1d2d","6ee9258628977883bad28cd8f03e9aee7a25ee6d78a5bb2371298f3e2cb1a5b8","5692474f7db70ab52a7a71c8af4867609e7e4b43","c3-effect-bytes-v1","","r1-era (per-run harness source hash NOT recorded in r1; src was edited between stages)","2026-10-07T22:54:44.475+08:00"
"e2-cold-bare_composer-s43","r1:raw/e2.tgz","bare_composer","baseline_bare_composer","","43","1043","caf97f69b8d1dc6ee6b43afe7223341080989196461242feb9e9740657a8056a","sha256:1c985c0afddd1d2d","6ee9258628977883bad28cd8f03e9aee7a25ee6d78a5bb2371298f3e2cb1a5b8","5692474f7db70ab52a7a71c8af4867609e7e4b43","c3-effect-bytes-v1","","r1-era (per-run harness source hash NOT recorded in r1; src was edited between stages)","2026-10-07T22:54:45.441+08:00"
"e2-cold-bare_composer-s47","r1:raw/e2.tgz","bare_composer","baseline_bare_composer","","47","1047","7b1196e2519be854bf8141403d5a4597190a1b7972d740afbac0d6f1a15cdba5","sha256:1c985c0afddd1d2d","6ee9258628977883bad28cd8f03e9aee7a25ee6d78a5bb2371298f3e2cb1a5b8","5692474f7db70ab52a7a71c8af4867609e7e4b43","c3-effect-bytes-v1","","r1-era (per-run harness source hash NOT recorded in r1; src was edited between stages)","2026-10-07T22:54:46.408+08:00"
"e2-cold-bare_composer-s53","r1:raw/e2.tgz","bare_composer","baseline_bare_composer","","53","1053","c673a9afa05f7af5b7837febc666d5a10a2369af3d0bb23c31c8729aebc2788a","sha256:1c985c0afddd1d2d","6ee9258628977883bad28cd8f03e9aee7a25ee6d78a5bb2371298f3e2cb1a5b8","5692474f7db70ab52a7a71c8af4867609e7e4b43","c3-effect-bytes-v1","","r1-era (per-run harness source hash NOT recorded in r1; src was edited between stages)","2026-10-07T22:54:47.374+08:00"
"e2-cold-file_lock-s11","r1:raw/e2.tgz","file_lock","baseline_serial","","11","1011","c7f6259bb674ab08c4bf102b07693b3b84c33023a7e2a34fbdbbfef3693c49f3","sha256:1c985c0afddd1d2d","bd2ce22bd3bf52ae0b55ff1542060b519519e402f277cdd8a764e555849e6160","5692474f7db70ab52a7a71c8af4867609e7e4b43","c3-effect-bytes-v1","","r1-era (per-run harness source hash NOT recorded in r1; src was edited between stages)","2026-10-07T22:54:23.077+08:00"
"e2-cold-file_lock-s17","r1:raw/e2.tgz","file_lock","baseline_serial","","17","1017","35a26a292eb5f918b18c3bc0c5a284cca95d3a51992c63ab9e2091b97bdfe222","sha256:1c985c0afddd1d2d","bd2ce22bd3bf52ae0b55ff1542060b519519e402f277cdd8a764e555849e6160","5692474f7db70ab52a7a71c8af4867609e7e4b43","c3-effect-bytes-v1","","r1-era (per-run harness source hash NOT recorded in r1; src was edited between stages)","2026-10-07T22:54:23.398+08:00"
"e2-cold-file_lock-s23","r1:raw/e2.tgz","file_lock","baseline_serial","","23","1023","b30d9ecb8cd9e8fe9a35776c3c3deba03888dbc228030a4a6b7f11f07a6591ad","sha256:1c985c0afddd1d2d","bd2ce22bd3bf52ae0b55ff1542060b519519e402f277cdd8a764e555849e6160","5692474f7db70ab52a7a71c8af4867609e7e4b43","c3-effect-bytes-v1","","r1-era (per-run harness source hash NOT recorded in r1; src was edited between stages)","2026-10-07T22:54:23.690+08:00"
"e2-cold-file_lock-s29","r1:raw/e2.tgz","file_lock","baseline_serial","","29","1029","d8ec3508f1d79c0a50b2cb6f5becaada236272c899424878303c41c33232d49a","sha256:1c985c0afddd1d2d","bd2ce22bd3bf52ae0b55ff1542060b519519e402f277cdd8a764e555849e6160","5692474f7db70ab52a7a71c8af4867609e7e4b43","c3-effect-bytes-v1","","r1-era (per-run harness source hash NOT recorded in r1; src was edited between stages)","2026-10-07T22:54:23.998+08:00"
"e2-cold-file_lock-s31","r1:raw/e2.tgz","file_lock","baseline_serial","","31","1031","8e9de736d88fc9e45c204b8e1ee80901b76792828e4369221a1025e3e3a26c04","sha256:1c985c0afddd1d2d","bd2ce22bd3bf52ae0b55ff1542060b519519e402f277cdd8a764e555849e6160","5692474f7db70ab52a7a71c8af4867609e7e4b43","c3-effect-bytes-v1","","r1-era (per-run harness source hash NOT recorded in r1; src was edited between stages)","2026-10-07T22:54:24.348+08:00"
"e2-cold-file_lock-s37","r1:raw/e2.tgz","file_lock","baseline_serial","","37","1037","bfa1cbc1fd396d7a492e0fa3374198bd5f00898f13c847812ffdcb172185fa3e","sha256:1c985c0afddd1d2d","bd2ce22bd3bf52ae0b55ff1542060b519519e402f277cdd8a764e555849e6160","5692474f7db70ab52a7a71c8af4867609e7e4b43","c3-effect-bytes-v1","","r1-era (per-run harness source hash NOT recorded in r1; src was edited between stages)","2026-10-07T22:54:24.690+08:00"
"e2-cold-file_lock-s41","r1:raw/e2.tgz","file_lock","baseline_serial","","41","1041","ed6d8344c948cf3e52a9bfb34016ff2b2fb68f73dc8c304f76ca6a6439da352e","sha256:1c985c0afddd1d2d","bd2ce22bd3bf52ae0b55ff1542060b519519e402f277cdd8a764e555849e6160","5692474f7db70ab52a7a71c8af4867609e7e4b43","c3-effect-bytes-v1","","r1-era (per-run harness source hash NOT recorded in r1; src was edited between stages)","2026-10-07T22:54:25.005+08:00"
"e2-cold-file_lock-s43","r1:raw/e2.tgz","file_lock","baseline_serial","","43","1043","caf97f69b8d1dc6ee6b43afe7223341080989196461242feb9e9740657a8056a","sha256:1c985c0afddd1d2d","bd2ce22bd3bf52ae0b55ff1542060b519519e402f277cdd8a764e555849e6160","5692474f7db70ab52a7a71c8af4867609e7e4b43","c3-effect-bytes-v1","","r1-era (per-run harness source hash NOT recorded in r1; src was edited between stages)","2026-10-07T22:54:25.321+08:00"
"e2-cold-file_lock-s47","r1:raw/e2.tgz","file_lock","baseline_serial","","47","1047","7b1196e2519be854bf8141403d5a4597190a1b7972d740afbac0d6f1a15cdba5","sha256:1c985c0afddd1d2d","bd2ce22bd3bf52ae0b55ff1542060b519519e402f277cdd8a764e555849e6160","5692474f7db70ab52a7a71c8af4867609e7e4b43","c3-effect-bytes-v1","","r1-era (per-run harness source hash NOT recorded in r1; src was edited between stages)","2026-10-07T22:54:25.654+08:00"
"e2-cold-file_lock-s53","r1:raw/e2.tgz","file_lock","baseline_serial","","53","1053","c673a9afa05f7af5b7837febc666d5a10a2369af3d0bb23c31c8729aebc2788a","sha256:1c985c0afddd1d2d","bd2ce22bd3bf52ae0b55ff1542060b519519e402f277cdd8a764e555849e6160","5692474f7db70ab52a7a71c8af4867609e7e4b43","c3-effect-bytes-v1","","r1-era (per-run harness source hash NOT recorded in r1; src was edited between stages)","2026-10-07T22:54:25.964+08:00"
"e2-cold-git_three_way-s11","r1:raw/e2.tgz","git_three_way","baseline_git","","11","1011","c7f6259bb674ab08c4bf102b07693b3b84c33023a7e2a34fbdbbfef3693c49f3","sha256:1c985c0afddd1d2d","5449e5e28770e6ee619aae54867d65994461d12772e0ccd6dec9bdde86be1029","5692474f7db70ab52a7a71c8af4867609e7e4b43","c3-effect-bytes-v1","","r1-era (per-run harness source hash NOT recorded in r1; src was edited between stages)","2026-10-07T22:54:29.524+08:00"
"e2-cold-git_three_way-s17","r1:raw/e2.tgz","git_three_way","baseline_git","","17","1017","35a26a292eb5f918b18c3bc0c5a284cca95d3a51992c63ab9e2091b97bdfe222","sha256:1c985c0afddd1d2d","5449e5e28770e6ee619aae54867d65994461d12772e0ccd6dec9bdde86be1029","5692474f7db70ab52a7a71c8af4867609e7e4b43","c3-effect-bytes-v1","","r1-era (per-run harness source hash NOT recorded in r1; src was edited between stages)","2026-10-07T22:54:30.450+08:00"
"e2-cold-git_three_way-s23","r1:raw/e2.tgz","git_three_way","baseline_git","","23","1023","b30d9ecb8cd9e8fe9a35776c3c3deba03888dbc228030a4a6b7f11f07a6591ad","sha256:1c985c0afddd1d2d","5449e5e28770e6ee619aae54867d65994461d12772e0ccd6dec9bdde86be1029","5692474f7db70ab52a7a71c8af4867609e7e4b43","c3-effect-bytes-v1","","r1-era (per-run harness source hash NOT recorded in r1; src was edited between stages)","2026-10-07T22:54:31.347+08:00"
"e2-cold-git_three_way-s29","r1:raw/e2.tgz","git_three_way","baseline_git","","29","1029","d8ec3508f1d79c0a50b2cb6f5becaada236272c899424878303c41c33232d49a","sha256:1c985c0afddd1d2d","5449e5e28770e6ee619aae54867d65994461d12772e0ccd6dec9bdde86be1029","5692474f7db70ab52a7a71c8af4867609e7e4b43","c3-effect-bytes-v1","","r1-era (per-run harness source hash NOT recorded in r1; src was edited between stages)","2026-10-07T22:54:32.151+08:00"
"e2-cold-git_three_way-s31","r1:raw/e2.tgz","git_three_way","baseline_git","","31","1031","8e9de736d88fc9e45c204b8e1ee80901b76792828e4369221a1025e3e3a26c04","sha256:1c985c0afddd1d2d","5449e5e28770e6ee619aae54867d65994461d12772e0ccd6dec9bdde86be1029","5692474f7db70ab52a7a71c8af4867609e7e4b43","c3-effect-bytes-v1","","r1-era (per-run harness source hash NOT recorded in r1; src was edited between stages)","2026-10-07T22:54:33.172+08:00"
"e2-cold-git_three_way-s37","r1:raw/e2.tgz","git_three_way","baseline_git","","37","1037","bfa1cbc1fd396d7a492e0fa3374198bd5f00898f13c847812ffdcb172185fa3e","sha256:1c985c0afddd1d2d","5449e5e28770e6ee619aae54867d65994461d12772e0ccd6dec9bdde86be1029","5692474f7db70ab52a7a71c8af4867609e7e4b43","c3-effect-bytes-v1","","r1-era (per-run harness source hash NOT recorded in r1; src was edited between stages)","2026-10-07T22:54:34.161+08:00"
"e2-cold-git_three_way-s41","r1:raw/e2.tgz","git_three_way","baseline_git","","41","1041","ed6d8344c948cf3e52a9bfb34016ff2b2fb68f73dc8c304f76ca6a6439da352e","sha256:1c985c0afddd1d2d","5449e5e28770e6ee619aae54867d65994461d12772e0ccd6dec9bdde86be1029","5692474f7db70ab52a7a71c8af4867609e7e4b43","c3-effect-bytes-v1","","r1-era (per-run harness source hash NOT recorded in r1; src was edited between stages)","2026-10-07T22:54:35.062+08:00"
"e2-cold-git_three_way-s43","r1:raw/e2.tgz","git_three_way","baseline_git","","43","1043","caf97f69b8d1dc6ee6b43afe7223341080989196461242feb9e9740657a8056a","sha256:1c985c0afddd1d2d","5449e5e28770e6ee619aae54867d65994461d12772e0ccd6dec9bdde86be1029","5692474f7db70ab52a7a71c8af4867609e7e4b43","c3-effect-bytes-v1","","r1-era (per-run harness source hash NOT recorded in r1; src was edited between stages)","2026-10-07T22:54:36.094+08:00"
"e2-cold-git_three_way-s47","r1:raw/e2.tgz","git_three_way","baseline_git","","47","1047","7b1196e2519be854bf8141403d5a4597190a1b7972d740afbac0d6f1a15cdba5","sha256:1c985c0afddd1d2d","5449e5e28770e6ee619aae54867d65994461d12772e0ccd6dec9bdde86be1029","5692474f7db70ab52a7a71c8af4867609e7e4b43","c3-effect-bytes-v1","","r1-era (per-run harness source hash NOT recorded in r1; src was edited between stages)","2026-10-07T22:54:36.993+08:00"
"e2-cold-git_three_way-s53","r1:raw/e2.tgz","git_three_way","baseline_git","","53","1053","c673a9afa05f7af5b7837febc666d5a10a2369af3d0bb23c31c8729aebc2788a","sha256:1c985c0afddd1d2d","5449e5e28770e6ee619aae54867d65994461d12772e0ccd6dec9bdde86be1029","5692474f7db70ab52a7a71c8af4867609e7e4b43","c3-effect-bytes-v1","","r1-era (per-run harness source hash NOT recorded in r1; src was edited between stages)","2026-10-07T22:54:37.900+08:00"
"e2-cold-occ-s11","r1:raw/e2.tgz","occ","baseline_occ","","11","1011","c7f6259bb674ab08c4bf102b07693b3b84c33023a7e2a34fbdbbfef3693c49f3","sha256:1c985c0afddd1d2d","9eb2bfd367625d090d566f4529a39c6912e5d644951236fbb02b73133b74cd38","5692474f7db70ab52a7a71c8af4867609e7e4b43","c3-effect-bytes-v1","","r1-era (per-run harness source hash NOT recorded in r1; src was edited between stages)","2026-10-07T22:54:26.285+08:00"
"e2-cold-occ-s17","r1:raw/e2.tgz","occ","baseline_occ","","17","1017","35a26a292eb5f918b18c3bc0c5a284cca95d3a51992c63ab9e2091b97bdfe222","sha256:1c985c0afddd1d2d","9eb2bfd367625d090d566f4529a39c6912e5d644951236fbb02b73133b74cd38","5692474f7db70ab52a7a71c8af4867609e7e4b43","c3-effect-bytes-v1","","r1-era (per-run harness source hash NOT recorded in r1; src was edited between stages)","2026-10-07T22:54:26.602+08:00"
"e2-cold-occ-s23","r1:raw/e2.tgz","occ","baseline_occ","","23","1023","b30d9ecb8cd9e8fe9a35776c3c3deba03888dbc228030a4a6b7f11f07a6591ad","sha256:1c985c0afddd1d2d","9eb2bfd367625d090d566f4529a39c6912e5d644951236fbb02b73133b74cd38","5692474f7db70ab52a7a71c8af4867609e7e4b43","c3-effect-bytes-v1","","r1-era (per-run harness source hash NOT recorded in r1; src was edited between stages)","2026-10-07T22:54:26.892+08:00"
"e2-cold-occ-s29","r1:raw/e2.tgz","occ","baseline_occ","","29","1029","d8ec3508f1d79c0a50b2cb6f5becaada236272c899424878303c41c33232d49a","sha256:1c985c0afddd1d2d","9eb2bfd367625d090d566f4529a39c6912e5d644951236fbb02b73133b74cd38","5692474f7db70ab52a7a71c8af4867609e7e4b43","c3-effect-bytes-v1","","r1-era (per-run harness source hash NOT recorded in r1; src was edited between stages)","2026-10-07T22:54:27.213+08:00"
"e2-cold-occ-s31","r1:raw/e2.tgz","occ","baseline_occ","","31","1031","8e9de736d88fc9e45c204b8e1ee80901b76792828e4369221a1025e3e3a26c04","sha256:1c985c0afddd1d2d","9eb2bfd367625d090d566f4529a39c6912e5d644951236fbb02b73133b74cd38","5692474f7db70ab52a7a71c8af4867609e7e4b43","c3-effect-bytes-v1","","r1-era (per-run harness source hash NOT recorded in r1; src was edited between stages)","2026-10-07T22:54:27.555+08:00"
"e2-cold-occ-s37","r1:raw/e2.tgz","occ","baseline_occ","","37","1037","bfa1cbc1fd396d7a492e0fa3374198bd5f00898f13c847812ffdcb172185fa3e","sha256:1c985c0afddd1d2d","9eb2bfd367625d090d566f4529a39c6912e5d644951236fbb02b73133b74cd38","5692474f7db70ab52a7a71c8af4867609e7e4b43","c3-effect-bytes-v1","","r1-era (per-run harness source hash NOT recorded in r1; src was edited between stages)","2026-10-07T22:54:27.898+08:00"
"e2-cold-occ-s41","r1:raw/e2.tgz","occ","baseline_occ","","41","1041","ed6d8344c948cf3e52a9bfb34016ff2b2fb68f73dc8c304f76ca6a6439da352e","sha256:1c985c0afddd1d2d","9eb2bfd367625d090d566f4529a39c6912e5d644951236fbb02b73133b74cd38","5692474f7db70ab52a7a71c8af4867609e7e4b43","c3-effect-bytes-v1","","r1-era (per-run harness source hash NOT recorded in r1; src was edited between stages)","2026-10-07T22:54:28.222+08:00"
"e2-cold-occ-s43","r1:raw/e2.tgz","occ","baseline_occ","","43","1043","caf97f69b8d1dc6ee6b43afe7223341080989196461242feb9e9740657a8056a","sha256:1c985c0afddd1d2d","9eb2bfd367625d090d566f4529a39c6912e5d644951236fbb02b73133b74cd38","5692474f7db70ab52a7a71c8af4867609e7e4b43","c3-effect-bytes-v1","","r1-era (per-run harness source hash NOT recorded in r1; src was edited between stages)","2026-10-07T22:54:28.540+08:00"
"e2-cold-occ-s47","r1:raw/e2.tgz","occ","baseline_occ","","47","1047","7b1196e2519be854bf8141403d5a4597190a1b7972d740afbac0d6f1a15cdba5","sha256:1c985c0afddd1d2d","9eb2bfd367625d090d566f4529a39c6912e5d644951236fbb02b73133b74cd38","5692474f7db70ab52a7a71c8af4867609e7e4b43","c3-effect-bytes-v1","","r1-era (per-run harness source hash NOT recorded in r1; src was edited between stages)","2026-10-07T22:54:28.877+08:00"
"e2-cold-occ-s53","r1:raw/e2.tgz","occ","baseline_occ","","53","1053","c673a9afa05f7af5b7837febc666d5a10a2369af3d0bb23c31c8729aebc2788a","sha256:1c985c0afddd1d2d","9eb2bfd367625d090d566f4529a39c6912e5d644951236fbb02b73133b74cd38","5692474f7db70ab52a7a71c8af4867609e7e4b43","c3-effect-bytes-v1","","r1-era (per-run harness source hash NOT recorded in r1; src was edited between stages)","2026-10-07T22:54:29.203+08:00"
"e2-cold-steward-s11","r1:raw/e2.tgz","steward","main_method","","11","1011","c7f6259bb674ab08c4bf102b07693b3b84c33023a7e2a34fbdbbfef3693c49f3","sha256:1c985c0afddd1d2d","31777e45eab889bd5733a0435f35b62d6741ad1a31d81f28e8bc9c27e0cf172d","5692474f7db70ab52a7a71c8af4867609e7e4b43","c3-effect-bytes-v1","","r1-era (per-run harness source hash NOT recorded in r1; src was edited between stages)","2026-10-07T22:54:17.610+08:00"
"e2-cold-steward-s17","r1:raw/e2.tgz","steward","main_method","","17","1017","35a26a292eb5f918b18c3bc0c5a284cca95d3a51992c63ab9e2091b97bdfe222","sha256:1c985c0afddd1d2d","31777e45eab889bd5733a0435f35b62d6741ad1a31d81f28e8bc9c27e0cf172d","5692474f7db70ab52a7a71c8af4867609e7e4b43","c3-effect-bytes-v1","","r1-era (per-run harness source hash NOT recorded in r1; src was edited between stages)","2026-10-07T22:54:18.180+08:00"
"e2-cold-steward-s23","r1:raw/e2.tgz","steward","main_method","","23","1023","b30d9ecb8cd9e8fe9a35776c3c3deba03888dbc228030a4a6b7f11f07a6591ad","sha256:1c985c0afddd1d2d","31777e45eab889bd5733a0435f35b62d6741ad1a31d81f28e8bc9c27e0cf172d","5692474f7db70ab52a7a71c8af4867609e7e4b43","c3-effect-bytes-v1","","r1-era (per-run harness source hash NOT recorded in r1; src was edited between stages)","2026-10-07T22:54:18.695+08:00"
"e2-cold-steward-s29","r1:raw/e2.tgz","steward","main_method","","29","1029","d8ec3508f1d79c0a50b2cb6f5becaada236272c899424878303c41c33232d49a","sha256:1c985c0afddd1d2d","31777e45eab889bd5733a0435f35b62d6741ad1a31d81f28e8bc9c27e0cf172d","5692474f7db70ab52a7a71c8af4867609e7e4b43","c3-effect-bytes-v1","","r1-era (per-run harness source hash NOT recorded in r1; src was edited between stages)","2026-10-07T22:54:19.193+08:00"
"e2-cold-steward-s31","r1:raw/e2.tgz","steward","main_method","","31","1031","8e9de736d88fc9e45c204b8e1ee80901b76792828e4369221a1025e3e3a26c04","sha256:1c985c0afddd1d2d","31777e45eab889bd5733a0435f35b62d6741ad1a31d81f28e8bc9c27e0cf172d","5692474f7db70ab52a7a71c8af4867609e7e4b43","c3-effect-bytes-v1","","r1-era (per-run harness source hash NOT recorded in r1; src was edited between stages)","2026-10-07T22:54:19.742+08:00"
"e2-cold-steward-s37","r1:raw/e2.tgz","steward","main_method","","37","1037","bfa1cbc1fd396d7a492e0fa3374198bd5f00898f13c847812ffdcb172185fa3e","sha256:1c985c0afddd1d2d","31777e45eab889bd5733a0435f35b62d6741ad1a31d81f28e8bc9c27e0cf172d","5692474f7db70ab52a7a71c8af4867609e7e4b43","c3-effect-bytes-v1","","r1-era (per-run harness source hash NOT recorded in r1; src was edited between stages)","2026-10-07T22:54:20.295+08:00"
"e2-cold-steward-s41","r1:raw/e2.tgz","steward","main_method","","41","1041","ed6d8344c948cf3e52a9bfb34016ff2b2fb68f73dc8c304f76ca6a6439da352e","sha256:1c985c0afddd1d2d","31777e45eab889bd5733a0435f35b62d6741ad1a31d81f28e8bc9c27e0cf172d","5692474f7db70ab52a7a71c8af4867609e7e4b43","c3-effect-bytes-v1","","r1-era (per-run harness source hash NOT recorded in r1; src was edited between stages)","2026-10-07T22:54:20.840+08:00"
"e2-cold-steward-s43","r1:raw/e2.tgz","steward","main_method","","43","1043","caf97f69b8d1dc6ee6b43afe7223341080989196461242feb9e9740657a8056a","sha256:1c985c0afddd1d2d","31777e45eab889bd5733a0435f35b62d6741ad1a31d81f28e8bc9c27e0cf172d","5692474f7db70ab52a7a71c8af4867609e7e4b43","c3-effect-bytes-v1","","r1-era (per-run harness source hash NOT recorded in r1; src was edited between stages)","2026-10-07T22:54:21.423+08:00"
"e2-cold-steward-s47","r1:raw/e2.tgz","steward","main_method","","47","1047","7b1196e2519be854bf8141403d5a4597190a1b7972d740afbac0d6f1a15cdba5","sha256:1c985c0afddd1d2d","31777e45eab889bd5733a0435f35b62d6741ad1a31d81f28e8bc9c27e0cf172d","5692474f7db70ab52a7a71c8af4867609e7e4b43","c3-effect-bytes-v1","","r1-era (per-run harness source hash NOT recorded in r1; src was edited between stages)","2026-10-07T22:54:21.990+08:00"
"e2-cold-steward-s53","r1:raw/e2.tgz","steward","main_method","","53","1053","c673a9afa05f7af5b7837febc666d5a10a2369af3d0bb23c31c8729aebc2788a","sha256:1c985c0afddd1d2d","31777e45eab889bd5733a0435f35b62d6741ad1a31d81f28e8bc9c27e0cf172d","5692474f7db70ab52a7a71c8af4867609e7e4b43","c3-effect-bytes-v1","","r1-era (per-run harness source hash NOT recorded in r1; src was edited between stages)","2026-10-07T22:54:22.543+08:00"
"e2-diag-admission_only-s11","r1:raw/e2.tgz","admission_only","motivation","","11","1011","9de90239d407589fd099b48cd35af38f0d0f0b4e2b3a7a959833b47408150a30","sha256:1c985c0afddd1d2d","530d0c5f5cc075fc39ccb79033c12cd5799c7feb39cdfd60e54d00038243d8ca","5692474f7db70ab52a7a71c8af4867609e7e4b43","c3-effect-bytes-v1","","r1-era (per-run harness source hash NOT recorded in r1; src was edited between stages)","2026-10-07T22:54:48.217+08:00"
"e2-diag-raw_overwrite-s11","r1:raw/e2.tgz","raw_overwrite","baseline_raw","","11","1011","9de90239d407589fd099b48cd35af38f0d0f0b4e2b3a7a959833b47408150a30","sha256:1c985c0afddd1d2d","91caa1548d207c8ddbaa6df9be1d75f2110a3257c4015b4f6b4227771af94b09","5692474f7db70ab52a7a71c8af4867609e7e4b43","c3-effect-bytes-v1","","r1-era (per-run harness source hash NOT recorded in r1; src was edited between stages)","2026-10-07T22:54:48.564+08:00"
"e2-hot_conflict-bare_composer-s11","r1:raw/e2.tgz","bare_composer","baseline_bare_composer","","11","1011","9de90239d407589fd099b48cd35af38f0d0f0b4e2b3a7a959833b47408150a30","sha256:1c985c0afddd1d2d","03ef557854c26a39c2eb8372f9d1146a1484b6dde27eb212d1b95ea84a0ea28d","5692474f7db70ab52a7a71c8af4867609e7e4b43","c3-effect-bytes-v1","","r1-era (per-run harness source hash NOT recorded in r1; src was edited between stages)","2026-10-07T22:53:36.091+08:00"
"e2-hot_conflict-bare_composer-s17","r1:raw/e2.tgz","bare_composer","baseline_bare_composer","","17","1017","1a3be6dca37be869aa8ba3842691515ccdd1bbfa1b2f9e19b2c46b89b7515c11","sha256:1c985c0afddd1d2d","03ef557854c26a39c2eb8372f9d1146a1484b6dde27eb212d1b95ea84a0ea28d","5692474f7db70ab52a7a71c8af4867609e7e4b43","c3-effect-bytes-v1","","r1-era (per-run harness source hash NOT recorded in r1; src was edited between stages)","2026-10-07T22:53:37.048+08:00"
"e2-hot_conflict-bare_composer-s23","r1:raw/e2.tgz","bare_composer","baseline_bare_composer","","23","1023","802f9c5e536bcb241d0faf2018adfc1717215c6301df4da7350ff2c1d810c329","sha256:1c985c0afddd1d2d","03ef557854c26a39c2eb8372f9d1146a1484b6dde27eb212d1b95ea84a0ea28d","5692474f7db70ab52a7a71c8af4867609e7e4b43","c3-effect-bytes-v1","","r1-era (per-run harness source hash NOT recorded in r1; src was edited between stages)","2026-10-07T22:53:37.987+08:00"
"e2-hot_conflict-bare_composer-s29","r1:raw/e2.tgz","bare_composer","baseline_bare_composer","","29","1029","a61b7cb7b1fbb1ed2423d79a23ebe17ff55aacf653556f1d4ebc93b1ba35d5ee","sha256:1c985c0afddd1d2d","03ef557854c26a39c2eb8372f9d1146a1484b6dde27eb212d1b95ea84a0ea28d","5692474f7db70ab52a7a71c8af4867609e7e4b43","c3-effect-bytes-v1","","r1-era (per-run harness source hash NOT recorded in r1; src was edited between stages)","2026-10-07T22:53:38.930+08:00"
"e2-hot_conflict-bare_composer-s31","r1:raw/e2.tgz","bare_composer","baseline_bare_composer","","31","1031","32de660da0289a5e2c841011465207ead0043b1bdcbe1b61f4c549a4eba83b79","sha256:1c985c0afddd1d2d","03ef557854c26a39c2eb8372f9d1146a1484b6dde27eb212d1b95ea84a0ea28d","5692474f7db70ab52a7a71c8af4867609e7e4b43","c3-effect-bytes-v1","","r1-era (per-run harness source hash NOT recorded in r1; src was edited between stages)","2026-10-07T22:53:39.886+08:00"
"e2-hot_conflict-bare_composer-s37","r1:raw/e2.tgz","bare_composer","baseline_bare_composer","","37","1037","d51cb64cb8ac2f9e92a8d1cf906c6f2c2bcabc6f2c2d2495d5896f99b33f3059","sha256:1c985c0afddd1d2d","03ef557854c26a39c2eb8372f9d1146a1484b6dde27eb212d1b95ea84a0ea28d","5692474f7db70ab52a7a71c8af4867609e7e4b43","c3-effect-bytes-v1","","r1-era (per-run harness source hash NOT recorded in r1; src was edited between stages)","2026-10-07T22:53:40.825+08:00"
"e2-hot_conflict-bare_composer-s41","r1:raw/e2.tgz","bare_composer","baseline_bare_composer","","41","1041","b52666d95db8d3461fa2f77e8a8de847ba967d48412612f216c7466a7dd4ab61","sha256:1c985c0afddd1d2d","03ef557854c26a39c2eb8372f9d1146a1484b6dde27eb212d1b95ea84a0ea28d","5692474f7db70ab52a7a71c8af4867609e7e4b43","c3-effect-bytes-v1","","r1-era (per-run harness source hash NOT recorded in r1; src was edited between stages)","2026-10-07T22:53:41.771+08:00"
"e2-hot_conflict-bare_composer-s43","r1:raw/e2.tgz","bare_composer","baseline_bare_composer","","43","1043","be5895a6b2137fdb0e03e0ff7445edf7da8425cf21f7d7d8ab5e6d9c01a86ab3","sha256:1c985c0afddd1d2d","03ef557854c26a39c2eb8372f9d1146a1484b6dde27eb212d1b95ea84a0ea28d","5692474f7db70ab52a7a71c8af4867609e7e4b43","c3-effect-bytes-v1","","r1-era (per-run harness source hash NOT recorded in r1; src was edited between stages)","2026-10-07T22:53:42.727+08:00"
"e2-hot_conflict-bare_composer-s47","r1:raw/e2.tgz","bare_composer","baseline_bare_composer","","47","1047","697b7fb41a327799fff8cb382ccacc497ab6851f58bb471e906b54fff3302ed6","sha256:1c985c0afddd1d2d","03ef557854c26a39c2eb8372f9d1146a1484b6dde27eb212d1b95ea84a0ea28d","5692474f7db70ab52a7a71c8af4867609e7e4b43","c3-effect-bytes-v1","","r1-era (per-run harness source hash NOT recorded in r1; src was edited between stages)","2026-10-07T22:53:43.705+08:00"
"e2-hot_conflict-bare_composer-s53","r1:raw/e2.tgz","bare_composer","baseline_bare_composer","","53","1053","55649553f545f9b40fc022e0921e0ef7e4e3f91e6cc0a4ec7756356e07937aab","sha256:1c985c0afddd1d2d","03ef557854c26a39c2eb8372f9d1146a1484b6dde27eb212d1b95ea84a0ea28d","5692474f7db70ab52a7a71c8af4867609e7e4b43","c3-effect-bytes-v1","","r1-era (per-run harness source hash NOT recorded in r1; src was edited between stages)","2026-10-07T22:53:44.677+08:00"
"e2-hot_conflict-file_lock-s11","r1:raw/e2.tgz","file_lock","baseline_serial","","11","1011","9de90239d407589fd099b48cd35af38f0d0f0b4e2b3a7a959833b47408150a30","sha256:1c985c0afddd1d2d","ae504a45ae8efd04fc1f030e8ee0b8ab114f8129289fb2c5a0b0017bfaa3eca3","5692474f7db70ab52a7a71c8af4867609e7e4b43","c3-effect-bytes-v1","","r1-era (per-run harness source hash NOT recorded in r1; src was edited between stages)","2026-10-07T22:53:18.849+08:00"
"e2-hot_conflict-file_lock-s17","r1:raw/e2.tgz","file_lock","baseline_serial","","17","1017","1a3be6dca37be869aa8ba3842691515ccdd1bbfa1b2f9e19b2c46b89b7515c11","sha256:1c985c0afddd1d2d","ae504a45ae8efd04fc1f030e8ee0b8ab114f8129289fb2c5a0b0017bfaa3eca3","5692474f7db70ab52a7a71c8af4867609e7e4b43","c3-effect-bytes-v1","","r1-era (per-run harness source hash NOT recorded in r1; src was edited between stages)","2026-10-07T22:53:19.272+08:00"
"e2-hot_conflict-file_lock-s23","r1:raw/e2.tgz","file_lock","baseline_serial","","23","1023","802f9c5e536bcb241d0faf2018adfc1717215c6301df4da7350ff2c1d810c329","sha256:1c985c0afddd1d2d","ae504a45ae8efd04fc1f030e8ee0b8ab114f8129289fb2c5a0b0017bfaa3eca3","5692474f7db70ab52a7a71c8af4867609e7e4b43","c3-effect-bytes-v1","","r1-era (per-run harness source hash NOT recorded in r1; src was edited between stages)","2026-10-07T22:53:19.611+08:00"
"e2-hot_conflict-file_lock-s29","r1:raw/e2.tgz","file_lock","baseline_serial","","29","1029","a61b7cb7b1fbb1ed2423d79a23ebe17ff55aacf653556f1d4ebc93b1ba35d5ee","sha256:1c985c0afddd1d2d","ae504a45ae8efd04fc1f030e8ee0b8ab114f8129289fb2c5a0b0017bfaa3eca3","5692474f7db70ab52a7a71c8af4867609e7e4b43","c3-effect-bytes-v1","","r1-era (per-run harness source hash NOT recorded in r1; src was edited between stages)","2026-10-07T22:53:19.947+08:00"
"e2-hot_conflict-file_lock-s31","r1:raw/e2.tgz","file_lock","baseline_serial","","31","1031","32de660da0289a5e2c841011465207ead0043b1bdcbe1b61f4c549a4eba83b79","sha256:1c985c0afddd1d2d","ae504a45ae8efd04fc1f030e8ee0b8ab114f8129289fb2c5a0b0017bfaa3eca3","5692474f7db70ab52a7a71c8af4867609e7e4b43","c3-effect-bytes-v1","","r1-era (per-run harness source hash NOT recorded in r1; src was edited between stages)","2026-10-07T22:53:20.304+08:00"
"e2-hot_conflict-file_lock-s37","r1:raw/e2.tgz","file_lock","baseline_serial","","37","1037","d51cb64cb8ac2f9e92a8d1cf906c6f2c2bcabc6f2c2d2495d5896f99b33f3059","sha256:1c985c0afddd1d2d","ae504a45ae8efd04fc1f030e8ee0b8ab114f8129289fb2c5a0b0017bfaa3eca3","5692474f7db70ab52a7a71c8af4867609e7e4b43","c3-effect-bytes-v1","","r1-era (per-run harness source hash NOT recorded in r1; src was edited between stages)","2026-10-07T22:53:20.675+08:00"
"e2-hot_conflict-file_lock-s41","r1:raw/e2.tgz","file_lock","baseline_serial","","41","1041","b52666d95db8d3461fa2f77e8a8de847ba967d48412612f216c7466a7dd4ab61","sha256:1c985c0afddd1d2d","ae504a45ae8efd04fc1f030e8ee0b8ab114f8129289fb2c5a0b0017bfaa3eca3","5692474f7db70ab52a7a71c8af4867609e7e4b43","c3-effect-bytes-v1","","r1-era (per-run harness source hash NOT recorded in r1; src was edited between stages)","2026-10-07T22:53:21.084+08:00"
"e2-hot_conflict-file_lock-s43","r1:raw/e2.tgz","file_lock","baseline_serial","","43","1043","be5895a6b2137fdb0e03e0ff7445edf7da8425cf21f7d7d8ab5e6d9c01a86ab3","sha256:1c985c0afddd1d2d","ae504a45ae8efd04fc1f030e8ee0b8ab114f8129289fb2c5a0b0017bfaa3eca3","5692474f7db70ab52a7a71c8af4867609e7e4b43","c3-effect-bytes-v1","","r1-era (per-run harness source hash NOT recorded in r1; src was edited between stages)","2026-10-07T22:53:21.474+08:00"
"e2-hot_conflict-file_lock-s47","r1:raw/e2.tgz","file_lock","baseline_serial","","47","1047","697b7fb41a327799fff8cb382ccacc497ab6851f58bb471e906b54fff3302ed6","sha256:1c985c0afddd1d2d","ae504a45ae8efd04fc1f030e8ee0b8ab114f8129289fb2c5a0b0017bfaa3eca3","5692474f7db70ab52a7a71c8af4867609e7e4b43","c3-effect-bytes-v1","","r1-era (per-run harness source hash NOT recorded in r1; src was edited between stages)","2026-10-07T22:53:21.894+08:00"
"e2-hot_conflict-file_lock-s53","r1:raw/e2.tgz","file_lock","baseline_serial","","53","1053","55649553f545f9b40fc022e0921e0ef7e4e3f91e6cc0a4ec7756356e07937aab","sha256:1c985c0afddd1d2d","ae504a45ae8efd04fc1f030e8ee0b8ab114f8129289fb2c5a0b0017bfaa3eca3","5692474f7db70ab52a7a71c8af4867609e7e4b43","c3-effect-bytes-v1","","r1-era (per-run harness source hash NOT recorded in r1; src was edited between stages)","2026-10-07T22:53:22.231+08:00"
"e2-hot_conflict-git_three_way-s11","r1:raw/e2.tgz","git_three_way","baseline_git","","11","1011","9de90239d407589fd099b48cd35af38f0d0f0b4e2b3a7a959833b47408150a30","sha256:1c985c0afddd1d2d","a0a4ee876982fe4d962ac67d3cf614febc534cfb47e4d47e3b003cd9e8e3037a","5692474f7db70ab52a7a71c8af4867609e7e4b43","c3-effect-bytes-v1","","r1-era (per-run harness source hash NOT recorded in r1; src was edited between stages)","2026-10-07T22:53:25.930+08:00"
"e2-hot_conflict-git_three_way-s17","r1:raw/e2.tgz","git_three_way","baseline_git","","17","1017","1a3be6dca37be869aa8ba3842691515ccdd1bbfa1b2f9e19b2c46b89b7515c11","sha256:1c985c0afddd1d2d","a0a4ee876982fe4d962ac67d3cf614febc534cfb47e4d47e3b003cd9e8e3037a","5692474f7db70ab52a7a71c8af4867609e7e4b43","c3-effect-bytes-v1","","r1-era (per-run harness source hash NOT recorded in r1; src was edited between stages)","2026-10-07T22:53:26.968+08:00"
"e2-hot_conflict-git_three_way-s23","r1:raw/e2.tgz","git_three_way","baseline_git","","23","1023","802f9c5e536bcb241d0faf2018adfc1717215c6301df4da7350ff2c1d810c329","sha256:1c985c0afddd1d2d","a0a4ee876982fe4d962ac67d3cf614febc534cfb47e4d47e3b003cd9e8e3037a","5692474f7db70ab52a7a71c8af4867609e7e4b43","c3-effect-bytes-v1","","r1-era (per-run harness source hash NOT recorded in r1; src was edited between stages)","2026-10-07T22:53:27.969+08:00"
"e2-hot_conflict-git_three_way-s29","r1:raw/e2.tgz","git_three_way","baseline_git","","29","1029","a61b7cb7b1fbb1ed2423d79a23ebe17ff55aacf653556f1d4ebc93b1ba35d5ee","sha256:1c985c0afddd1d2d","a0a4ee876982fe4d962ac67d3cf614febc534cfb47e4d47e3b003cd9e8e3037a","5692474f7db70ab52a7a71c8af4867609e7e4b43","c3-effect-bytes-v1","","r1-era (per-run harness source hash NOT recorded in r1; src was edited between stages)","2026-10-07T22:53:28.865+08:00"
"e2-hot_conflict-git_three_way-s31","r1:raw/e2.tgz","git_three_way","baseline_git","","31","1031","32de660da0289a5e2c841011465207ead0043b1bdcbe1b61f4c549a4eba83b79","sha256:1c985c0afddd1d2d","a0a4ee876982fe4d962ac67d3cf614febc534cfb47e4d47e3b003cd9e8e3037a","5692474f7db70ab52a7a71c8af4867609e7e4b43","c3-effect-bytes-v1","","r1-era (per-run harness source hash NOT recorded in r1; src was edited between stages)","2026-10-07T22:53:29.865+08:00"
"e2-hot_conflict-git_three_way-s37","r1:raw/e2.tgz","git_three_way","baseline_git","","37","1037","d51cb64cb8ac2f9e92a8d1cf906c6f2c2bcabc6f2c2d2495d5896f99b33f3059","sha256:1c985c0afddd1d2d","a0a4ee876982fe4d962ac67d3cf614febc534cfb47e4d47e3b003cd9e8e3037a","5692474f7db70ab52a7a71c8af4867609e7e4b43","c3-effect-bytes-v1","","r1-era (per-run harness source hash NOT recorded in r1; src was edited between stages)","2026-10-07T22:53:30.880+08:00"
"e2-hot_conflict-git_three_way-s41","r1:raw/e2.tgz","git_three_way","baseline_git","","41","1041","b52666d95db8d3461fa2f77e8a8de847ba967d48412612f216c7466a7dd4ab61","sha256:1c985c0afddd1d2d","a0a4ee876982fe4d962ac67d3cf614febc534cfb47e4d47e3b003cd9e8e3037a","5692474f7db70ab52a7a71c8af4867609e7e4b43","c3-effect-bytes-v1","","r1-era (per-run harness source hash NOT recorded in r1; src was edited between stages)","2026-10-07T22:53:31.893+08:00"
"e2-hot_conflict-git_three_way-s43","r1:raw/e2.tgz","git_three_way","baseline_git","","43","1043","be5895a6b2137fdb0e03e0ff7445edf7da8425cf21f7d7d8ab5e6d9c01a86ab3","sha256:1c985c0afddd1d2d","a0a4ee876982fe4d962ac67d3cf614febc534cfb47e4d47e3b003cd9e8e3037a","5692474f7db70ab52a7a71c8af4867609e7e4b43","c3-effect-bytes-v1","","r1-era (per-run harness source hash NOT recorded in r1; src was edited between stages)","2026-10-07T22:53:32.922+08:00"
"e2-hot_conflict-git_three_way-s47","r1:raw/e2.tgz","git_three_way","baseline_git","","47","1047","697b7fb41a327799fff8cb382ccacc497ab6851f58bb471e906b54fff3302ed6","sha256:1c985c0afddd1d2d","a0a4ee876982fe4d962ac67d3cf614febc534cfb47e4d47e3b003cd9e8e3037a","5692474f7db70ab52a7a71c8af4867609e7e4b43","c3-effect-bytes-v1","","r1-era (per-run harness source hash NOT recorded in r1; src was edited between stages)","2026-10-07T22:53:34.088+08:00"
"e2-hot_conflict-git_three_way-s53","r1:raw/e2.tgz","git_three_way","baseline_git","","53","1053","55649553f545f9b40fc022e0921e0ef7e4e3f91e6cc0a4ec7756356e07937aab","sha256:1c985c0afddd1d2d","a0a4ee876982fe4d962ac67d3cf614febc534cfb47e4d47e3b003cd9e8e3037a","5692474f7db70ab52a7a71c8af4867609e7e4b43","c3-effect-bytes-v1","","r1-era (per-run harness source hash NOT recorded in r1; src was edited between stages)","2026-10-07T22:53:35.092+08:00"
"e2-hot_conflict-occ-s11","r1:raw/e2.tgz","occ","baseline_occ","","11","1011","9de90239d407589fd099b48cd35af38f0d0f0b4e2b3a7a959833b47408150a30","sha256:1c985c0afddd1d2d","75208edf07b551e4ae2ab0be3dcffb3874def995272e5a0024ec71d7f433c083","5692474f7db70ab52a7a71c8af4867609e7e4b43","c3-effect-bytes-v1","","r1-era (per-run harness source hash NOT recorded in r1; src was edited between stages)","2026-10-07T22:53:22.548+08:00"
"e2-hot_conflict-occ-s17","r1:raw/e2.tgz","occ","baseline_occ","","17","1017","1a3be6dca37be869aa8ba3842691515ccdd1bbfa1b2f9e19b2c46b89b7515c11","sha256:1c985c0afddd1d2d","75208edf07b551e4ae2ab0be3dcffb3874def995272e5a0024ec71d7f433c083","5692474f7db70ab52a7a71c8af4867609e7e4b43","c3-effect-bytes-v1","","r1-era (per-run harness source hash NOT recorded in r1; src was edited between stages)","2026-10-07T22:53:22.906+08:00"
"e2-hot_conflict-occ-s23","r1:raw/e2.tgz","occ","baseline_occ","","23","1023","802f9c5e536bcb241d0faf2018adfc1717215c6301df4da7350ff2c1d810c329","sha256:1c985c0afddd1d2d","75208edf07b551e4ae2ab0be3dcffb3874def995272e5a0024ec71d7f433c083","5692474f7db70ab52a7a71c8af4867609e7e4b43","c3-effect-bytes-v1","","r1-era (per-run harness source hash NOT recorded in r1; src was edited between stages)","2026-10-07T22:53:23.215+08:00"
"e2-hot_conflict-occ-s29","r1:raw/e2.tgz","occ","baseline_occ","","29","1029","a61b7cb7b1fbb1ed2423d79a23ebe17ff55aacf653556f1d4ebc93b1ba35d5ee","sha256:1c985c0afddd1d2d","75208edf07b551e4ae2ab0be3dcffb3874def995272e5a0024ec71d7f433c083","5692474f7db70ab52a7a71c8af4867609e7e4b43","c3-effect-bytes-v1","","r1-era (per-run harness source hash NOT recorded in r1; src was edited between stages)","2026-10-07T22:53:23.531+08:00"
"e2-hot_conflict-occ-s31","r1:raw/e2.tgz","occ","baseline_occ","","31","1031","32de660da0289a5e2c841011465207ead0043b1bdcbe1b61f4c549a4eba83b79","sha256:1c985c0afddd1d2d","75208edf07b551e4ae2ab0be3dcffb3874def995272e5a0024ec71d7f433c083","5692474f7db70ab52a7a71c8af4867609e7e4b43","c3-effect-bytes-v1","","r1-era (per-run harness source hash NOT recorded in r1; src was edited between stages)","2026-10-07T22:53:23.854+08:00"
"e2-hot_conflict-occ-s37","r1:raw/e2.tgz","occ","baseline_occ","","37","1037","d51cb64cb8ac2f9e92a8d1cf906c6f2c2bcabc6f2c2d2495d5896f99b33f3059","sha256:1c985c0afddd1d2d","75208edf07b551e4ae2ab0be3dcffb3874def995272e5a0024ec71d7f433c083","5692474f7db70ab52a7a71c8af4867609e7e4b43","c3-effect-bytes-v1","","r1-era (per-run harness source hash NOT recorded in r1; src was edited between stages)","2026-10-07T22:53:24.193+08:00"
"e2-hot_conflict-occ-s41","r1:raw/e2.tgz","occ","baseline_occ","","41","1041","b52666d95db8d3461fa2f77e8a8de847ba967d48412612f216c7466a7dd4ab61","sha256:1c985c0afddd1d2d","75208edf07b551e4ae2ab0be3dcffb3874def995272e5a0024ec71d7f433c083","5692474f7db70ab52a7a71c8af4867609e7e4b43","c3-effect-bytes-v1","","r1-era (per-run harness source hash NOT recorded in r1; src was edited between stages)","2026-10-07T22:53:24.546+08:00"
"e2-hot_conflict-occ-s43","r1:raw/e2.tgz","occ","baseline_occ","","43","1043","be5895a6b2137fdb0e03e0ff7445edf7da8425cf21f7d7d8ab5e6d9c01a86ab3","sha256:1c985c0afddd1d2d","75208edf07b551e4ae2ab0be3dcffb3874def995272e5a0024ec71d7f433c083","5692474f7db70ab52a7a71c8af4867609e7e4b43","c3-effect-bytes-v1","","r1-era (per-run harness source hash NOT recorded in r1; src was edited between stages)","2026-10-07T22:53:24.870+08:00"
"e2-hot_conflict-occ-s47","r1:raw/e2.tgz","occ","baseline_occ","","47","1047","697b7fb41a327799fff8cb382ccacc497ab6851f58bb471e906b54fff3302ed6","sha256:1c985c0afddd1d2d","75208edf07b551e4ae2ab0be3dcffb3874def995272e5a0024ec71d7f433c083","5692474f7db70ab52a7a71c8af4867609e7e4b43","c3-effect-bytes-v1","","r1-era (per-run harness source hash NOT recorded in r1; src was edited between stages)","2026-10-07T22:53:25.259+08:00"
"e2-hot_conflict-occ-s53","r1:raw/e2.tgz","occ","baseline_occ","","53","1053","55649553f545f9b40fc022e0921e0ef7e4e3f91e6cc0a4ec7756356e07937aab","sha256:1c985c0afddd1d2d","75208edf07b551e4ae2ab0be3dcffb3874def995272e5a0024ec71d7f433c083","5692474f7db70ab52a7a71c8af4867609e7e4b43","c3-effect-bytes-v1","","r1-era (per-run harness source hash NOT recorded in r1; src was edited between stages)","2026-10-07T22:53:25.592+08:00"
"e2-hot_conflict-steward-s11","r1:raw/e2.tgz","steward","main_method","","11","1011","9de90239d407589fd099b48cd35af38f0d0f0b4e2b3a7a959833b47408150a30","sha256:1c985c0afddd1d2d","7d761ba80cae53194c3e3d75678ff5d35c0610e15d54f67eeda8e145a3ca1f83","5692474f7db70ab52a7a71c8af4867609e7e4b43","c3-effect-bytes-v1","","r1-era (per-run harness source hash NOT recorded in r1; src was edited between stages)","2026-10-07T22:53:11.256+08:00"
"e2-hot_conflict-steward-s17","r1:raw/e2.tgz","steward","main_method","","17","1017","1a3be6dca37be869aa8ba3842691515ccdd1bbfa1b2f9e19b2c46b89b7515c11","sha256:1c985c0afddd1d2d","7d761ba80cae53194c3e3d75678ff5d35c0610e15d54f67eeda8e145a3ca1f83","5692474f7db70ab52a7a71c8af4867609e7e4b43","c3-effect-bytes-v1","","r1-era (per-run harness source hash NOT recorded in r1; src was edited between stages)","2026-10-07T22:53:12.071+08:00"
"e2-hot_conflict-steward-s23","r1:raw/e2.tgz","steward","main_method","","23","1023","802f9c5e536bcb241d0faf2018adfc1717215c6301df4da7350ff2c1d810c329","sha256:1c985c0afddd1d2d","7d761ba80cae53194c3e3d75678ff5d35c0610e15d54f67eeda8e145a3ca1f83","5692474f7db70ab52a7a71c8af4867609e7e4b43","c3-effect-bytes-v1","","r1-era (per-run harness source hash NOT recorded in r1; src was edited between stages)","2026-10-07T22:53:12.769+08:00"
"e2-hot_conflict-steward-s29","r1:raw/e2.tgz","steward","main_method","","29","1029","a61b7cb7b1fbb1ed2423d79a23ebe17ff55aacf653556f1d4ebc93b1ba35d5ee","sha256:1c985c0afddd1d2d","7d761ba80cae53194c3e3d75678ff5d35c0610e15d54f67eeda8e145a3ca1f83","5692474f7db70ab52a7a71c8af4867609e7e4b43","c3-effect-bytes-v1","","r1-era (per-run harness source hash NOT recorded in r1; src was edited between stages)","2026-10-07T22:53:13.554+08:00"
"e2-hot_conflict-steward-s31","r1:raw/e2.tgz","steward","main_method","","31","1031","32de660da0289a5e2c841011465207ead0043b1bdcbe1b61f4c549a4eba83b79","sha256:1c985c0afddd1d2d","7d761ba80cae53194c3e3d75678ff5d35c0610e15d54f67eeda8e145a3ca1f83","5692474f7db70ab52a7a71c8af4867609e7e4b43","c3-effect-bytes-v1","","r1-era (per-run harness source hash NOT recorded in r1; src was edited between stages)","2026-10-07T22:53:14.334+08:00"
"e2-hot_conflict-steward-s37","r1:raw/e2.tgz","steward","main_method","","37","1037","d51cb64cb8ac2f9e92a8d1cf906c6f2c2bcabc6f2c2d2495d5896f99b33f3059","sha256:1c985c0afddd1d2d","7d761ba80cae53194c3e3d75678ff5d35c0610e15d54f67eeda8e145a3ca1f83","5692474f7db70ab52a7a71c8af4867609e7e4b43","c3-effect-bytes-v1","","r1-era (per-run harness source hash NOT recorded in r1; src was edited between stages)","2026-10-07T22:53:15.058+08:00"
"e2-hot_conflict-steward-s41","r1:raw/e2.tgz","steward","main_method","","41","1041","b52666d95db8d3461fa2f77e8a8de847ba967d48412612f216c7466a7dd4ab61","sha256:1c985c0afddd1d2d","7d761ba80cae53194c3e3d75678ff5d35c0610e15d54f67eeda8e145a3ca1f83","5692474f7db70ab52a7a71c8af4867609e7e4b43","c3-effect-bytes-v1","","r1-era (per-run harness source hash NOT recorded in r1; src was edited between stages)","2026-10-07T22:53:15.956+08:00"
"e2-hot_conflict-steward-s43","r1:raw/e2.tgz","steward","main_method","","43","1043","be5895a6b2137fdb0e03e0ff7445edf7da8425cf21f7d7d8ab5e6d9c01a86ab3","sha256:1c985c0afddd1d2d","7d761ba80cae53194c3e3d75678ff5d35c0610e15d54f67eeda8e145a3ca1f83","5692474f7db70ab52a7a71c8af4867609e7e4b43","c3-effect-bytes-v1","","r1-era (per-run harness source hash NOT recorded in r1; src was edited between stages)","2026-10-07T22:53:16.687+08:00"
"e2-hot_conflict-steward-s47","r1:raw/e2.tgz","steward","main_method","","47","1047","697b7fb41a327799fff8cb382ccacc497ab6851f58bb471e906b54fff3302ed6","sha256:1c985c0afddd1d2d","7d761ba80cae53194c3e3d75678ff5d35c0610e15d54f67eeda8e145a3ca1f83","5692474f7db70ab52a7a71c8af4867609e7e4b43","c3-effect-bytes-v1","","r1-era (per-run harness source hash NOT recorded in r1; src was edited between stages)","2026-10-07T22:53:17.501+08:00"
"e2-hot_conflict-steward-s53","r1:raw/e2.tgz","steward","main_method","","53","1053","55649553f545f9b40fc022e0921e0ef7e4e3f91e6cc0a4ec7756356e07937aab","sha256:1c985c0afddd1d2d","7d761ba80cae53194c3e3d75678ff5d35c0610e15d54f67eeda8e145a3ca1f83","5692474f7db70ab52a7a71c8af4867609e7e4b43","c3-effect-bytes-v1","","r1-era (per-run harness source hash NOT recorded in r1; src was edited between stages)","2026-10-07T22:53:18.107+08:00"
"e2-hot_disjoint-bare_composer-s11","r1:raw/e2.tgz","bare_composer","baseline_bare_composer","","11","1011","5677911daed8d36b8ec662552cb05c8ef5a4bcd808007777ff650ffb2f0e4726","sha256:1c985c0afddd1d2d","e200a6de360cf0e3ced550a681dcab4a7813a72135b8c24531a39b1a179b7e20","5692474f7db70ab52a7a71c8af4867609e7e4b43","c3-effect-bytes-v1","","r1-era (per-run harness source hash NOT recorded in r1; src was edited between stages)","2026-10-07T22:54:08.152+08:00"
"e2-hot_disjoint-bare_composer-s17","r1:raw/e2.tgz","bare_composer","baseline_bare_composer","","17","1017","8813a8ee3e87f70b20ed4d4024e6794266d321e943e69617bf139a0a7b9dea19","sha256:1c985c0afddd1d2d","e200a6de360cf0e3ced550a681dcab4a7813a72135b8c24531a39b1a179b7e20","5692474f7db70ab52a7a71c8af4867609e7e4b43","c3-effect-bytes-v1","","r1-era (per-run harness source hash NOT recorded in r1; src was edited between stages)","2026-10-07T22:54:09.131+08:00"
"e2-hot_disjoint-bare_composer-s23","r1:raw/e2.tgz","bare_composer","baseline_bare_composer","","23","1023","02e3e2fdb33ffea8acabf1f0df5cbe2d1f8638f6432213b0d7118d420e750fcb","sha256:1c985c0afddd1d2d","e200a6de360cf0e3ced550a681dcab4a7813a72135b8c24531a39b1a179b7e20","5692474f7db70ab52a7a71c8af4867609e7e4b43","c3-effect-bytes-v1","","r1-era (per-run harness source hash NOT recorded in r1; src was edited between stages)","2026-10-07T22:54:10.102+08:00"
"e2-hot_disjoint-bare_composer-s29","r1:raw/e2.tgz","bare_composer","baseline_bare_composer","","29","1029","26e97b958793c22d1b9f381989f9d22b30cdd1209692c9af7550774925140b0a","sha256:1c985c0afddd1d2d","e200a6de360cf0e3ced550a681dcab4a7813a72135b8c24531a39b1a179b7e20","5692474f7db70ab52a7a71c8af4867609e7e4b43","c3-effect-bytes-v1","","r1-era (per-run harness source hash NOT recorded in r1; src was edited between stages)","2026-10-07T22:54:10.936+08:00"
"e2-hot_disjoint-bare_composer-s31","r1:raw/e2.tgz","bare_composer","baseline_bare_composer","","31","1031","dcbc2fb30a5aa7d7a70ca7676b1157d64740bc1237d934908d00f78ffe988e70","sha256:1c985c0afddd1d2d","e200a6de360cf0e3ced550a681dcab4a7813a72135b8c24531a39b1a179b7e20","5692474f7db70ab52a7a71c8af4867609e7e4b43","c3-effect-bytes-v1","","r1-era (per-run harness source hash NOT recorded in r1; src was edited between stages)","2026-10-07T22:54:11.919+08:00"
"e2-hot_disjoint-bare_composer-s37","r1:raw/e2.tgz","bare_composer","baseline_bare_composer","","37","1037","8202a010302bbf2c2f21b11ab710bc848e7ddf2afe18e1a695f9d61431057742","sha256:1c985c0afddd1d2d","e200a6de360cf0e3ced550a681dcab4a7813a72135b8c24531a39b1a179b7e20","5692474f7db70ab52a7a71c8af4867609e7e4b43","c3-effect-bytes-v1","","r1-era (per-run harness source hash NOT recorded in r1; src was edited between stages)","2026-10-07T22:54:12.888+08:00"
"e2-hot_disjoint-bare_composer-s41","r1:raw/e2.tgz","bare_composer","baseline_bare_composer","","41","1041","2cfaf7a450d1708ae6cf1ff037b04cd548c926e55bbb6213af6c6e1d66ad0c43","sha256:1c985c0afddd1d2d","e200a6de360cf0e3ced550a681dcab4a7813a72135b8c24531a39b1a179b7e20","5692474f7db70ab52a7a71c8af4867609e7e4b43","c3-effect-bytes-v1","","r1-era (per-run harness source hash NOT recorded in r1; src was edited between stages)","2026-10-07T22:54:13.871+08:00"
"e2-hot_disjoint-bare_composer-s43","r1:raw/e2.tgz","bare_composer","baseline_bare_composer","","43","1043","d3df47f40b0b0485330a17dc23fdb206ce1482cdc1662badc429969230eb5535","sha256:1c985c0afddd1d2d","e200a6de360cf0e3ced550a681dcab4a7813a72135b8c24531a39b1a179b7e20","5692474f7db70ab52a7a71c8af4867609e7e4b43","c3-effect-bytes-v1","","r1-era (per-run harness source hash NOT recorded in r1; src was edited between stages)","2026-10-07T22:54:14.841+08:00"
"e2-hot_disjoint-bare_composer-s47","r1:raw/e2.tgz","bare_composer","baseline_bare_composer","","47","1047","496d97787522f9610529b867ed8009719f49b5fe10eb831a1b464ea5d64ae147","sha256:1c985c0afddd1d2d","e200a6de360cf0e3ced550a681dcab4a7813a72135b8c24531a39b1a179b7e20","5692474f7db70ab52a7a71c8af4867609e7e4b43","c3-effect-bytes-v1","","r1-era (per-run harness source hash NOT recorded in r1; src was edited between stages)","2026-10-07T22:54:15.823+08:00"
"e2-hot_disjoint-bare_composer-s53","r1:raw/e2.tgz","bare_composer","baseline_bare_composer","","53","1053","b34836e401abfa44d45cd80b73c61af34016bb758c0479ccb87f55635531e479","sha256:1c985c0afddd1d2d","e200a6de360cf0e3ced550a681dcab4a7813a72135b8c24531a39b1a179b7e20","5692474f7db70ab52a7a71c8af4867609e7e4b43","c3-effect-bytes-v1","","r1-era (per-run harness source hash NOT recorded in r1; src was edited between stages)","2026-10-07T22:54:16.777+08:00"
"e2-hot_disjoint-file_lock-s11","r1:raw/e2.tgz","file_lock","baseline_serial","","11","1011","5677911daed8d36b8ec662552cb05c8ef5a4bcd808007777ff650ffb2f0e4726","sha256:1c985c0afddd1d2d","32425f1df91cf065ebe18809983d8be996e58a85366924b9ae9c49b4aa48f455","5692474f7db70ab52a7a71c8af4867609e7e4b43","c3-effect-bytes-v1","","r1-era (per-run harness source hash NOT recorded in r1; src was edited between stages)","2026-10-07T22:53:52.139+08:00"
"e2-hot_disjoint-file_lock-s17","r1:raw/e2.tgz","file_lock","baseline_serial","","17","1017","8813a8ee3e87f70b20ed4d4024e6794266d321e943e69617bf139a0a7b9dea19","sha256:1c985c0afddd1d2d","32425f1df91cf065ebe18809983d8be996e58a85366924b9ae9c49b4aa48f455","5692474f7db70ab52a7a71c8af4867609e7e4b43","c3-effect-bytes-v1","","r1-era (per-run harness source hash NOT recorded in r1; src was edited between stages)","2026-10-07T22:53:52.459+08:00"
"e2-hot_disjoint-file_lock-s23","r1:raw/e2.tgz","file_lock","baseline_serial","","23","1023","02e3e2fdb33ffea8acabf1f0df5cbe2d1f8638f6432213b0d7118d420e750fcb","sha256:1c985c0afddd1d2d","32425f1df91cf065ebe18809983d8be996e58a85366924b9ae9c49b4aa48f455","5692474f7db70ab52a7a71c8af4867609e7e4b43","c3-effect-bytes-v1","","r1-era (per-run harness source hash NOT recorded in r1; src was edited between stages)","2026-10-07T22:53:52.783+08:00"
"e2-hot_disjoint-file_lock-s29","r1:raw/e2.tgz","file_lock","baseline_serial","","29","1029","26e97b958793c22d1b9f381989f9d22b30cdd1209692c9af7550774925140b0a","sha256:1c985c0afddd1d2d","32425f1df91cf065ebe18809983d8be996e58a85366924b9ae9c49b4aa48f455","5692474f7db70ab52a7a71c8af4867609e7e4b43","c3-effect-bytes-v1","","r1-era (per-run harness source hash NOT recorded in r1; src was edited between stages)","2026-10-07T22:53:53.090+08:00"
"e2-hot_disjoint-file_lock-s31","r1:raw/e2.tgz","file_lock","baseline_serial","","31","1031","dcbc2fb30a5aa7d7a70ca7676b1157d64740bc1237d934908d00f78ffe988e70","sha256:1c985c0afddd1d2d","32425f1df91cf065ebe18809983d8be996e58a85366924b9ae9c49b4aa48f455","5692474f7db70ab52a7a71c8af4867609e7e4b43","c3-effect-bytes-v1","","r1-era (per-run harness source hash NOT recorded in r1; src was edited between stages)","2026-10-07T22:53:53.419+08:00"
"e2-hot_disjoint-file_lock-s37","r1:raw/e2.tgz","file_lock","baseline_serial","","37","1037","8202a010302bbf2c2f21b11ab710bc848e7ddf2afe18e1a695f9d61431057742","sha256:1c985c0afddd1d2d","32425f1df91cf065ebe18809983d8be996e58a85366924b9ae9c49b4aa48f455","5692474f7db70ab52a7a71c8af4867609e7e4b43","c3-effect-bytes-v1","","r1-era (per-run harness source hash NOT recorded in r1; src was edited between stages)","2026-10-07T22:53:53.754+08:00"
"e2-hot_disjoint-file_lock-s41","r1:raw/e2.tgz","file_lock","baseline_serial","","41","1041","2cfaf7a450d1708ae6cf1ff037b04cd548c926e55bbb6213af6c6e1d66ad0c43","sha256:1c985c0afddd1d2d","32425f1df91cf065ebe18809983d8be996e58a85366924b9ae9c49b4aa48f455","5692474f7db70ab52a7a71c8af4867609e7e4b43","c3-effect-bytes-v1","","r1-era (per-run harness source hash NOT recorded in r1; src was edited between stages)","2026-10-07T22:53:54.085+08:00"
"e2-hot_disjoint-file_lock-s43","r1:raw/e2.tgz","file_lock","baseline_serial","","43","1043","d3df47f40b0b0485330a17dc23fdb206ce1482cdc1662badc429969230eb5535","sha256:1c985c0afddd1d2d","32425f1df91cf065ebe18809983d8be996e58a85366924b9ae9c49b4aa48f455","5692474f7db70ab52a7a71c8af4867609e7e4b43","c3-effect-bytes-v1","","r1-era (per-run harness source hash NOT recorded in r1; src was edited between stages)","2026-10-07T22:53:54.429+08:00"
"e2-hot_disjoint-file_lock-s47","r1:raw/e2.tgz","file_lock","baseline_serial","","47","1047","496d97787522f9610529b867ed8009719f49b5fe10eb831a1b464ea5d64ae147","sha256:1c985c0afddd1d2d","32425f1df91cf065ebe18809983d8be996e58a85366924b9ae9c49b4aa48f455","5692474f7db70ab52a7a71c8af4867609e7e4b43","c3-effect-bytes-v1","","r1-era (per-run harness source hash NOT recorded in r1; src was edited between stages)","2026-10-07T22:53:54.788+08:00"
"e2-hot_disjoint-file_lock-s53","r1:raw/e2.tgz","file_lock","baseline_serial","","53","1053","b34836e401abfa44d45cd80b73c61af34016bb758c0479ccb87f55635531e479","sha256:1c985c0afddd1d2d","32425f1df91cf065ebe18809983d8be996e58a85366924b9ae9c49b4aa48f455","5692474f7db70ab52a7a71c8af4867609e7e4b43","c3-effect-bytes-v1","","r1-era (per-run harness source hash NOT recorded in r1; src was edited between stages)","2026-10-07T22:53:55.126+08:00"
"e2-hot_disjoint-git_three_way-s11","r1:raw/e2.tgz","git_three_way","baseline_git","","11","1011","5677911daed8d36b8ec662552cb05c8ef5a4bcd808007777ff650ffb2f0e4726","sha256:1c985c0afddd1d2d","1adbe9eef7aad766b14e37f8afb7b4c288ab97817271b28edc96ef92283c7d08","5692474f7db70ab52a7a71c8af4867609e7e4b43","c3-effect-bytes-v1","","r1-era (per-run harness source hash NOT recorded in r1; src was edited between stages)","2026-10-07T22:53:58.800+08:00"
"e2-hot_disjoint-git_three_way-s17","r1:raw/e2.tgz","git_three_way","baseline_git","","17","1017","8813a8ee3e87f70b20ed4d4024e6794266d321e943e69617bf139a0a7b9dea19","sha256:1c985c0afddd1d2d","1adbe9eef7aad766b14e37f8afb7b4c288ab97817271b28edc96ef92283c7d08","5692474f7db70ab52a7a71c8af4867609e7e4b43","c3-effect-bytes-v1","","r1-era (per-run harness source hash NOT recorded in r1; src was edited between stages)","2026-10-07T22:53:59.704+08:00"
"e2-hot_disjoint-git_three_way-s23","r1:raw/e2.tgz","git_three_way","baseline_git","","23","1023","02e3e2fdb33ffea8acabf1f0df5cbe2d1f8638f6432213b0d7118d420e750fcb","sha256:1c985c0afddd1d2d","1adbe9eef7aad766b14e37f8afb7b4c288ab97817271b28edc96ef92283c7d08","5692474f7db70ab52a7a71c8af4867609e7e4b43","c3-effect-bytes-v1","","r1-era (per-run harness source hash NOT recorded in r1; src was edited between stages)","2026-10-07T22:54:00.599+08:00"
"e2-hot_disjoint-git_three_way-s29","r1:raw/e2.tgz","git_three_way","baseline_git","","29","1029","26e97b958793c22d1b9f381989f9d22b30cdd1209692c9af7550774925140b0a","sha256:1c985c0afddd1d2d","1adbe9eef7aad766b14e37f8afb7b4c288ab97817271b28edc96ef92283c7d08","5692474f7db70ab52a7a71c8af4867609e7e4b43","c3-effect-bytes-v1","","r1-era (per-run harness source hash NOT recorded in r1; src was edited between stages)","2026-10-07T22:54:01.363+08:00"
"e2-hot_disjoint-git_three_way-s31","r1:raw/e2.tgz","git_three_way","baseline_git","","31","1031","dcbc2fb30a5aa7d7a70ca7676b1157d64740bc1237d934908d00f78ffe988e70","sha256:1c985c0afddd1d2d","1adbe9eef7aad766b14e37f8afb7b4c288ab97817271b28edc96ef92283c7d08","5692474f7db70ab52a7a71c8af4867609e7e4b43","c3-effect-bytes-v1","","r1-era (per-run harness source hash NOT recorded in r1; src was edited between stages)","2026-10-07T22:54:02.253+08:00"
"e2-hot_disjoint-git_three_way-s37","r1:raw/e2.tgz","git_three_way","baseline_git","","37","1037","8202a010302bbf2c2f21b11ab710bc848e7ddf2afe18e1a695f9d61431057742","sha256:1c985c0afddd1d2d","1adbe9eef7aad766b14e37f8afb7b4c288ab97817271b28edc96ef92283c7d08","5692474f7db70ab52a7a71c8af4867609e7e4b43","c3-effect-bytes-v1","","r1-era (per-run harness source hash NOT recorded in r1; src was edited between stages)","2026-10-07T22:54:03.273+08:00"
"e2-hot_disjoint-git_three_way-s41","r1:raw/e2.tgz","git_three_way","baseline_git","","41","1041","2cfaf7a450d1708ae6cf1ff037b04cd548c926e55bbb6213af6c6e1d66ad0c43","sha256:1c985c0afddd1d2d","1adbe9eef7aad766b14e37f8afb7b4c288ab97817271b28edc96ef92283c7d08","5692474f7db70ab52a7a71c8af4867609e7e4b43","c3-effect-bytes-v1","","r1-era (per-run harness source hash NOT recorded in r1; src was edited between stages)","2026-10-07T22:54:04.304+08:00"
"e2-hot_disjoint-git_three_way-s43","r1:raw/e2.tgz","git_three_way","baseline_git","","43","1043","d3df47f40b0b0485330a17dc23fdb206ce1482cdc1662badc429969230eb5535","sha256:1c985c0afddd1d2d","1adbe9eef7aad766b14e37f8afb7b4c288ab97817271b28edc96ef92283c7d08","5692474f7db70ab52a7a71c8af4867609e7e4b43","c3-effect-bytes-v1","","r1-era (per-run harness source hash NOT recorded in r1; src was edited between stages)","2026-10-07T22:54:05.447+08:00"
"e2-hot_disjoint-git_three_way-s47","r1:raw/e2.tgz","git_three_way","baseline_git","","47","1047","496d97787522f9610529b867ed8009719f49b5fe10eb831a1b464ea5d64ae147","sha256:1c985c0afddd1d2d","1adbe9eef7aad766b14e37f8afb7b4c288ab97817271b28edc96ef92283c7d08","5692474f7db70ab52a7a71c8af4867609e7e4b43","c3-effect-bytes-v1","","r1-era (per-run harness source hash NOT recorded in r1; src was edited between stages)","2026-10-07T22:54:06.356+08:00"
"e2-hot_disjoint-git_three_way-s53","r1:raw/e2.tgz","git_three_way","baseline_git","","53","1053","b34836e401abfa44d45cd80b73c61af34016bb758c0479ccb87f55635531e479","sha256:1c985c0afddd1d2d","1adbe9eef7aad766b14e37f8afb7b4c288ab97817271b28edc96ef92283c7d08","5692474f7db70ab52a7a71c8af4867609e7e4b43","c3-effect-bytes-v1","","r1-era (per-run harness source hash NOT recorded in r1; src was edited between stages)","2026-10-07T22:54:07.264+08:00"
"e2-hot_disjoint-occ-s11","r1:raw/e2.tgz","occ","baseline_occ","","11","1011","5677911daed8d36b8ec662552cb05c8ef5a4bcd808007777ff650ffb2f0e4726","sha256:1c985c0afddd1d2d","da55d17bc00fe99e096e3130d67f17008c009dbeaa05807d1493ec85b8646c7b","5692474f7db70ab52a7a71c8af4867609e7e4b43","c3-effect-bytes-v1","","r1-era (per-run harness source hash NOT recorded in r1; src was edited between stages)","2026-10-07T22:53:55.466+08:00"
"e2-hot_disjoint-occ-s17","r1:raw/e2.tgz","occ","baseline_occ","","17","1017","8813a8ee3e87f70b20ed4d4024e6794266d321e943e69617bf139a0a7b9dea19","sha256:1c985c0afddd1d2d","da55d17bc00fe99e096e3130d67f17008c009dbeaa05807d1493ec85b8646c7b","5692474f7db70ab52a7a71c8af4867609e7e4b43","c3-effect-bytes-v1","","r1-era (per-run harness source hash NOT recorded in r1; src was edited between stages)","2026-10-07T22:53:55.794+08:00"
"e2-hot_disjoint-occ-s23","r1:raw/e2.tgz","occ","baseline_occ","","23","1023","02e3e2fdb33ffea8acabf1f0df5cbe2d1f8638f6432213b0d7118d420e750fcb","sha256:1c985c0afddd1d2d","da55d17bc00fe99e096e3130d67f17008c009dbeaa05807d1493ec85b8646c7b","5692474f7db70ab52a7a71c8af4867609e7e4b43","c3-effect-bytes-v1","","r1-era (per-run harness source hash NOT recorded in r1; src was edited between stages)","2026-10-07T22:53:56.141+08:00"
"e2-hot_disjoint-occ-s29","r1:raw/e2.tgz","occ","baseline_occ","","29","1029","26e97b958793c22d1b9f381989f9d22b30cdd1209692c9af7550774925140b0a","sha256:1c985c0afddd1d2d","da55d17bc00fe99e096e3130d67f17008c009dbeaa05807d1493ec85b8646c7b","5692474f7db70ab52a7a71c8af4867609e7e4b43","c3-effect-bytes-v1","","r1-era (per-run harness source hash NOT recorded in r1; src was edited between stages)","2026-10-07T22:53:56.446+08:00"
"e2-hot_disjoint-occ-s31","r1:raw/e2.tgz","occ","baseline_occ","","31","1031","dcbc2fb30a5aa7d7a70ca7676b1157d64740bc1237d934908d00f78ffe988e70","sha256:1c985c0afddd1d2d","da55d17bc00fe99e096e3130d67f17008c009dbeaa05807d1493ec85b8646c7b","5692474f7db70ab52a7a71c8af4867609e7e4b43","c3-effect-bytes-v1","","r1-era (per-run harness source hash NOT recorded in r1; src was edited between stages)","2026-10-07T22:53:56.770+08:00"
"e2-hot_disjoint-occ-s37","r1:raw/e2.tgz","occ","baseline_occ","","37","1037","8202a010302bbf2c2f21b11ab710bc848e7ddf2afe18e1a695f9d61431057742","sha256:1c985c0afddd1d2d","da55d17bc00fe99e096e3130d67f17008c009dbeaa05807d1493ec85b8646c7b","5692474f7db70ab52a7a71c8af4867609e7e4b43","c3-effect-bytes-v1","","r1-era (per-run harness source hash NOT recorded in r1; src was edited between stages)","2026-10-07T22:53:57.109+08:00"
"e2-hot_disjoint-occ-s41","r1:raw/e2.tgz","occ","baseline_occ","","41","1041","2cfaf7a450d1708ae6cf1ff037b04cd548c926e55bbb6213af6c6e1d66ad0c43","sha256:1c985c0afddd1d2d","da55d17bc00fe99e096e3130d67f17008c009dbeaa05807d1493ec85b8646c7b","5692474f7db70ab52a7a71c8af4867609e7e4b43","c3-effect-bytes-v1","","r1-era (per-run harness source hash NOT recorded in r1; src was edited between stages)","2026-10-07T22:53:57.446+08:00"
"e2-hot_disjoint-occ-s43","r1:raw/e2.tgz","occ","baseline_occ","","43","1043","d3df47f40b0b0485330a17dc23fdb206ce1482cdc1662badc429969230eb5535","sha256:1c985c0afddd1d2d","da55d17bc00fe99e096e3130d67f17008c009dbeaa05807d1493ec85b8646c7b","5692474f7db70ab52a7a71c8af4867609e7e4b43","c3-effect-bytes-v1","","r1-era (per-run harness source hash NOT recorded in r1; src was edited between stages)","2026-10-07T22:53:57.786+08:00"
"e2-hot_disjoint-occ-s47","r1:raw/e2.tgz","occ","baseline_occ","","47","1047","496d97787522f9610529b867ed8009719f49b5fe10eb831a1b464ea5d64ae147","sha256:1c985c0afddd1d2d","da55d17bc00fe99e096e3130d67f17008c009dbeaa05807d1493ec85b8646c7b","5692474f7db70ab52a7a71c8af4867609e7e4b43","c3-effect-bytes-v1","","r1-era (per-run harness source hash NOT recorded in r1; src was edited between stages)","2026-10-07T22:53:58.149+08:00"
"e2-hot_disjoint-occ-s53","r1:raw/e2.tgz","occ","baseline_occ","","53","1053","b34836e401abfa44d45cd80b73c61af34016bb758c0479ccb87f55635531e479","sha256:1c985c0afddd1d2d","da55d17bc00fe99e096e3130d67f17008c009dbeaa05807d1493ec85b8646c7b","5692474f7db70ab52a7a71c8af4867609e7e4b43","c3-effect-bytes-v1","","r1-era (per-run harness source hash NOT recorded in r1; src was edited between stages)","2026-10-07T22:53:58.468+08:00"
"e2-hot_disjoint-steward-s11","r1:raw/e2.tgz","steward","main_method","","11","1011","5677911daed8d36b8ec662552cb05c8ef5a4bcd808007777ff650ffb2f0e4726","sha256:1c985c0afddd1d2d","930e9e3bac53b360e66b9195ba4743b7a6ee11fa129e2a32a0c996b7b20aa317","5692474f7db70ab52a7a71c8af4867609e7e4b43","c3-effect-bytes-v1","","r1-era (per-run harness source hash NOT recorded in r1; src was edited between stages)","2026-10-07T22:53:45.627+08:00"
"e2-hot_disjoint-steward-s17","r1:raw/e2.tgz","steward","main_method","","17","1017","8813a8ee3e87f70b20ed4d4024e6794266d321e943e69617bf139a0a7b9dea19","sha256:1c985c0afddd1d2d","930e9e3bac53b360e66b9195ba4743b7a6ee11fa129e2a32a0c996b7b20aa317","5692474f7db70ab52a7a71c8af4867609e7e4b43","c3-effect-bytes-v1","","r1-era (per-run harness source hash NOT recorded in r1; src was edited between stages)","2026-10-07T22:53:46.331+08:00"
"e2-hot_disjoint-steward-s23","r1:raw/e2.tgz","steward","main_method","","23","1023","02e3e2fdb33ffea8acabf1f0df5cbe2d1f8638f6432213b0d7118d420e750fcb","sha256:1c985c0afddd1d2d","930e9e3bac53b360e66b9195ba4743b7a6ee11fa129e2a32a0c996b7b20aa317","5692474f7db70ab52a7a71c8af4867609e7e4b43","c3-effect-bytes-v1","","r1-era (per-run harness source hash NOT recorded in r1; src was edited between stages)","2026-10-07T22:53:47.020+08:00"
"e2-hot_disjoint-steward-s29","r1:raw/e2.tgz","steward","main_method","","29","1029","26e97b958793c22d1b9f381989f9d22b30cdd1209692c9af7550774925140b0a","sha256:1c985c0afddd1d2d","930e9e3bac53b360e66b9195ba4743b7a6ee11fa129e2a32a0c996b7b20aa317","5692474f7db70ab52a7a71c8af4867609e7e4b43","c3-effect-bytes-v1","","r1-era (per-run harness source hash NOT recorded in r1; src was edited between stages)","2026-10-07T22:53:47.599+08:00"
"e2-hot_disjoint-steward-s31","r1:raw/e2.tgz","steward","main_method","","31","1031","dcbc2fb30a5aa7d7a70ca7676b1157d64740bc1237d934908d00f78ffe988e70","sha256:1c985c0afddd1d2d","930e9e3bac53b360e66b9195ba4743b7a6ee11fa129e2a32a0c996b7b20aa317","5692474f7db70ab52a7a71c8af4867609e7e4b43","c3-effect-bytes-v1","","r1-era (per-run harness source hash NOT recorded in r1; src was edited between stages)","2026-10-07T22:53:48.164+08:00"
"e2-hot_disjoint-steward-s37","r1:raw/e2.tgz","steward","main_method","","37","1037","8202a010302bbf2c2f21b11ab710bc848e7ddf2afe18e1a695f9d61431057742","sha256:1c985c0afddd1d2d","930e9e3bac53b360e66b9195ba4743b7a6ee11fa129e2a32a0c996b7b20aa317","5692474f7db70ab52a7a71c8af4867609e7e4b43","c3-effect-bytes-v1","","r1-era (per-run harness source hash NOT recorded in r1; src was edited between stages)","2026-10-07T22:53:48.790+08:00"
"e2-hot_disjoint-steward-s41","r1:raw/e2.tgz","steward","main_method","","41","1041","2cfaf7a450d1708ae6cf1ff037b04cd548c926e55bbb6213af6c6e1d66ad0c43","sha256:1c985c0afddd1d2d","930e9e3bac53b360e66b9195ba4743b7a6ee11fa129e2a32a0c996b7b20aa317","5692474f7db70ab52a7a71c8af4867609e7e4b43","c3-effect-bytes-v1","","r1-era (per-run harness source hash NOT recorded in r1; src was edited between stages)","2026-10-07T22:53:49.321+08:00"
"e2-hot_disjoint-steward-s43","r1:raw/e2.tgz","steward","main_method","","43","1043","d3df47f40b0b0485330a17dc23fdb206ce1482cdc1662badc429969230eb5535","sha256:1c985c0afddd1d2d","930e9e3bac53b360e66b9195ba4743b7a6ee11fa129e2a32a0c996b7b20aa317","5692474f7db70ab52a7a71c8af4867609e7e4b43","c3-effect-bytes-v1","","r1-era (per-run harness source hash NOT recorded in r1; src was edited between stages)","2026-10-07T22:53:49.970+08:00"
"e2-hot_disjoint-steward-s47","r1:raw/e2.tgz","steward","main_method","","47","1047","496d97787522f9610529b867ed8009719f49b5fe10eb831a1b464ea5d64ae147","sha256:1c985c0afddd1d2d","930e9e3bac53b360e66b9195ba4743b7a6ee11fa129e2a32a0c996b7b20aa317","5692474f7db70ab52a7a71c8af4867609e7e4b43","c3-effect-bytes-v1","","r1-era (per-run harness source hash NOT recorded in r1; src was edited between stages)","2026-10-07T22:53:50.722+08:00"
"e2-hot_disjoint-steward-s53","r1:raw/e2.tgz","steward","main_method","","53","1053","b34836e401abfa44d45cd80b73c61af34016bb758c0479ccb87f55635531e479","sha256:1c985c0afddd1d2d","930e9e3bac53b360e66b9195ba4743b7a6ee11fa129e2a32a0c996b7b20aa317","5692474f7db70ab52a7a71c8af4867609e7e4b43","c3-effect-bytes-v1","","r1-era (per-run harness source hash NOT recorded in r1; src was edited between stages)","2026-10-07T22:53:51.407+08:00"
"e3-cold-steward-w0-s11","r1:raw/e3.tgz","steward","main_method","","11","1011","c18392aadaef159cfbee4ceefdc184dfa25c1e3785f831369490a8298477af7a","sha256:1c985c0afddd1d2d","ea8583390890748c7a606ed3ee0f254cc98b9b8f336d531c9fe1e153f5bfcd03","5692474f7db70ab52a7a71c8af4867609e7e4b43","c3-effect-bytes-v1","","r1-era (per-run harness source hash NOT recorded in r1; src was edited between stages)","2026-10-07T23:15:43.872+08:00"
"e3-cold-steward-w0-s17","r1:raw/e3.tgz","steward","main_method","","17","1017","a2cf945a96a60dbce25a8d1271ea44122c84164f04f8a5efb2d6b3b014517947","sha256:1c985c0afddd1d2d","ea8583390890748c7a606ed3ee0f254cc98b9b8f336d531c9fe1e153f5bfcd03","5692474f7db70ab52a7a71c8af4867609e7e4b43","c3-effect-bytes-v1","","r1-era (per-run harness source hash NOT recorded in r1; src was edited between stages)","2026-10-07T23:15:44.483+08:00"
"e3-cold-steward-w0-s23","r1:raw/e3.tgz","steward","main_method","","23","1023","d2975b3af15b46288316351cc08d2fb74d7a311c8ae3807bcbc0f956d6b57027","sha256:1c985c0afddd1d2d","ea8583390890748c7a606ed3ee0f254cc98b9b8f336d531c9fe1e153f5bfcd03","5692474f7db70ab52a7a71c8af4867609e7e4b43","c3-effect-bytes-v1","","r1-era (per-run harness source hash NOT recorded in r1; src was edited between stages)","2026-10-07T23:15:45.245+08:00"
"e3-cold-steward-w0-s29","r1:raw/e3.tgz","steward","main_method","","29","1029","cd669106738db46b08b33316a58a787974eab5547cfa1663e1a9ca7f95a7b136","sha256:1c985c0afddd1d2d","ea8583390890748c7a606ed3ee0f254cc98b9b8f336d531c9fe1e153f5bfcd03","5692474f7db70ab52a7a71c8af4867609e7e4b43","c3-effect-bytes-v1","","r1-era (per-run harness source hash NOT recorded in r1; src was edited between stages)","2026-10-07T23:15:45.959+08:00"
"e3-cold-steward-w0-s31","r1:raw/e3.tgz","steward","main_method","","31","1031","67c882527761f3c1c8dcc0f003e3a31c3b7c42514fd7108f336e988750dc4e86","sha256:1c985c0afddd1d2d","ea8583390890748c7a606ed3ee0f254cc98b9b8f336d531c9fe1e153f5bfcd03","5692474f7db70ab52a7a71c8af4867609e7e4b43","c3-effect-bytes-v1","","r1-era (per-run harness source hash NOT recorded in r1; src was edited between stages)","2026-10-07T23:15:46.547+08:00"
"e3-cold-steward-w100-s11","r1:raw/e3.tgz","steward","main_method","","11","1011","c18392aadaef159cfbee4ceefdc184dfa25c1e3785f831369490a8298477af7a","sha256:1c985c0afddd1d2d","31777e45eab889bd5733a0435f35b62d6741ad1a31d81f28e8bc9c27e0cf172d","5692474f7db70ab52a7a71c8af4867609e7e4b43","c3-effect-bytes-v1","","r1-era (per-run harness source hash NOT recorded in r1; src was edited between stages)","2026-10-07T23:15:52.710+08:00"
"e3-cold-steward-w100-s17","r1:raw/e3.tgz","steward","main_method","","17","1017","a2cf945a96a60dbce25a8d1271ea44122c84164f04f8a5efb2d6b3b014517947","sha256:1c985c0afddd1d2d","31777e45eab889bd5733a0435f35b62d6741ad1a31d81f28e8bc9c27e0cf172d","5692474f7db70ab52a7a71c8af4867609e7e4b43","c3-effect-bytes-v1","","r1-era (per-run harness source hash NOT recorded in r1; src was edited between stages)","2026-10-07T23:15:53.303+08:00"
"e3-cold-steward-w100-s23","r1:raw/e3.tgz","steward","main_method","","23","1023","d2975b3af15b46288316351cc08d2fb74d7a311c8ae3807bcbc0f956d6b57027","sha256:1c985c0afddd1d2d","31777e45eab889bd5733a0435f35b62d6741ad1a31d81f28e8bc9c27e0cf172d","5692474f7db70ab52a7a71c8af4867609e7e4b43","c3-effect-bytes-v1","","r1-era (per-run harness source hash NOT recorded in r1; src was edited between stages)","2026-10-07T23:15:53.839+08:00"
"e3-cold-steward-w100-s29","r1:raw/e3.tgz","steward","main_method","","29","1029","cd669106738db46b08b33316a58a787974eab5547cfa1663e1a9ca7f95a7b136","sha256:1c985c0afddd1d2d","31777e45eab889bd5733a0435f35b62d6741ad1a31d81f28e8bc9c27e0cf172d","5692474f7db70ab52a7a71c8af4867609e7e4b43","c3-effect-bytes-v1","","r1-era (per-run harness source hash NOT recorded in r1; src was edited between stages)","2026-10-07T23:15:54.347+08:00"
"e3-cold-steward-w100-s31","r1:raw/e3.tgz","steward","main_method","","31","1031","67c882527761f3c1c8dcc0f003e3a31c3b7c42514fd7108f336e988750dc4e86","sha256:1c985c0afddd1d2d","31777e45eab889bd5733a0435f35b62d6741ad1a31d81f28e8bc9c27e0cf172d","5692474f7db70ab52a7a71c8af4867609e7e4b43","c3-effect-bytes-v1","","r1-era (per-run harness source hash NOT recorded in r1; src was edited between stages)","2026-10-07T23:15:54.914+08:00"
"e3-cold-steward-w200-s11","r1:raw/e3.tgz","steward","main_method","","11","1011","c18392aadaef159cfbee4ceefdc184dfa25c1e3785f831369490a8298477af7a","sha256:1c985c0afddd1d2d","07ae1761ff6903859773a69955f25d18276c895f175f4d17b3d7ac1ac1de32a4","5692474f7db70ab52a7a71c8af4867609e7e4b43","c3-effect-bytes-v1","","r1-era (per-run harness source hash NOT recorded in r1; src was edited between stages)","2026-10-07T23:15:55.481+08:00"
"e3-cold-steward-w200-s17","r1:raw/e3.tgz","steward","main_method","","17","1017","a2cf945a96a60dbce25a8d1271ea44122c84164f04f8a5efb2d6b3b014517947","sha256:1c985c0afddd1d2d","07ae1761ff6903859773a69955f25d18276c895f175f4d17b3d7ac1ac1de32a4","5692474f7db70ab52a7a71c8af4867609e7e4b43","c3-effect-bytes-v1","","r1-era (per-run harness source hash NOT recorded in r1; src was edited between stages)","2026-10-07T23:15:56.042+08:00"
"e3-cold-steward-w200-s23","r1:raw/e3.tgz","steward","main_method","","23","1023","d2975b3af15b46288316351cc08d2fb74d7a311c8ae3807bcbc0f956d6b57027","sha256:1c985c0afddd1d2d","07ae1761ff6903859773a69955f25d18276c895f175f4d17b3d7ac1ac1de32a4","5692474f7db70ab52a7a71c8af4867609e7e4b43","c3-effect-bytes-v1","","r1-era (per-run harness source hash NOT recorded in r1; src was edited between stages)","2026-10-07T23:15:56.569+08:00"
"e3-cold-steward-w200-s29","r1:raw/e3.tgz","steward","main_method","","29","1029","cd669106738db46b08b33316a58a787974eab5547cfa1663e1a9ca7f95a7b136","sha256:1c985c0afddd1d2d","07ae1761ff6903859773a69955f25d18276c895f175f4d17b3d7ac1ac1de32a4","5692474f7db70ab52a7a71c8af4867609e7e4b43","c3-effect-bytes-v1","","r1-era (per-run harness source hash NOT recorded in r1; src was edited between stages)","2026-10-07T23:15:57.083+08:00"
"e3-cold-steward-w200-s31","r1:raw/e3.tgz","steward","main_method","","31","1031","67c882527761f3c1c8dcc0f003e3a31c3b7c42514fd7108f336e988750dc4e86","sha256:1c985c0afddd1d2d","07ae1761ff6903859773a69955f25d18276c895f175f4d17b3d7ac1ac1de32a4","5692474f7db70ab52a7a71c8af4867609e7e4b43","c3-effect-bytes-v1","","r1-era (per-run harness source hash NOT recorded in r1; src was edited between stages)","2026-10-07T23:15:57.663+08:00"
"e3-cold-steward-w25-s11","r1:raw/e3.tgz","steward","main_method","","11","1011","c18392aadaef159cfbee4ceefdc184dfa25c1e3785f831369490a8298477af7a","sha256:1c985c0afddd1d2d","c4a826de26dab52a3a18af4b0369bc078a58b9ce121ca76cfeb1ad166ddae666","5692474f7db70ab52a7a71c8af4867609e7e4b43","c3-effect-bytes-v1","","r1-era (per-run harness source hash NOT recorded in r1; src was edited between stages)","2026-10-07T23:15:47.144+08:00"
"e3-cold-steward-w25-s17","r1:raw/e3.tgz","steward","main_method","","17","1017","a2cf945a96a60dbce25a8d1271ea44122c84164f04f8a5efb2d6b3b014517947","sha256:1c985c0afddd1d2d","c4a826de26dab52a3a18af4b0369bc078a58b9ce121ca76cfeb1ad166ddae666","5692474f7db70ab52a7a71c8af4867609e7e4b43","c3-effect-bytes-v1","","r1-era (per-run harness source hash NOT recorded in r1; src was edited between stages)","2026-10-07T23:15:47.741+08:00"
"e3-cold-steward-w25-s23","r1:raw/e3.tgz","steward","main_method","","23","1023","d2975b3af15b46288316351cc08d2fb74d7a311c8ae3807bcbc0f956d6b57027","sha256:1c985c0afddd1d2d","c4a826de26dab52a3a18af4b0369bc078a58b9ce121ca76cfeb1ad166ddae666","5692474f7db70ab52a7a71c8af4867609e7e4b43","c3-effect-bytes-v1","","r1-era (per-run harness source hash NOT recorded in r1; src was edited between stages)","2026-10-07T23:15:48.279+08:00"
"e3-cold-steward-w25-s29","r1:raw/e3.tgz","steward","main_method","","29","1029","cd669106738db46b08b33316a58a787974eab5547cfa1663e1a9ca7f95a7b136","sha256:1c985c0afddd1d2d","c4a826de26dab52a3a18af4b0369bc078a58b9ce121ca76cfeb1ad166ddae666","5692474f7db70ab52a7a71c8af4867609e7e4b43","c3-effect-bytes-v1","","r1-era (per-run harness source hash NOT recorded in r1; src was edited between stages)","2026-10-07T23:15:48.814+08:00"
"e3-cold-steward-w25-s31","r1:raw/e3.tgz","steward","main_method","","31","1031","67c882527761f3c1c8dcc0f003e3a31c3b7c42514fd7108f336e988750dc4e86","sha256:1c985c0afddd1d2d","c4a826de26dab52a3a18af4b0369bc078a58b9ce121ca76cfeb1ad166ddae666","5692474f7db70ab52a7a71c8af4867609e7e4b43","c3-effect-bytes-v1","","r1-era (per-run harness source hash NOT recorded in r1; src was edited between stages)","2026-10-07T23:15:49.389+08:00"
"e3-cold-steward-w400-s11","r1:raw/e3.tgz","steward","main_method","","11","1011","c18392aadaef159cfbee4ceefdc184dfa25c1e3785f831369490a8298477af7a","sha256:1c985c0afddd1d2d","f7de1d990600485c77cde9266114cd9b71697555f94473ab4c2f82249dfddc7d","5692474f7db70ab52a7a71c8af4867609e7e4b43","c3-effect-bytes-v1","","r1-era (per-run harness source hash NOT recorded in r1; src was edited between stages)","2026-10-07T23:15:58.246+08:00"
"e3-cold-steward-w400-s17","r1:raw/e3.tgz","steward","main_method","","17","1017","a2cf945a96a60dbce25a8d1271ea44122c84164f04f8a5efb2d6b3b014517947","sha256:1c985c0afddd1d2d","f7de1d990600485c77cde9266114cd9b71697555f94473ab4c2f82249dfddc7d","5692474f7db70ab52a7a71c8af4867609e7e4b43","c3-effect-bytes-v1","","r1-era (per-run harness source hash NOT recorded in r1; src was edited between stages)","2026-10-07T23:15:58.845+08:00"
"e3-cold-steward-w400-s23","r1:raw/e3.tgz","steward","main_method","","23","1023","d2975b3af15b46288316351cc08d2fb74d7a311c8ae3807bcbc0f956d6b57027","sha256:1c985c0afddd1d2d","f7de1d990600485c77cde9266114cd9b71697555f94473ab4c2f82249dfddc7d","5692474f7db70ab52a7a71c8af4867609e7e4b43","c3-effect-bytes-v1","","r1-era (per-run harness source hash NOT recorded in r1; src was edited between stages)","2026-10-07T23:15:59.399+08:00"
"e3-cold-steward-w400-s29","r1:raw/e3.tgz","steward","main_method","","29","1029","cd669106738db46b08b33316a58a787974eab5547cfa1663e1a9ca7f95a7b136","sha256:1c985c0afddd1d2d","f7de1d990600485c77cde9266114cd9b71697555f94473ab4c2f82249dfddc7d","5692474f7db70ab52a7a71c8af4867609e7e4b43","c3-effect-bytes-v1","","r1-era (per-run harness source hash NOT recorded in r1; src was edited between stages)","2026-10-07T23:15:59.914+08:00"
"e3-cold-steward-w400-s31","r1:raw/e3.tgz","steward","main_method","","31","1031","67c882527761f3c1c8dcc0f003e3a31c3b7c42514fd7108f336e988750dc4e86","sha256:1c985c0afddd1d2d","f7de1d990600485c77cde9266114cd9b71697555f94473ab4c2f82249dfddc7d","5692474f7db70ab52a7a71c8af4867609e7e4b43","c3-effect-bytes-v1","","r1-era (per-run harness source hash NOT recorded in r1; src was edited between stages)","2026-10-07T23:16:00.480+08:00"
"e3-cold-steward-w50-s11","r1:raw/e3.tgz","steward","main_method","","11","1011","c18392aadaef159cfbee4ceefdc184dfa25c1e3785f831369490a8298477af7a","sha256:1c985c0afddd1d2d","7a4f5d4122b06eeb60ccee8188e7b08d468687689a6f2c3e5b07717ab4ec06da","5692474f7db70ab52a7a71c8af4867609e7e4b43","c3-effect-bytes-v1","","r1-era (per-run harness source hash NOT recorded in r1; src was edited between stages)","2026-10-07T23:15:49.950+08:00"
"e3-cold-steward-w50-s17","r1:raw/e3.tgz","steward","main_method","","17","1017","a2cf945a96a60dbce25a8d1271ea44122c84164f04f8a5efb2d6b3b014517947","sha256:1c985c0afddd1d2d","7a4f5d4122b06eeb60ccee8188e7b08d468687689a6f2c3e5b07717ab4ec06da","5692474f7db70ab52a7a71c8af4867609e7e4b43","c3-effect-bytes-v1","","r1-era (per-run harness source hash NOT recorded in r1; src was edited between stages)","2026-10-07T23:15:50.521+08:00"
"e3-cold-steward-w50-s23","r1:raw/e3.tgz","steward","main_method","","23","1023","d2975b3af15b46288316351cc08d2fb74d7a311c8ae3807bcbc0f956d6b57027","sha256:1c985c0afddd1d2d","7a4f5d4122b06eeb60ccee8188e7b08d468687689a6f2c3e5b07717ab4ec06da","5692474f7db70ab52a7a71c8af4867609e7e4b43","c3-effect-bytes-v1","","r1-era (per-run harness source hash NOT recorded in r1; src was edited between stages)","2026-10-07T23:15:51.050+08:00"
"e3-cold-steward-w50-s29","r1:raw/e3.tgz","steward","main_method","","29","1029","cd669106738db46b08b33316a58a787974eab5547cfa1663e1a9ca7f95a7b136","sha256:1c985c0afddd1d2d","7a4f5d4122b06eeb60ccee8188e7b08d468687689a6f2c3e5b07717ab4ec06da","5692474f7db70ab52a7a71c8af4867609e7e4b43","c3-effect-bytes-v1","","r1-era (per-run harness source hash NOT recorded in r1; src was edited between stages)","2026-10-07T23:15:51.589+08:00"
"e3-cold-steward-w50-s31","r1:raw/e3.tgz","steward","main_method","","31","1031","67c882527761f3c1c8dcc0f003e3a31c3b7c42514fd7108f336e988750dc4e86","sha256:1c985c0afddd1d2d","7a4f5d4122b06eeb60ccee8188e7b08d468687689a6f2c3e5b07717ab4ec06da","5692474f7db70ab52a7a71c8af4867609e7e4b43","c3-effect-bytes-v1","","r1-era (per-run harness source hash NOT recorded in r1; src was edited between stages)","2026-10-07T23:15:52.147+08:00"
"e3-hot_conflict-bare_composer-w0-s11","r1:raw/e3.tgz","bare_composer","baseline_bare_composer","","11","1011","fc5b627655c3f6812b54ada476a3a6b03fe3c26772b6f7d2206f6e1310a52d56","sha256:1c985c0afddd1d2d","0e5e59c7ff15b70b43726fb7387400de8ba1bf3d183bc5b8d596bac51152952f","5692474f7db70ab52a7a71c8af4867609e7e4b43","c3-effect-bytes-v1","","r1-era (per-run harness source hash NOT recorded in r1; src was edited between stages)","2026-10-07T23:16:47.324+08:00"
"e3-hot_conflict-bare_composer-w0-s17","r1:raw/e3.tgz","bare_composer","baseline_bare_composer","","17","1017","3f9886d4bb1e8a90285304407c1997e70de728f917a84e6bd926893139c3d477","sha256:1c985c0afddd1d2d","0e5e59c7ff15b70b43726fb7387400de8ba1bf3d183bc5b8d596bac51152952f","5692474f7db70ab52a7a71c8af4867609e7e4b43","c3-effect-bytes-v1","","r1-era (per-run harness source hash NOT recorded in r1; src was edited between stages)","2026-10-07T23:16:47.818+08:00"
"e3-hot_conflict-bare_composer-w0-s23","r1:raw/e3.tgz","bare_composer","baseline_bare_composer","","23","1023","ca6db1244fd58207ef8cdbb8f95ca92837079cfc0514fdfa0fd75b1ba2d07dfe","sha256:1c985c0afddd1d2d","0e5e59c7ff15b70b43726fb7387400de8ba1bf3d183bc5b8d596bac51152952f","5692474f7db70ab52a7a71c8af4867609e7e4b43","c3-effect-bytes-v1","","r1-era (per-run harness source hash NOT recorded in r1; src was edited between stages)","2026-10-07T23:16:48.274+08:00"
"e3-hot_conflict-bare_composer-w0-s29","r1:raw/e3.tgz","bare_composer","baseline_bare_composer","","29","1029","2857cfb1e17a6b24609b8f48a46dc089ef0aacb0024ff885da30847fedb34f12","sha256:1c985c0afddd1d2d","0e5e59c7ff15b70b43726fb7387400de8ba1bf3d183bc5b8d596bac51152952f","5692474f7db70ab52a7a71c8af4867609e7e4b43","c3-effect-bytes-v1","","r1-era (per-run harness source hash NOT recorded in r1; src was edited between stages)","2026-10-07T23:16:48.734+08:00"
"e3-hot_conflict-bare_composer-w0-s31","r1:raw/e3.tgz","bare_composer","baseline_bare_composer","","31","1031","68aa8e19b42012661b4a6000c0b924a55d59a7f80432dd01c9ef8906d8573034","sha256:1c985c0afddd1d2d","0e5e59c7ff15b70b43726fb7387400de8ba1bf3d183bc5b8d596bac51152952f","5692474f7db70ab52a7a71c8af4867609e7e4b43","c3-effect-bytes-v1","","r1-era (per-run harness source hash NOT recorded in r1; src was edited between stages)","2026-10-07T23:16:49.199+08:00"
"e3-hot_conflict-bare_composer-w100-s11","r1:raw/e3.tgz","bare_composer","baseline_bare_composer","","11","1011","fc5b627655c3f6812b54ada476a3a6b03fe3c26772b6f7d2206f6e1310a52d56","sha256:1c985c0afddd1d2d","03ef557854c26a39c2eb8372f9d1146a1484b6dde27eb212d1b95ea84a0ea28d","5692474f7db70ab52a7a71c8af4867609e7e4b43","c3-effect-bytes-v1","","r1-era (per-run harness source hash NOT recorded in r1; src was edited between stages)","2026-10-07T23:16:56.050+08:00"
"e3-hot_conflict-bare_composer-w100-s17","r1:raw/e3.tgz","bare_composer","baseline_bare_composer","","17","1017","3f9886d4bb1e8a90285304407c1997e70de728f917a84e6bd926893139c3d477","sha256:1c985c0afddd1d2d","03ef557854c26a39c2eb8372f9d1146a1484b6dde27eb212d1b95ea84a0ea28d","5692474f7db70ab52a7a71c8af4867609e7e4b43","c3-effect-bytes-v1","","r1-era (per-run harness source hash NOT recorded in r1; src was edited between stages)","2026-10-07T23:16:57.011+08:00"
"e3-hot_conflict-bare_composer-w100-s23","r1:raw/e3.tgz","bare_composer","baseline_bare_composer","","23","1023","ca6db1244fd58207ef8cdbb8f95ca92837079cfc0514fdfa0fd75b1ba2d07dfe","sha256:1c985c0afddd1d2d","03ef557854c26a39c2eb8372f9d1146a1484b6dde27eb212d1b95ea84a0ea28d","5692474f7db70ab52a7a71c8af4867609e7e4b43","c3-effect-bytes-v1","","r1-era (per-run harness source hash NOT recorded in r1; src was edited between stages)","2026-10-07T23:16:57.956+08:00"
"e3-hot_conflict-bare_composer-w100-s29","r1:raw/e3.tgz","bare_composer","baseline_bare_composer","","29","1029","2857cfb1e17a6b24609b8f48a46dc089ef0aacb0024ff885da30847fedb34f12","sha256:1c985c0afddd1d2d","03ef557854c26a39c2eb8372f9d1146a1484b6dde27eb212d1b95ea84a0ea28d","5692474f7db70ab52a7a71c8af4867609e7e4b43","c3-effect-bytes-v1","","r1-era (per-run harness source hash NOT recorded in r1; src was edited between stages)","2026-10-07T23:16:58.926+08:00"
"e3-hot_conflict-bare_composer-w100-s31","r1:raw/e3.tgz","bare_composer","baseline_bare_composer","","31","1031","68aa8e19b42012661b4a6000c0b924a55d59a7f80432dd01c9ef8906d8573034","sha256:1c985c0afddd1d2d","03ef557854c26a39c2eb8372f9d1146a1484b6dde27eb212d1b95ea84a0ea28d","5692474f7db70ab52a7a71c8af4867609e7e4b43","c3-effect-bytes-v1","","r1-era (per-run harness source hash NOT recorded in r1; src was edited between stages)","2026-10-07T23:16:59.884+08:00"
"e3-hot_conflict-bare_composer-w200-s11","r1:raw/e3.tgz","bare_composer","baseline_bare_composer","","11","1011","fc5b627655c3f6812b54ada476a3a6b03fe3c26772b6f7d2206f6e1310a52d56","sha256:1c985c0afddd1d2d","43ade499db8aea61537a08f5166265c25142a8863011925b29b2510334eafe3f","5692474f7db70ab52a7a71c8af4867609e7e4b43","c3-effect-bytes-v1","","r1-era (per-run harness source hash NOT recorded in r1; src was edited between stages)","2026-10-07T23:17:00.812+08:00"
"e3-hot_conflict-bare_composer-w200-s17","r1:raw/e3.tgz","bare_composer","baseline_bare_composer","","17","1017","3f9886d4bb1e8a90285304407c1997e70de728f917a84e6bd926893139c3d477","sha256:1c985c0afddd1d2d","43ade499db8aea61537a08f5166265c25142a8863011925b29b2510334eafe3f","5692474f7db70ab52a7a71c8af4867609e7e4b43","c3-effect-bytes-v1","","r1-era (per-run harness source hash NOT recorded in r1; src was edited between stages)","2026-10-07T23:17:02.302+08:00"
"e3-hot_conflict-bare_composer-w200-s23","r1:raw/e3.tgz","bare_composer","baseline_bare_composer","","23","1023","ca6db1244fd58207ef8cdbb8f95ca92837079cfc0514fdfa0fd75b1ba2d07dfe","sha256:1c985c0afddd1d2d","43ade499db8aea61537a08f5166265c25142a8863011925b29b2510334eafe3f","5692474f7db70ab52a7a71c8af4867609e7e4b43","c3-effect-bytes-v1","","r1-era (per-run harness source hash NOT recorded in r1; src was edited between stages)","2026-10-07T23:17:03.756+08:00"
"e3-hot_conflict-bare_composer-w200-s29","r1:raw/e3.tgz","bare_composer","baseline_bare_composer","","29","1029","2857cfb1e17a6b24609b8f48a46dc089ef0aacb0024ff885da30847fedb34f12","sha256:1c985c0afddd1d2d","43ade499db8aea61537a08f5166265c25142a8863011925b29b2510334eafe3f","5692474f7db70ab52a7a71c8af4867609e7e4b43","c3-effect-bytes-v1","","r1-era (per-run harness source hash NOT recorded in r1; src was edited between stages)","2026-10-07T23:17:05.223+08:00"
"e3-hot_conflict-bare_composer-w200-s31","r1:raw/e3.tgz","bare_composer","baseline_bare_composer","","31","1031","68aa8e19b42012661b4a6000c0b924a55d59a7f80432dd01c9ef8906d8573034","sha256:1c985c0afddd1d2d","43ade499db8aea61537a08f5166265c25142a8863011925b29b2510334eafe3f","5692474f7db70ab52a7a71c8af4867609e7e4b43","c3-effect-bytes-v1","","r1-era (per-run harness source hash NOT recorded in r1; src was edited between stages)","2026-10-07T23:17:06.662+08:00"
"e3-hot_conflict-bare_composer-w25-s11","r1:raw/e3.tgz","bare_composer","baseline_bare_composer","","11","1011","fc5b627655c3f6812b54ada476a3a6b03fe3c26772b6f7d2206f6e1310a52d56","sha256:1c985c0afddd1d2d","d08e4f18713fcdf304bd104ae23ba161cb515858bac1258876faa80b069a7fa3","5692474f7db70ab52a7a71c8af4867609e7e4b43","c3-effect-bytes-v1","","r1-era (per-run harness source hash NOT recorded in r1; src was edited between stages)","2026-10-07T23:16:49.657+08:00"
"e3-hot_conflict-bare_composer-w25-s17","r1:raw/e3.tgz","bare_composer","baseline_bare_composer","","17","1017","3f9886d4bb1e8a90285304407c1997e70de728f917a84e6bd926893139c3d477","sha256:1c985c0afddd1d2d","d08e4f18713fcdf304bd104ae23ba161cb515858bac1258876faa80b069a7fa3","5692474f7db70ab52a7a71c8af4867609e7e4b43","c3-effect-bytes-v1","","r1-era (per-run harness source hash NOT recorded in r1; src was edited between stages)","2026-10-07T23:16:50.237+08:00"
"e3-hot_conflict-bare_composer-w25-s23","r1:raw/e3.tgz","bare_composer","baseline_bare_composer","","23","1023","ca6db1244fd58207ef8cdbb8f95ca92837079cfc0514fdfa0fd75b1ba2d07dfe","sha256:1c985c0afddd1d2d","d08e4f18713fcdf304bd104ae23ba161cb515858bac1258876faa80b069a7fa3","5692474f7db70ab52a7a71c8af4867609e7e4b43","c3-effect-bytes-v1","","r1-era (per-run harness source hash NOT recorded in r1; src was edited between stages)","2026-10-07T23:16:50.803+08:00"
"e3-hot_conflict-bare_composer-w25-s29","r1:raw/e3.tgz","bare_composer","baseline_bare_composer","","29","1029","2857cfb1e17a6b24609b8f48a46dc089ef0aacb0024ff885da30847fedb34f12","sha256:1c985c0afddd1d2d","d08e4f18713fcdf304bd104ae23ba161cb515858bac1258876faa80b069a7fa3","5692474f7db70ab52a7a71c8af4867609e7e4b43","c3-effect-bytes-v1","","r1-era (per-run harness source hash NOT recorded in r1; src was edited between stages)","2026-10-07T23:16:51.376+08:00"
"e3-hot_conflict-bare_composer-w25-s31","r1:raw/e3.tgz","bare_composer","baseline_bare_composer","","31","1031","68aa8e19b42012661b4a6000c0b924a55d59a7f80432dd01c9ef8906d8573034","sha256:1c985c0afddd1d2d","d08e4f18713fcdf304bd104ae23ba161cb515858bac1258876faa80b069a7fa3","5692474f7db70ab52a7a71c8af4867609e7e4b43","c3-effect-bytes-v1","","r1-era (per-run harness source hash NOT recorded in r1; src was edited between stages)","2026-10-07T23:16:51.930+08:00"
"e3-hot_conflict-bare_composer-w400-s11","r1:raw/e3.tgz","bare_composer","baseline_bare_composer","","11","1011","fc5b627655c3f6812b54ada476a3a6b03fe3c26772b6f7d2206f6e1310a52d56","sha256:1c985c0afddd1d2d","8a55a0a1fe3f04c509e76582dacb4fdb257e5cf88585ff1492ba33c790db13ad","5692474f7db70ab52a7a71c8af4867609e7e4b43","c3-effect-bytes-v1","","r1-era (per-run harness source hash NOT recorded in r1; src was edited between stages)","2026-10-07T23:17:08.100+08:00"
"e3-hot_conflict-bare_composer-w400-s17","r1:raw/e3.tgz","bare_composer","baseline_bare_composer","","17","1017","3f9886d4bb1e8a90285304407c1997e70de728f917a84e6bd926893139c3d477","sha256:1c985c0afddd1d2d","8a55a0a1fe3f04c509e76582dacb4fdb257e5cf88585ff1492ba33c790db13ad","5692474f7db70ab52a7a71c8af4867609e7e4b43","c3-effect-bytes-v1","","r1-era (per-run harness source hash NOT recorded in r1; src was edited between stages)","2026-10-07T23:17:10.575+08:00"
"e3-hot_conflict-bare_composer-w400-s23","r1:raw/e3.tgz","bare_composer","baseline_bare_composer","","23","1023","ca6db1244fd58207ef8cdbb8f95ca92837079cfc0514fdfa0fd75b1ba2d07dfe","sha256:1c985c0afddd1d2d","8a55a0a1fe3f04c509e76582dacb4fdb257e5cf88585ff1492ba33c790db13ad","5692474f7db70ab52a7a71c8af4867609e7e4b43","c3-effect-bytes-v1","","r1-era (per-run harness source hash NOT recorded in r1; src was edited between stages)","2026-10-07T23:17:13.057+08:00"
"e3-hot_conflict-bare_composer-w400-s29","r1:raw/e3.tgz","bare_composer","baseline_bare_composer","","29","1029","2857cfb1e17a6b24609b8f48a46dc089ef0aacb0024ff885da30847fedb34f12","sha256:1c985c0afddd1d2d","8a55a0a1fe3f04c509e76582dacb4fdb257e5cf88585ff1492ba33c790db13ad","5692474f7db70ab52a7a71c8af4867609e7e4b43","c3-effect-bytes-v1","","r1-era (per-run harness source hash NOT recorded in r1; src was edited between stages)","2026-10-07T23:17:15.517+08:00"
"e3-hot_conflict-bare_composer-w400-s31","r1:raw/e3.tgz","bare_composer","baseline_bare_composer","","31","1031","68aa8e19b42012661b4a6000c0b924a55d59a7f80432dd01c9ef8906d8573034","sha256:1c985c0afddd1d2d","8a55a0a1fe3f04c509e76582dacb4fdb257e5cf88585ff1492ba33c790db13ad","5692474f7db70ab52a7a71c8af4867609e7e4b43","c3-effect-bytes-v1","","r1-era (per-run harness source hash NOT recorded in r1; src was edited between stages)","2026-10-07T23:17:17.959+08:00"
"e3-hot_conflict-bare_composer-w50-s11","r1:raw/e3.tgz","bare_composer","baseline_bare_composer","","11","1011","fc5b627655c3f6812b54ada476a3a6b03fe3c26772b6f7d2206f6e1310a52d56","sha256:1c985c0afddd1d2d","41e31a076122be372a33732c230916ff8aa8f5e973cd8ea723632714cac9ce96","5692474f7db70ab52a7a71c8af4867609e7e4b43","c3-effect-bytes-v1","","r1-era (per-run harness source hash NOT recorded in r1; src was edited between stages)","2026-10-07T23:16:52.495+08:00"
"e3-hot_conflict-bare_composer-w50-s17","r1:raw/e3.tgz","bare_composer","baseline_bare_composer","","17","1017","3f9886d4bb1e8a90285304407c1997e70de728f917a84e6bd926893139c3d477","sha256:1c985c0afddd1d2d","41e31a076122be372a33732c230916ff8aa8f5e973cd8ea723632714cac9ce96","5692474f7db70ab52a7a71c8af4867609e7e4b43","c3-effect-bytes-v1","","r1-era (per-run harness source hash NOT recorded in r1; src was edited between stages)","2026-10-07T23:16:53.197+08:00"
"e3-hot_conflict-bare_composer-w50-s23","r1:raw/e3.tgz","bare_composer","baseline_bare_composer","","23","1023","ca6db1244fd58207ef8cdbb8f95ca92837079cfc0514fdfa0fd75b1ba2d07dfe","sha256:1c985c0afddd1d2d","41e31a076122be372a33732c230916ff8aa8f5e973cd8ea723632714cac9ce96","5692474f7db70ab52a7a71c8af4867609e7e4b43","c3-effect-bytes-v1","","r1-era (per-run harness source hash NOT recorded in r1; src was edited between stages)","2026-10-07T23:16:53.890+08:00"
"e3-hot_conflict-bare_composer-w50-s29","r1:raw/e3.tgz","bare_composer","baseline_bare_composer","","29","1029","2857cfb1e17a6b24609b8f48a46dc089ef0aacb0024ff885da30847fedb34f12","sha256:1c985c0afddd1d2d","41e31a076122be372a33732c230916ff8aa8f5e973cd8ea723632714cac9ce96","5692474f7db70ab52a7a71c8af4867609e7e4b43","c3-effect-bytes-v1","","r1-era (per-run harness source hash NOT recorded in r1; src was edited between stages)","2026-10-07T23:16:54.609+08:00"
"e3-hot_conflict-bare_composer-w50-s31","r1:raw/e3.tgz","bare_composer","baseline_bare_composer","","31","1031","68aa8e19b42012661b4a6000c0b924a55d59a7f80432dd01c9ef8906d8573034","sha256:1c985c0afddd1d2d","41e31a076122be372a33732c230916ff8aa8f5e973cd8ea723632714cac9ce96","5692474f7db70ab52a7a71c8af4867609e7e4b43","c3-effect-bytes-v1","","r1-era (per-run harness source hash NOT recorded in r1; src was edited between stages)","2026-10-07T23:16:55.364+08:00"
"e3-hot_conflict-steward-w0-s11","r1:raw/e3.tgz","steward","main_method","","11","1011","fc5b627655c3f6812b54ada476a3a6b03fe3c26772b6f7d2206f6e1310a52d56","sha256:1c985c0afddd1d2d","610e7315e4036e6031a5cfe64d8d5443d9465638fee6988b96a69018547af72f","5692474f7db70ab52a7a71c8af4867609e7e4b43","c3-effect-bytes-v1","","r1-era (per-run harness source hash NOT recorded in r1; src was edited between stages)","2026-10-07T23:16:22.107+08:00"
"e3-hot_conflict-steward-w0-s17","r1:raw/e3.tgz","steward","main_method","","17","1017","3f9886d4bb1e8a90285304407c1997e70de728f917a84e6bd926893139c3d477","sha256:1c985c0afddd1d2d","610e7315e4036e6031a5cfe64d8d5443d9465638fee6988b96a69018547af72f","5692474f7db70ab52a7a71c8af4867609e7e4b43","c3-effect-bytes-v1","","r1-era (per-run harness source hash NOT recorded in r1; src was edited between stages)","2026-10-07T23:16:22.793+08:00"
"e3-hot_conflict-steward-w0-s23","r1:raw/e3.tgz","steward","main_method","","23","1023","ca6db1244fd58207ef8cdbb8f95ca92837079cfc0514fdfa0fd75b1ba2d07dfe","sha256:1c985c0afddd1d2d","610e7315e4036e6031a5cfe64d8d5443d9465638fee6988b96a69018547af72f","5692474f7db70ab52a7a71c8af4867609e7e4b43","c3-effect-bytes-v1","","r1-era (per-run harness source hash NOT recorded in r1; src was edited between stages)","2026-10-07T23:16:23.377+08:00"
"e3-hot_conflict-steward-w0-s29","r1:raw/e3.tgz","steward","main_method","","29","1029","2857cfb1e17a6b24609b8f48a46dc089ef0aacb0024ff885da30847fedb34f12","sha256:1c985c0afddd1d2d","610e7315e4036e6031a5cfe64d8d5443d9465638fee6988b96a69018547af72f","5692474f7db70ab52a7a71c8af4867609e7e4b43","c3-effect-bytes-v1","","r1-era (per-run harness source hash NOT recorded in r1; src was edited between stages)","2026-10-07T23:16:23.982+08:00"
"e3-hot_conflict-steward-w0-s31","r1:raw/e3.tgz","steward","main_method","","31","1031","68aa8e19b42012661b4a6000c0b924a55d59a7f80432dd01c9ef8906d8573034","sha256:1c985c0afddd1d2d","610e7315e4036e6031a5cfe64d8d5443d9465638fee6988b96a69018547af72f","5692474f7db70ab52a7a71c8af4867609e7e4b43","c3-effect-bytes-v1","","r1-era (per-run harness source hash NOT recorded in r1; src was edited between stages)","2026-10-07T23:16:24.546+08:00"
"e3-hot_conflict-steward-w100-s11","r1:raw/e3.tgz","steward","main_method","","11","1011","fc5b627655c3f6812b54ada476a3a6b03fe3c26772b6f7d2206f6e1310a52d56","sha256:1c985c0afddd1d2d","7d761ba80cae53194c3e3d75678ff5d35c0610e15d54f67eeda8e145a3ca1f83","5692474f7db70ab52a7a71c8af4867609e7e4b43","c3-effect-bytes-v1","","r1-era (per-run harness source hash NOT recorded in r1; src was edited between stages)","2026-10-07T23:16:31.603+08:00"
"e3-hot_conflict-steward-w100-s17","r1:raw/e3.tgz","steward","main_method","","17","1017","3f9886d4bb1e8a90285304407c1997e70de728f917a84e6bd926893139c3d477","sha256:1c985c0afddd1d2d","7d761ba80cae53194c3e3d75678ff5d35c0610e15d54f67eeda8e145a3ca1f83","5692474f7db70ab52a7a71c8af4867609e7e4b43","c3-effect-bytes-v1","","r1-era (per-run harness source hash NOT recorded in r1; src was edited between stages)","2026-10-07T23:16:32.397+08:00"
"e3-hot_conflict-steward-w100-s23","r1:raw/e3.tgz","steward","main_method","","23","1023","ca6db1244fd58207ef8cdbb8f95ca92837079cfc0514fdfa0fd75b1ba2d07dfe","sha256:1c985c0afddd1d2d","7d761ba80cae53194c3e3d75678ff5d35c0610e15d54f67eeda8e145a3ca1f83","5692474f7db70ab52a7a71c8af4867609e7e4b43","c3-effect-bytes-v1","","r1-era (per-run harness source hash NOT recorded in r1; src was edited between stages)","2026-10-07T23:16:33.081+08:00"
"e3-hot_conflict-steward-w100-s29","r1:raw/e3.tgz","steward","main_method","","29","1029","2857cfb1e17a6b24609b8f48a46dc089ef0aacb0024ff885da30847fedb34f12","sha256:1c985c0afddd1d2d","7d761ba80cae53194c3e3d75678ff5d35c0610e15d54f67eeda8e145a3ca1f83","5692474f7db70ab52a7a71c8af4867609e7e4b43","c3-effect-bytes-v1","","r1-era (per-run harness source hash NOT recorded in r1; src was edited between stages)","2026-10-07T23:16:33.852+08:00"
"e3-hot_conflict-steward-w100-s31","r1:raw/e3.tgz","steward","main_method","","31","1031","68aa8e19b42012661b4a6000c0b924a55d59a7f80432dd01c9ef8906d8573034","sha256:1c985c0afddd1d2d","7d761ba80cae53194c3e3d75678ff5d35c0610e15d54f67eeda8e145a3ca1f83","5692474f7db70ab52a7a71c8af4867609e7e4b43","c3-effect-bytes-v1","","r1-era (per-run harness source hash NOT recorded in r1; src was edited between stages)","2026-10-07T23:16:34.581+08:00"
"e3-hot_conflict-steward-w200-s11","r1:raw/e3.tgz","steward","main_method","","11","1011","fc5b627655c3f6812b54ada476a3a6b03fe3c26772b6f7d2206f6e1310a52d56","sha256:1c985c0afddd1d2d","25f872ac4f468b885b65f10edb7aa2b01774075d07ee7e24480fab5559be18de","5692474f7db70ab52a7a71c8af4867609e7e4b43","c3-effect-bytes-v1","","r1-era (per-run harness source hash NOT recorded in r1; src was edited between stages)","2026-10-07T23:16:35.265+08:00"
"e3-hot_conflict-steward-w200-s17","r1:raw/e3.tgz","steward","main_method","","17","1017","3f9886d4bb1e8a90285304407c1997e70de728f917a84e6bd926893139c3d477","sha256:1c985c0afddd1d2d","25f872ac4f468b885b65f10edb7aa2b01774075d07ee7e24480fab5559be18de","5692474f7db70ab52a7a71c8af4867609e7e4b43","c3-effect-bytes-v1","","r1-era (per-run harness source hash NOT recorded in r1; src was edited between stages)","2026-10-07T23:16:36.464+08:00"
"e3-hot_conflict-steward-w200-s23","r1:raw/e3.tgz","steward","main_method","","23","1023","ca6db1244fd58207ef8cdbb8f95ca92837079cfc0514fdfa0fd75b1ba2d07dfe","sha256:1c985c0afddd1d2d","25f872ac4f468b885b65f10edb7aa2b01774075d07ee7e24480fab5559be18de","5692474f7db70ab52a7a71c8af4867609e7e4b43","c3-effect-bytes-v1","","r1-era (per-run harness source hash NOT recorded in r1; src was edited between stages)","2026-10-07T23:16:37.372+08:00"
"e3-hot_conflict-steward-w200-s29","r1:raw/e3.tgz","steward","main_method","","29","1029","2857cfb1e17a6b24609b8f48a46dc089ef0aacb0024ff885da30847fedb34f12","sha256:1c985c0afddd1d2d","25f872ac4f468b885b65f10edb7aa2b01774075d07ee7e24480fab5559be18de","5692474f7db70ab52a7a71c8af4867609e7e4b43","c3-effect-bytes-v1","","r1-era (per-run harness source hash NOT recorded in r1; src was edited between stages)","2026-10-07T23:16:38.127+08:00"
"e3-hot_conflict-steward-w200-s31","r1:raw/e3.tgz","steward","main_method","","31","1031","68aa8e19b42012661b4a6000c0b924a55d59a7f80432dd01c9ef8906d8573034","sha256:1c985c0afddd1d2d","25f872ac4f468b885b65f10edb7aa2b01774075d07ee7e24480fab5559be18de","5692474f7db70ab52a7a71c8af4867609e7e4b43","c3-effect-bytes-v1","","r1-era (per-run harness source hash NOT recorded in r1; src was edited between stages)","2026-10-07T23:16:39.049+08:00"
"e3-hot_conflict-steward-w25-s11","r1:raw/e3.tgz","steward","main_method","","11","1011","fc5b627655c3f6812b54ada476a3a6b03fe3c26772b6f7d2206f6e1310a52d56","sha256:1c985c0afddd1d2d","ef82aef9dbc9e97b9d53d9d0a46c7238e702d1482f94ec66b8d18ea5db3c287e","5692474f7db70ab52a7a71c8af4867609e7e4b43","c3-effect-bytes-v1","","r1-era (per-run harness source hash NOT recorded in r1; src was edited between stages)","2026-10-07T23:16:25.114+08:00"
"e3-hot_conflict-steward-w25-s17","r1:raw/e3.tgz","steward","main_method","","17","1017","3f9886d4bb1e8a90285304407c1997e70de728f917a84e6bd926893139c3d477","sha256:1c985c0afddd1d2d","ef82aef9dbc9e97b9d53d9d0a46c7238e702d1482f94ec66b8d18ea5db3c287e","5692474f7db70ab52a7a71c8af4867609e7e4b43","c3-effect-bytes-v1","","r1-era (per-run harness source hash NOT recorded in r1; src was edited between stages)","2026-10-07T23:16:25.827+08:00"
"e3-hot_conflict-steward-w25-s23","r1:raw/e3.tgz","steward","main_method","","23","1023","ca6db1244fd58207ef8cdbb8f95ca92837079cfc0514fdfa0fd75b1ba2d07dfe","sha256:1c985c0afddd1d2d","ef82aef9dbc9e97b9d53d9d0a46c7238e702d1482f94ec66b8d18ea5db3c287e","5692474f7db70ab52a7a71c8af4867609e7e4b43","c3-effect-bytes-v1","","r1-era (per-run harness source hash NOT recorded in r1; src was edited between stages)","2026-10-07T23:16:26.424+08:00"
"e3-hot_conflict-steward-w25-s29","r1:raw/e3.tgz","steward","main_method","","29","1029","2857cfb1e17a6b24609b8f48a46dc089ef0aacb0024ff885da30847fedb34f12","sha256:1c985c0afddd1d2d","ef82aef9dbc9e97b9d53d9d0a46c7238e702d1482f94ec66b8d18ea5db3c287e","5692474f7db70ab52a7a71c8af4867609e7e4b43","c3-effect-bytes-v1","","r1-era (per-run harness source hash NOT recorded in r1; src was edited between stages)","2026-10-07T23:16:27.024+08:00"
"e3-hot_conflict-steward-w25-s31","r1:raw/e3.tgz","steward","main_method","","31","1031","68aa8e19b42012661b4a6000c0b924a55d59a7f80432dd01c9ef8906d8573034","sha256:1c985c0afddd1d2d","ef82aef9dbc9e97b9d53d9d0a46c7238e702d1482f94ec66b8d18ea5db3c287e","5692474f7db70ab52a7a71c8af4867609e7e4b43","c3-effect-bytes-v1","","r1-era (per-run harness source hash NOT recorded in r1; src was edited between stages)","2026-10-07T23:16:27.654+08:00"
"e3-hot_conflict-steward-w400-s11","r1:raw/e3.tgz","steward","main_method","","11","1011","fc5b627655c3f6812b54ada476a3a6b03fe3c26772b6f7d2206f6e1310a52d56","sha256:1c985c0afddd1d2d","5e8086d4b7b6fc714ed4c0194477aa59de8362efe22011dbc584c2e66af03775","5692474f7db70ab52a7a71c8af4867609e7e4b43","c3-effect-bytes-v1","","r1-era (per-run harness source hash NOT recorded in r1; src was edited between stages)","2026-10-07T23:16:39.959+08:00"
"e3-hot_conflict-steward-w400-s17","r1:raw/e3.tgz","steward","main_method","","17","1017","3f9886d4bb1e8a90285304407c1997e70de728f917a84e6bd926893139c3d477","sha256:1c985c0afddd1d2d","5e8086d4b7b6fc714ed4c0194477aa59de8362efe22011dbc584c2e66af03775","5692474f7db70ab52a7a71c8af4867609e7e4b43","c3-effect-bytes-v1","","r1-era (per-run harness source hash NOT recorded in r1; src was edited between stages)","2026-10-07T23:16:41.742+08:00"
"e3-hot_conflict-steward-w400-s23","r1:raw/e3.tgz","steward","main_method","","23","1023","ca6db1244fd58207ef8cdbb8f95ca92837079cfc0514fdfa0fd75b1ba2d07dfe","sha256:1c985c0afddd1d2d","5e8086d4b7b6fc714ed4c0194477aa59de8362efe22011dbc584c2e66af03775","5692474f7db70ab52a7a71c8af4867609e7e4b43","c3-effect-bytes-v1","","r1-era (per-run harness source hash NOT recorded in r1; src was edited between stages)","2026-10-07T23:16:43.021+08:00"
"e3-hot_conflict-steward-w400-s29","r1:raw/e3.tgz","steward","main_method","","29","1029","2857cfb1e17a6b24609b8f48a46dc089ef0aacb0024ff885da30847fedb34f12","sha256:1c985c0afddd1d2d","5e8086d4b7b6fc714ed4c0194477aa59de8362efe22011dbc584c2e66af03775","5692474f7db70ab52a7a71c8af4867609e7e4b43","c3-effect-bytes-v1","","r1-era (per-run harness source hash NOT recorded in r1; src was edited between stages)","2026-10-07T23:16:44.693+08:00"
"e3-hot_conflict-steward-w400-s31","r1:raw/e3.tgz","steward","main_method","","31","1031","68aa8e19b42012661b4a6000c0b924a55d59a7f80432dd01c9ef8906d8573034","sha256:1c985c0afddd1d2d","5e8086d4b7b6fc714ed4c0194477aa59de8362efe22011dbc584c2e66af03775","5692474f7db70ab52a7a71c8af4867609e7e4b43","c3-effect-bytes-v1","","r1-era (per-run harness source hash NOT recorded in r1; src was edited between stages)","2026-10-07T23:16:46.006+08:00"
"e3-hot_conflict-steward-w50-s11","r1:raw/e3.tgz","steward","main_method","","11","1011","fc5b627655c3f6812b54ada476a3a6b03fe3c26772b6f7d2206f6e1310a52d56","sha256:1c985c0afddd1d2d","144dfe4a5ef86d1c69de8d4686cc1d27db84705524543286f3bc38fc83ba49c7","5692474f7db70ab52a7a71c8af4867609e7e4b43","c3-effect-bytes-v1","","r1-era (per-run harness source hash NOT recorded in r1; src was edited between stages)","2026-10-07T23:16:28.273+08:00"
"e3-hot_conflict-steward-w50-s17","r1:raw/e3.tgz","steward","main_method","","17","1017","3f9886d4bb1e8a90285304407c1997e70de728f917a84e6bd926893139c3d477","sha256:1c985c0afddd1d2d","144dfe4a5ef86d1c69de8d4686cc1d27db84705524543286f3bc38fc83ba49c7","5692474f7db70ab52a7a71c8af4867609e7e4b43","c3-effect-bytes-v1","","r1-era (per-run harness source hash NOT recorded in r1; src was edited between stages)","2026-10-07T23:16:28.960+08:00"
"e3-hot_conflict-steward-w50-s23","r1:raw/e3.tgz","steward","main_method","","23","1023","ca6db1244fd58207ef8cdbb8f95ca92837079cfc0514fdfa0fd75b1ba2d07dfe","sha256:1c985c0afddd1d2d","144dfe4a5ef86d1c69de8d4686cc1d27db84705524543286f3bc38fc83ba49c7","5692474f7db70ab52a7a71c8af4867609e7e4b43","c3-effect-bytes-v1","","r1-era (per-run harness source hash NOT recorded in r1; src was edited between stages)","2026-10-07T23:16:29.550+08:00"
"e3-hot_conflict-steward-w50-s29","r1:raw/e3.tgz","steward","main_method","","29","1029","2857cfb1e17a6b24609b8f48a46dc089ef0aacb0024ff885da30847fedb34f12","sha256:1c985c0afddd1d2d","144dfe4a5ef86d1c69de8d4686cc1d27db84705524543286f3bc38fc83ba49c7","5692474f7db70ab52a7a71c8af4867609e7e4b43","c3-effect-bytes-v1","","r1-era (per-run harness source hash NOT recorded in r1; src was edited between stages)","2026-10-07T23:16:30.196+08:00"
"e3-hot_conflict-steward-w50-s31","r1:raw/e3.tgz","steward","main_method","","31","1031","68aa8e19b42012661b4a6000c0b924a55d59a7f80432dd01c9ef8906d8573034","sha256:1c985c0afddd1d2d","144dfe4a5ef86d1c69de8d4686cc1d27db84705524543286f3bc38fc83ba49c7","5692474f7db70ab52a7a71c8af4867609e7e4b43","c3-effect-bytes-v1","","r1-era (per-run harness source hash NOT recorded in r1; src was edited between stages)","2026-10-07T23:16:30.916+08:00"
"e3-hot_disjoint-steward-w0-s11","r1:raw/e3.tgz","steward","main_method","","11","1011","c9bfb98edf6bc678102634c2c3e1355af8711f8018e01ef734a92a9f78fb946f","sha256:1c985c0afddd1d2d","088b9ca393d569f709aa18190aadf0513a5e3ea7b7ad54c1481d2c0075f1cb1b","5692474f7db70ab52a7a71c8af4867609e7e4b43","c3-effect-bytes-v1","","r1-era (per-run harness source hash NOT recorded in r1; src was edited between stages)","2026-10-07T23:16:01.063+08:00"
"e3-hot_disjoint-steward-w0-s17","r1:raw/e3.tgz","steward","main_method","","17","1017","e4c01baa70216ac04ec91984d5869a4b9b80e20298f90e2bcc0eebf6171f5c1e","sha256:1c985c0afddd1d2d","088b9ca393d569f709aa18190aadf0513a5e3ea7b7ad54c1481d2c0075f1cb1b","5692474f7db70ab52a7a71c8af4867609e7e4b43","c3-effect-bytes-v1","","r1-era (per-run harness source hash NOT recorded in r1; src was edited between stages)","2026-10-07T23:16:01.645+08:00"
"e3-hot_disjoint-steward-w0-s23","r1:raw/e3.tgz","steward","main_method","","23","1023","e5f7863b03c5edece0876259c70e56e264c641089b0206c04963cac56c801163","sha256:1c985c0afddd1d2d","088b9ca393d569f709aa18190aadf0513a5e3ea7b7ad54c1481d2c0075f1cb1b","5692474f7db70ab52a7a71c8af4867609e7e4b43","c3-effect-bytes-v1","","r1-era (per-run harness source hash NOT recorded in r1; src was edited between stages)","2026-10-07T23:16:02.248+08:00"
"e3-hot_disjoint-steward-w0-s29","r1:raw/e3.tgz","steward","main_method","","29","1029","6e7d01ebe01436d7d96032a0ead3fbeb9a0d7921f53b1ca1a7f89cad111edbbf","sha256:1c985c0afddd1d2d","088b9ca393d569f709aa18190aadf0513a5e3ea7b7ad54c1481d2c0075f1cb1b","5692474f7db70ab52a7a71c8af4867609e7e4b43","c3-effect-bytes-v1","","r1-era (per-run harness source hash NOT recorded in r1; src was edited between stages)","2026-10-07T23:16:02.765+08:00"
"e3-hot_disjoint-steward-w0-s31","r1:raw/e3.tgz","steward","main_method","","31","1031","6a26f2785a183848a24afba078ae05cd6adab4fe65a4cfdae066d105ec9a6bef","sha256:1c985c0afddd1d2d","088b9ca393d569f709aa18190aadf0513a5e3ea7b7ad54c1481d2c0075f1cb1b","5692474f7db70ab52a7a71c8af4867609e7e4b43","c3-effect-bytes-v1","","r1-era (per-run harness source hash NOT recorded in r1; src was edited between stages)","2026-10-07T23:16:03.328+08:00"
"e3-hot_disjoint-steward-w100-s11","r1:raw/e3.tgz","steward","main_method","","11","1011","c9bfb98edf6bc678102634c2c3e1355af8711f8018e01ef734a92a9f78fb946f","sha256:1c985c0afddd1d2d","930e9e3bac53b360e66b9195ba4743b7a6ee11fa129e2a32a0c996b7b20aa317","5692474f7db70ab52a7a71c8af4867609e7e4b43","c3-effect-bytes-v1","","r1-era (per-run harness source hash NOT recorded in r1; src was edited between stages)","2026-10-07T23:16:09.713+08:00"
"e3-hot_disjoint-steward-w100-s17","r1:raw/e3.tgz","steward","main_method","","17","1017","e4c01baa70216ac04ec91984d5869a4b9b80e20298f90e2bcc0eebf6171f5c1e","sha256:1c985c0afddd1d2d","930e9e3bac53b360e66b9195ba4743b7a6ee11fa129e2a32a0c996b7b20aa317","5692474f7db70ab52a7a71c8af4867609e7e4b43","c3-effect-bytes-v1","","r1-era (per-run harness source hash NOT recorded in r1; src was edited between stages)","2026-10-07T23:16:10.418+08:00"
"e3-hot_disjoint-steward-w100-s23","r1:raw/e3.tgz","steward","main_method","","23","1023","e5f7863b03c5edece0876259c70e56e264c641089b0206c04963cac56c801163","sha256:1c985c0afddd1d2d","930e9e3bac53b360e66b9195ba4743b7a6ee11fa129e2a32a0c996b7b20aa317","5692474f7db70ab52a7a71c8af4867609e7e4b43","c3-effect-bytes-v1","","r1-era (per-run harness source hash NOT recorded in r1; src was edited between stages)","2026-10-07T23:16:11.121+08:00"
"e3-hot_disjoint-steward-w100-s29","r1:raw/e3.tgz","steward","main_method","","29","1029","6e7d01ebe01436d7d96032a0ead3fbeb9a0d7921f53b1ca1a7f89cad111edbbf","sha256:1c985c0afddd1d2d","930e9e3bac53b360e66b9195ba4743b7a6ee11fa129e2a32a0c996b7b20aa317","5692474f7db70ab52a7a71c8af4867609e7e4b43","c3-effect-bytes-v1","","r1-era (per-run harness source hash NOT recorded in r1; src was edited between stages)","2026-10-07T23:16:11.701+08:00"
"e3-hot_disjoint-steward-w100-s31","r1:raw/e3.tgz","steward","main_method","","31","1031","6a26f2785a183848a24afba078ae05cd6adab4fe65a4cfdae066d105ec9a6bef","sha256:1c985c0afddd1d2d","930e9e3bac53b360e66b9195ba4743b7a6ee11fa129e2a32a0c996b7b20aa317","5692474f7db70ab52a7a71c8af4867609e7e4b43","c3-effect-bytes-v1","","r1-era (per-run harness source hash NOT recorded in r1; src was edited between stages)","2026-10-07T23:16:12.270+08:00"
"e3-hot_disjoint-steward-w200-s11","r1:raw/e3.tgz","steward","main_method","","11","1011","c9bfb98edf6bc678102634c2c3e1355af8711f8018e01ef734a92a9f78fb946f","sha256:1c985c0afddd1d2d","21581e86df6e5b19f076693808066913e238a41019e65de3d9f25c3fc430d268","5692474f7db70ab52a7a71c8af4867609e7e4b43","c3-effect-bytes-v1","","r1-era (per-run harness source hash NOT recorded in r1; src was edited between stages)","2026-10-07T23:16:12.887+08:00"
"e3-hot_disjoint-steward-w200-s17","r1:raw/e3.tgz","steward","main_method","","17","1017","e4c01baa70216ac04ec91984d5869a4b9b80e20298f90e2bcc0eebf6171f5c1e","sha256:1c985c0afddd1d2d","21581e86df6e5b19f076693808066913e238a41019e65de3d9f25c3fc430d268","5692474f7db70ab52a7a71c8af4867609e7e4b43","c3-effect-bytes-v1","","r1-era (per-run harness source hash NOT recorded in r1; src was edited between stages)","2026-10-07T23:16:13.799+08:00"
"e3-hot_disjoint-steward-w200-s23","r1:raw/e3.tgz","steward","main_method","","23","1023","e5f7863b03c5edece0876259c70e56e264c641089b0206c04963cac56c801163","sha256:1c985c0afddd1d2d","21581e86df6e5b19f076693808066913e238a41019e65de3d9f25c3fc430d268","5692474f7db70ab52a7a71c8af4867609e7e4b43","c3-effect-bytes-v1","","r1-era (per-run harness source hash NOT recorded in r1; src was edited between stages)","2026-10-07T23:16:14.716+08:00"
"e3-hot_disjoint-steward-w200-s29","r1:raw/e3.tgz","steward","main_method","","29","1029","6e7d01ebe01436d7d96032a0ead3fbeb9a0d7921f53b1ca1a7f89cad111edbbf","sha256:1c985c0afddd1d2d","21581e86df6e5b19f076693808066913e238a41019e65de3d9f25c3fc430d268","5692474f7db70ab52a7a71c8af4867609e7e4b43","c3-effect-bytes-v1","","r1-era (per-run harness source hash NOT recorded in r1; src was edited between stages)","2026-10-07T23:16:15.393+08:00"
"e3-hot_disjoint-steward-w200-s31","r1:raw/e3.tgz","steward","main_method","","31","1031","6a26f2785a183848a24afba078ae05cd6adab4fe65a4cfdae066d105ec9a6bef","sha256:1c985c0afddd1d2d","21581e86df6e5b19f076693808066913e238a41019e65de3d9f25c3fc430d268","5692474f7db70ab52a7a71c8af4867609e7e4b43","c3-effect-bytes-v1","","r1-era (per-run harness source hash NOT recorded in r1; src was edited between stages)","2026-10-07T23:16:16.101+08:00"
"e3-hot_disjoint-steward-w25-s11","r1:raw/e3.tgz","steward","main_method","","11","1011","c9bfb98edf6bc678102634c2c3e1355af8711f8018e01ef734a92a9f78fb946f","sha256:1c985c0afddd1d2d","5b26d066152a4def41aaded5b5a459d20de4d38686e07ad19a5e0af1515fab3e","5692474f7db70ab52a7a71c8af4867609e7e4b43","c3-effect-bytes-v1","","r1-era (per-run harness source hash NOT recorded in r1; src was edited between stages)","2026-10-07T23:16:03.899+08:00"
"e3-hot_disjoint-steward-w25-s17","r1:raw/e3.tgz","steward","main_method","","17","1017","e4c01baa70216ac04ec91984d5869a4b9b80e20298f90e2bcc0eebf6171f5c1e","sha256:1c985c0afddd1d2d","5b26d066152a4def41aaded5b5a459d20de4d38686e07ad19a5e0af1515fab3e","5692474f7db70ab52a7a71c8af4867609e7e4b43","c3-effect-bytes-v1","","r1-era (per-run harness source hash NOT recorded in r1; src was edited between stages)","2026-10-07T23:16:04.484+08:00"
"e3-hot_disjoint-steward-w25-s23","r1:raw/e3.tgz","steward","main_method","","23","1023","e5f7863b03c5edece0876259c70e56e264c641089b0206c04963cac56c801163","sha256:1c985c0afddd1d2d","5b26d066152a4def41aaded5b5a459d20de4d38686e07ad19a5e0af1515fab3e","5692474f7db70ab52a7a71c8af4867609e7e4b43","c3-effect-bytes-v1","","r1-era (per-run harness source hash NOT recorded in r1; src was edited between stages)","2026-10-07T23:16:05.134+08:00"
"e3-hot_disjoint-steward-w25-s29","r1:raw/e3.tgz","steward","main_method","","29","1029","6e7d01ebe01436d7d96032a0ead3fbeb9a0d7921f53b1ca1a7f89cad111edbbf","sha256:1c985c0afddd1d2d","5b26d066152a4def41aaded5b5a459d20de4d38686e07ad19a5e0af1515fab3e","5692474f7db70ab52a7a71c8af4867609e7e4b43","c3-effect-bytes-v1","","r1-era (per-run harness source hash NOT recorded in r1; src was edited between stages)","2026-10-07T23:16:05.675+08:00"
"e3-hot_disjoint-steward-w25-s31","r1:raw/e3.tgz","steward","main_method","","31","1031","6a26f2785a183848a24afba078ae05cd6adab4fe65a4cfdae066d105ec9a6bef","sha256:1c985c0afddd1d2d","5b26d066152a4def41aaded5b5a459d20de4d38686e07ad19a5e0af1515fab3e","5692474f7db70ab52a7a71c8af4867609e7e4b43","c3-effect-bytes-v1","","r1-era (per-run harness source hash NOT recorded in r1; src was edited between stages)","2026-10-07T23:16:06.229+08:00"
"e3-hot_disjoint-steward-w400-s11","r1:raw/e3.tgz","steward","main_method","","11","1011","c9bfb98edf6bc678102634c2c3e1355af8711f8018e01ef734a92a9f78fb946f","sha256:1c985c0afddd1d2d","17a976b7bb668bffa0659873a76aae697ffd70664b3fd2304bbce07d0025f28c","5692474f7db70ab52a7a71c8af4867609e7e4b43","c3-effect-bytes-v1","","r1-era (per-run harness source hash NOT recorded in r1; src was edited between stages)","2026-10-07T23:16:16.826+08:00"
"e3-hot_disjoint-steward-w400-s17","r1:raw/e3.tgz","steward","main_method","","17","1017","e4c01baa70216ac04ec91984d5869a4b9b80e20298f90e2bcc0eebf6171f5c1e","sha256:1c985c0afddd1d2d","17a976b7bb668bffa0659873a76aae697ffd70664b3fd2304bbce07d0025f28c","5692474f7db70ab52a7a71c8af4867609e7e4b43","c3-effect-bytes-v1","","r1-era (per-run harness source hash NOT recorded in r1; src was edited between stages)","2026-10-07T23:16:18.131+08:00"
"e3-hot_disjoint-steward-w400-s23","r1:raw/e3.tgz","steward","main_method","","23","1023","e5f7863b03c5edece0876259c70e56e264c641089b0206c04963cac56c801163","sha256:1c985c0afddd1d2d","17a976b7bb668bffa0659873a76aae697ffd70664b3fd2304bbce07d0025f28c","5692474f7db70ab52a7a71c8af4867609e7e4b43","c3-effect-bytes-v1","","r1-era (per-run harness source hash NOT recorded in r1; src was edited between stages)","2026-10-07T23:16:19.432+08:00"
"e3-hot_disjoint-steward-w400-s29","r1:raw/e3.tgz","steward","main_method","","29","1029","6e7d01ebe01436d7d96032a0ead3fbeb9a0d7921f53b1ca1a7f89cad111edbbf","sha256:1c985c0afddd1d2d","17a976b7bb668bffa0659873a76aae697ffd70664b3fd2304bbce07d0025f28c","5692474f7db70ab52a7a71c8af4867609e7e4b43","c3-effect-bytes-v1","","r1-era (per-run harness source hash NOT recorded in r1; src was edited between stages)","2026-10-07T23:16:20.325+08:00"
"e3-hot_disjoint-steward-w400-s31","r1:raw/e3.tgz","steward","main_method","","31","1031","6a26f2785a183848a24afba078ae05cd6adab4fe65a4cfdae066d105ec9a6bef","sha256:1c985c0afddd1d2d","17a976b7bb668bffa0659873a76aae697ffd70664b3fd2304bbce07d0025f28c","5692474f7db70ab52a7a71c8af4867609e7e4b43","c3-effect-bytes-v1","","r1-era (per-run harness source hash NOT recorded in r1; src was edited between stages)","2026-10-07T23:16:21.181+08:00"
"e3-hot_disjoint-steward-w50-s11","r1:raw/e3.tgz","steward","main_method","","11","1011","c9bfb98edf6bc678102634c2c3e1355af8711f8018e01ef734a92a9f78fb946f","sha256:1c985c0afddd1d2d","a88601f4e7fdb9a7d7aef6a0805978451ca931ce523f356150bb6614cc25659e","5692474f7db70ab52a7a71c8af4867609e7e4b43","c3-effect-bytes-v1","","r1-era (per-run harness source hash NOT recorded in r1; src was edited between stages)","2026-10-07T23:16:06.801+08:00"
"e3-hot_disjoint-steward-w50-s17","r1:raw/e3.tgz","steward","main_method","","17","1017","e4c01baa70216ac04ec91984d5869a4b9b80e20298f90e2bcc0eebf6171f5c1e","sha256:1c985c0afddd1d2d","a88601f4e7fdb9a7d7aef6a0805978451ca931ce523f356150bb6614cc25659e","5692474f7db70ab52a7a71c8af4867609e7e4b43","c3-effect-bytes-v1","","r1-era (per-run harness source hash NOT recorded in r1; src was edited between stages)","2026-10-07T23:16:07.414+08:00"
"e3-hot_disjoint-steward-w50-s23","r1:raw/e3.tgz","steward","main_method","","23","1023","e5f7863b03c5edece0876259c70e56e264c641089b0206c04963cac56c801163","sha256:1c985c0afddd1d2d","a88601f4e7fdb9a7d7aef6a0805978451ca931ce523f356150bb6614cc25659e","5692474f7db70ab52a7a71c8af4867609e7e4b43","c3-effect-bytes-v1","","r1-era (per-run harness source hash NOT recorded in r1; src was edited between stages)","2026-10-07T23:16:08.055+08:00"
"e3-hot_disjoint-steward-w50-s29","r1:raw/e3.tgz","steward","main_method","","29","1029","6e7d01ebe01436d7d96032a0ead3fbeb9a0d7921f53b1ca1a7f89cad111edbbf","sha256:1c985c0afddd1d2d","a88601f4e7fdb9a7d7aef6a0805978451ca931ce523f356150bb6614cc25659e","5692474f7db70ab52a7a71c8af4867609e7e4b43","c3-effect-bytes-v1","","r1-era (per-run harness source hash NOT recorded in r1; src was edited between stages)","2026-10-07T23:16:08.600+08:00"
"e3-hot_disjoint-steward-w50-s31","r1:raw/e3.tgz","steward","main_method","","31","1031","6a26f2785a183848a24afba078ae05cd6adab4fe65a4cfdae066d105ec9a6bef","sha256:1c985c0afddd1d2d","a88601f4e7fdb9a7d7aef6a0805978451ca931ce523f356150bb6614cc25659e","5692474f7db70ab52a7a71c8af4867609e7e4b43","c3-effect-bytes-v1","","r1-era (per-run harness source hash NOT recorded in r1; src was edited between stages)","2026-10-07T23:16:09.154+08:00"
"e4-hot_conflict-fault_naive-p8-s11","r1:raw/e4.tgz","steward_mp_naive_registry","fault_ablation","8","11","1011","9a24c4620e1f6cc70855b741c39f2af414a82c49ed6fe91041f2807ac912e1ae","sha256:1c985c0afddd1d2d","7800e7c581f0cb9959a63f44be4ccda0b81ca78cdd55139602197103e7cf5c70","5692474f7db70ab52a7a71c8af4867609e7e4b43","c3-effect-bytes-v1","","r1-era (per-run harness source hash NOT recorded in r1; src was edited between stages)","2026-10-07T23:25:56.084+08:00"
"e4-hot_conflict-fault_naive-p8-s17","r1:raw/e4.tgz","steward_mp_naive_registry","fault_ablation","8","17","1017","3eec787f301bea0164c9423955e2cb60663899364daab907d35d48e3c8bfa114","sha256:1c985c0afddd1d2d","7800e7c581f0cb9959a63f44be4ccda0b81ca78cdd55139602197103e7cf5c70","5692474f7db70ab52a7a71c8af4867609e7e4b43","c3-effect-bytes-v1","","r1-era (per-run harness source hash NOT recorded in r1; src was edited between stages)","2026-10-07T23:25:57.307+08:00"
"e4-hot_conflict-fault_naive-p8-s23","r1:raw/e4.tgz","steward_mp_naive_registry","fault_ablation","8","23","1023","cf73fb615dd39a9f95be174b89562f7471717ffaa686c3945ace08580d73333d","sha256:1c985c0afddd1d2d","7800e7c581f0cb9959a63f44be4ccda0b81ca78cdd55139602197103e7cf5c70","5692474f7db70ab52a7a71c8af4867609e7e4b43","c3-effect-bytes-v1","","r1-era (per-run harness source hash NOT recorded in r1; src was edited between stages)","2026-10-07T23:25:58.617+08:00"
"e4-hot_conflict-fault_nolock-p8-s11","r1:raw/e4.tgz","steward_mp_apply_lock_off","fault_ablation","8","11","1011","9a24c4620e1f6cc70855b741c39f2af414a82c49ed6fe91041f2807ac912e1ae","sha256:1c985c0afddd1d2d","80a5ececda616dc63f8d537f80955e47f80cab9e55faddde3889cc30b285171f","5692474f7db70ab52a7a71c8af4867609e7e4b43","c3-effect-bytes-v1","","r1-era (per-run harness source hash NOT recorded in r1; src was edited between stages)","2026-10-07T23:25:59.989+08:00"
"e4-hot_conflict-fault_nolock-p8-s17","r1:raw/e4.tgz","steward_mp_apply_lock_off","fault_ablation","8","17","1017","3eec787f301bea0164c9423955e2cb60663899364daab907d35d48e3c8bfa114","sha256:1c985c0afddd1d2d","80a5ececda616dc63f8d537f80955e47f80cab9e55faddde3889cc30b285171f","5692474f7db70ab52a7a71c8af4867609e7e4b43","c3-effect-bytes-v1","","r1-era (per-run harness source hash NOT recorded in r1; src was edited between stages)","2026-10-07T23:26:01.442+08:00"
"e4-hot_conflict-fault_nolock-p8-s23","r1:raw/e4.tgz","steward_mp_apply_lock_off","fault_ablation","8","23","1023","cf73fb615dd39a9f95be174b89562f7471717ffaa686c3945ace08580d73333d","sha256:1c985c0afddd1d2d","80a5ececda616dc63f8d537f80955e47f80cab9e55faddde3889cc30b285171f","5692474f7db70ab52a7a71c8af4867609e7e4b43","c3-effect-bytes-v1","","r1-era (per-run harness source hash NOT recorded in r1; src was edited between stages)","2026-10-07T23:26:02.797+08:00"
"e4-hot_conflict-steward-p2-s11","r1:raw/e4.tgz","steward","main_method","2","11","1011","9a24c4620e1f6cc70855b741c39f2af414a82c49ed6fe91041f2807ac912e1ae","sha256:1c985c0afddd1d2d","9fe85ce528cd563924caea8d37dce385cec79054fd55d0728356a996eaf2c3bb","5692474f7db70ab52a7a71c8af4867609e7e4b43","c3-effect-bytes-v1","","r1-era (per-run harness source hash NOT recorded in r1; src was edited between stages)","2026-10-07T23:25:40.365+08:00"
"e4-hot_conflict-steward-p2-s17","r1:raw/e4.tgz","steward","main_method","2","17","1017","3eec787f301bea0164c9423955e2cb60663899364daab907d35d48e3c8bfa114","sha256:1c985c0afddd1d2d","9fe85ce528cd563924caea8d37dce385cec79054fd55d0728356a996eaf2c3bb","5692474f7db70ab52a7a71c8af4867609e7e4b43","c3-effect-bytes-v1","","r1-era (per-run harness source hash NOT recorded in r1; src was edited between stages)","2026-10-07T23:25:41.545+08:00"
"e4-hot_conflict-steward-p2-s23","r1:raw/e4.tgz","steward","main_method","2","23","1023","cf73fb615dd39a9f95be174b89562f7471717ffaa686c3945ace08580d73333d","sha256:1c985c0afddd1d2d","9fe85ce528cd563924caea8d37dce385cec79054fd55d0728356a996eaf2c3bb","5692474f7db70ab52a7a71c8af4867609e7e4b43","c3-effect-bytes-v1","","r1-era (per-run harness source hash NOT recorded in r1; src was edited between stages)","2026-10-07T23:25:42.677+08:00"
"e4-hot_conflict-steward-p4-s11","r1:raw/e4.tgz","steward","main_method","4","11","1011","9a24c4620e1f6cc70855b741c39f2af414a82c49ed6fe91041f2807ac912e1ae","sha256:1c985c0afddd1d2d","9fe85ce528cd563924caea8d37dce385cec79054fd55d0728356a996eaf2c3bb","5692474f7db70ab52a7a71c8af4867609e7e4b43","c3-effect-bytes-v1","","r1-era (per-run harness source hash NOT recorded in r1; src was edited between stages)","2026-10-07T23:25:43.942+08:00"
"e4-hot_conflict-steward-p4-s17","r1:raw/e4.tgz","steward","main_method","4","17","1017","3eec787f301bea0164c9423955e2cb60663899364daab907d35d48e3c8bfa114","sha256:1c985c0afddd1d2d","9fe85ce528cd563924caea8d37dce385cec79054fd55d0728356a996eaf2c3bb","5692474f7db70ab52a7a71c8af4867609e7e4b43","c3-effect-bytes-v1","","r1-era (per-run harness source hash NOT recorded in r1; src was edited between stages)","2026-10-07T23:25:45.140+08:00"
"e4-hot_conflict-steward-p4-s23","r1:raw/e4.tgz","steward","main_method","4","23","1023","cf73fb615dd39a9f95be174b89562f7471717ffaa686c3945ace08580d73333d","sha256:1c985c0afddd1d2d","9fe85ce528cd563924caea8d37dce385cec79054fd55d0728356a996eaf2c3bb","5692474f7db70ab52a7a71c8af4867609e7e4b43","c3-effect-bytes-v1","","r1-era (per-run harness source hash NOT recorded in r1; src was edited between stages)","2026-10-07T23:25:46.405+08:00"
"e4-hot_conflict-steward-p8-s11","r1:raw/e4.tgz","steward","main_method","8","11","1011","9a24c4620e1f6cc70855b741c39f2af414a82c49ed6fe91041f2807ac912e1ae","sha256:1c985c0afddd1d2d","9fe85ce528cd563924caea8d37dce385cec79054fd55d0728356a996eaf2c3bb","5692474f7db70ab52a7a71c8af4867609e7e4b43","c3-effect-bytes-v1","","r1-era (per-run harness source hash NOT recorded in r1; src was edited between stages)","2026-10-07T23:25:47.717+08:00"
"e4-hot_conflict-steward-p8-s17","r1:raw/e4.tgz","steward","main_method","8","17","1017","3eec787f301bea0164c9423955e2cb60663899364daab907d35d48e3c8bfa114","sha256:1c985c0afddd1d2d","9fe85ce528cd563924caea8d37dce385cec79054fd55d0728356a996eaf2c3bb","5692474f7db70ab52a7a71c8af4867609e7e4b43","c3-effect-bytes-v1","","r1-era (per-run harness source hash NOT recorded in r1; src was edited between stages)","2026-10-07T23:25:49.386+08:00"
"e4-hot_conflict-steward-p8-s23","r1:raw/e4.tgz","steward","main_method","8","23","1023","cf73fb615dd39a9f95be174b89562f7471717ffaa686c3945ace08580d73333d","sha256:1c985c0afddd1d2d","9fe85ce528cd563924caea8d37dce385cec79054fd55d0728356a996eaf2c3bb","5692474f7db70ab52a7a71c8af4867609e7e4b43","c3-effect-bytes-v1","","r1-era (per-run harness source hash NOT recorded in r1; src was edited between stages)","2026-10-07T23:25:51.030+08:00"
"e4-hot_conflict-steward-sp-s11","r1:raw/e4.tgz","steward","main_method","","11","1011","9a24c4620e1f6cc70855b741c39f2af414a82c49ed6fe91041f2807ac912e1ae","sha256:1c985c0afddd1d2d","9fe85ce528cd563924caea8d37dce385cec79054fd55d0728356a996eaf2c3bb","5692474f7db70ab52a7a71c8af4867609e7e4b43","c3-effect-bytes-v1","","r1-era (per-run harness source hash NOT recorded in r1; src was edited between stages)","2026-10-07T23:25:52.480+08:00"
"e4-hot_conflict-steward-sp-s17","r1:raw/e4.tgz","steward","main_method","","17","1017","3eec787f301bea0164c9423955e2cb60663899364daab907d35d48e3c8bfa114","sha256:1c985c0afddd1d2d","9fe85ce528cd563924caea8d37dce385cec79054fd55d0728356a996eaf2c3bb","5692474f7db70ab52a7a71c8af4867609e7e4b43","c3-effect-bytes-v1","","r1-era (per-run harness source hash NOT recorded in r1; src was edited between stages)","2026-10-07T23:25:53.770+08:00"
"e4-hot_conflict-steward-sp-s23","r1:raw/e4.tgz","steward","main_method","","23","1023","cf73fb615dd39a9f95be174b89562f7471717ffaa686c3945ace08580d73333d","sha256:1c985c0afddd1d2d","9fe85ce528cd563924caea8d37dce385cec79054fd55d0728356a996eaf2c3bb","5692474f7db70ab52a7a71c8af4867609e7e4b43","c3-effect-bytes-v1","","r1-era (per-run harness source hash NOT recorded in r1; src was edited between stages)","2026-10-07T23:25:55.005+08:00"
"e4-smoke-steward-p2-s11","r1:raw/e4.tgz","steward","main_method","2","11","1011","1cf1af2ce17b25240a1d93f098a267866521ec6394c62c6ba74ba43bc8295c75","sha256:1c985c0afddd1d2d","7223326d49c45a507e7fedf4043d4cf90a785b4e7df655b648caed46419933a6","5692474f7db70ab52a7a71c8af4867609e7e4b43","c3-effect-bytes-v1","","r1-era (per-run harness source hash NOT recorded in r1; src was edited between stages)","2026-10-07T23:24:46.740+08:00"
"e4-smoke-steward-p2-s11b","r1:raw/e4.tgz","steward","main_method","2","11","1011","1cf1af2ce17b25240a1d93f098a267866521ec6394c62c6ba74ba43bc8295c75","sha256:1c985c0afddd1d2d","7223326d49c45a507e7fedf4043d4cf90a785b4e7df655b648caed46419933a6","5692474f7db70ab52a7a71c8af4867609e7e4b43","c3-effect-bytes-v1","","r1-era (per-run harness source hash NOT recorded in r1; src was edited between stages)","2026-10-07T23:25:16.934+08:00"
"e4-smoke-sync-p2-s11","r1:raw/e4.tgz","ideal_sync","upper_bound","2","11","1011","1cf1af2ce17b25240a1d93f098a267866521ec6394c62c6ba74ba43bc8295c75","sha256:1c985c0afddd1d2d","399fab94845def149c2bf93bf613549c44d392b8b28bcce49d5d5709ef199b98","5692474f7db70ab52a7a71c8af4867609e7e4b43","c3-effect-bytes-v1","","r1-era (per-run harness source hash NOT recorded in r1; src was edited between stages)","2026-10-07T23:25:00.157+08:00"
"e5-clean_steward-s11","r1:raw/e5.tgz","steward","main_method","","11","1011","fc5b627655c3f6812b54ada476a3a6b03fe3c26772b6f7d2206f6e1310a52d56","sha256:1c985c0afddd1d2d","7d761ba80cae53194c3e3d75678ff5d35c0610e15d54f67eeda8e145a3ca1f83","5692474f7db70ab52a7a71c8af4867609e7e4b43","c3-effect-bytes-v1","","r1-era (per-run harness source hash NOT recorded in r1; src was edited between stages)","2026-10-07T23:29:39.332+08:00"
"e5-clean_steward-s17","r1:raw/e5.tgz","steward","main_method","","17","1017","3f9886d4bb1e8a90285304407c1997e70de728f917a84e6bd926893139c3d477","sha256:1c985c0afddd1d2d","7d761ba80cae53194c3e3d75678ff5d35c0610e15d54f67eeda8e145a3ca1f83","5692474f7db70ab52a7a71c8af4867609e7e4b43","c3-effect-bytes-v1","","r1-era (per-run harness source hash NOT recorded in r1; src was edited between stages)","2026-10-07T23:29:40.336+08:00"
"e5-clean_steward-s23","r1:raw/e5.tgz","steward","main_method","","23","1023","ca6db1244fd58207ef8cdbb8f95ca92837079cfc0514fdfa0fd75b1ba2d07dfe","sha256:1c985c0afddd1d2d","7d761ba80cae53194c3e3d75678ff5d35c0610e15d54f67eeda8e145a3ca1f83","5692474f7db70ab52a7a71c8af4867609e7e4b43","c3-effect-bytes-v1","","r1-era (per-run harness source hash NOT recorded in r1; src was edited between stages)","2026-10-07T23:29:41.154+08:00"
"e5-context_mismatch-r1","r1:raw/e5.tgz","","fault_ablation","","","","","","","","","","r1-era (per-run harness source hash NOT recorded in r1; src was edited between stages)",""
"e5-context_mismatch-r2","r1:raw/e5.tgz","","fault_ablation","","","","","","","","","","r1-era (per-run harness source hash NOT recorded in r1; src was edited between stages)",""
"e5-kill_mid_apply-r1","r1:raw/e5.tgz","","fault_ablation","","","","","","","","","","r1-era (per-run harness source hash NOT recorded in r1; src was edited between stages)",""
"e5-kill_mid_apply-r2","r1:raw/e5.tgz","","fault_ablation","","","","","","","","","","r1-era (per-run harness source hash NOT recorded in r1; src was edited between stages)",""
"e5-occ_exhaust-s11","r1:raw/e5.tgz","occ","baseline_occ","","11","1011","fc5b627655c3f6812b54ada476a3a6b03fe3c26772b6f7d2206f6e1310a52d56","sha256:1c985c0afddd1d2d","e161d69cf89382b9584a42ebeae8d2db34978269166448217deca35388960c61","5692474f7db70ab52a7a71c8af4867609e7e4b43","c3-effect-bytes-v1","","r1-era (per-run harness source hash NOT recorded in r1; src was edited between stages)","2026-10-07T23:29:38.061+08:00"
"e5-occ_exhaust-s17","r1:raw/e5.tgz","occ","baseline_occ","","17","1017","3f9886d4bb1e8a90285304407c1997e70de728f917a84e6bd926893139c3d477","sha256:1c985c0afddd1d2d","e161d69cf89382b9584a42ebeae8d2db34978269166448217deca35388960c61","5692474f7db70ab52a7a71c8af4867609e7e4b43","c3-effect-bytes-v1","","r1-era (per-run harness source hash NOT recorded in r1; src was edited between stages)","2026-10-07T23:29:38.509+08:00"
"e5-occ_exhaust-s23","r1:raw/e5.tgz","occ","baseline_occ","","23","1023","ca6db1244fd58207ef8cdbb8f95ca92837079cfc0514fdfa0fd75b1ba2d07dfe","sha256:1c985c0afddd1d2d","e161d69cf89382b9584a42ebeae8d2db34978269166448217deca35388960c61","5692474f7db70ab52a7a71c8af4867609e7e4b43","c3-effect-bytes-v1","","r1-era (per-run harness source hash NOT recorded in r1; src was edited between stages)","2026-10-07T23:29:38.906+08:00"
"e5-receipt_loss-r1","r1:raw/e5.tgz","","fault_ablation","","","","","","","","","","r1-era (per-run harness source hash NOT recorded in r1; src was edited between stages)",""
"e5-receipt_loss-r2","r1:raw/e5.tgz","","fault_ablation","","","","","","","","","","r1-era (per-run harness source hash NOT recorded in r1; src was edited between stages)",""
"e5-rollback_failure-r1","r1:raw/e5.tgz","","fault_ablation","","","","","","","","","","r1-era (per-run harness source hash NOT recorded in r1; src was edited between stages)",""
"e5-rollback_failure-r2","r1:raw/e5.tgz","","fault_ablation","","","","","","","","","","r1-era (per-run harness source hash NOT recorded in r1; src was edited between stages)",""
"e5-rollback_ok-r1","r1:raw/e5.tgz","","fault_ablation","","","","","","","","","","r1-era (per-run harness source hash NOT recorded in r1; src was edited between stages)",""
"e5-rollback_ok-r2","r1:raw/e5.tgz","","fault_ablation","","","","","","","","","","r1-era (per-run harness source hash NOT recorded in r1; src was edited between stages)",""
"e5-stale_cas-r1","r1:raw/e5.tgz","","fault_ablation","","","","","","","","","","r1-era (per-run harness source hash NOT recorded in r1; src was edited between stages)",""
"e5-stale_cas-r2","r1:raw/e5.tgz","","fault_ablation","","","","","","","","","","r1-era (per-run harness source hash NOT recorded in r1; src was edited between stages)",""
"gaps-logical-id-smoke","r1:raw/gaps.tgz","steward","main_method","","11","1011","efdf95046792141e4eedbaf6552734e8b51e6e24aa98b9782f75a2ea4d8836fb","sha256:1c985c0afddd1d2d","264503188b36aafb8b7132d243d3d0314137ce52f3b23972a9bbf9ad2ff490c1","5692474f7db70ab52a7a71c8af4867609e7e4b43","c3-effect-bytes-v1","","r1-era (per-run harness source hash NOT recorded in r1; src was edited between stages)","2026-10-07T23:11:33.052+08:00"
"r2-smoke-v2rt-mp","r2:raw/r2-smoke.tgz","steward_mp_steward_lock","mitigation_candidate","2","17","1017","3eec787f301bea0164c9423955e2cb60663899364daab907d35d48e3c8bfa114","sha256:1c985c0afddd1d2d","bdee16b83edc39ce533271cc416e52cd636eeb79d472c4c033cef166dd900d3b","5692474f7db70ab52a7a71c8af4867609e7e4b43","c3-effect-bytes-v1","c4-fullbytes-frame-v2","r2","2026-10-08T09:53:23.329+08:00"
"r2-smoke-v2rt-sp","r2:raw/r2-smoke.tgz","steward","main_method","","17","1017","3eec787f301bea0164c9423955e2cb60663899364daab907d35d48e3c8bfa114","sha256:1c985c0afddd1d2d","9fe85ce528cd563924caea8d37dce385cec79054fd55d0728356a996eaf2c3bb","5692474f7db70ab52a7a71c8af4867609e7e4b43","c3-effect-bytes-v1","c4-fullbytes-frame-v2","r2","2026-10-08T09:53:24.391+08:00"
"r2f-e4-p2-s11-g-r1cfg-r1","r2:raw/r2-e4-forensics.tgz","steward","main_method","2","11","1011","9a24c4620e1f6cc70855b741c39f2af414a82c49ed6fe91041f2807ac912e1ae","sha256:1c985c0afddd1d2d","1cba6c18ce8139aaa579457c7770e3565a1eb153f71a8d8cc90c0e14c71a1b06","5692474f7db70ab52a7a71c8af4867609e7e4b43","c3-effect-bytes-v1","","r2 (pre runtime-oracle-v2 hook)","2026-10-08T09:43:30.715+08:00"
"r2f-e4-p2-s11-g-r1cfg-r2","r2:raw/r2-e4-forensics.tgz","steward","main_method","2","11","1011","9a24c4620e1f6cc70855b741c39f2af414a82c49ed6fe91041f2807ac912e1ae","sha256:1c985c0afddd1d2d","1cba6c18ce8139aaa579457c7770e3565a1eb153f71a8d8cc90c0e14c71a1b06","5692474f7db70ab52a7a71c8af4867609e7e4b43","c3-effect-bytes-v1","","r2 (pre runtime-oracle-v2 hook)","2026-10-08T09:43:32.843+08:00"
"r2f-e4-p2-s11-g-r1cfg-r3","r2:raw/r2-e4-forensics.tgz","steward","main_method","2","11","1011","9a24c4620e1f6cc70855b741c39f2af414a82c49ed6fe91041f2807ac912e1ae","sha256:1c985c0afddd1d2d","1cba6c18ce8139aaa579457c7770e3565a1eb153f71a8d8cc90c0e14c71a1b06","5692474f7db70ab52a7a71c8af4867609e7e4b43","c3-effect-bytes-v1","","r2 (pre runtime-oracle-v2 hook)","2026-10-08T09:43:35.047+08:00"
"r2f-e4-p2-s11-g-r1cfg-r4","r2:raw/r2-e4-forensics.tgz","steward","main_method","2","11","1011","9a24c4620e1f6cc70855b741c39f2af414a82c49ed6fe91041f2807ac912e1ae","sha256:1c985c0afddd1d2d","1cba6c18ce8139aaa579457c7770e3565a1eb153f71a8d8cc90c0e14c71a1b06","5692474f7db70ab52a7a71c8af4867609e7e4b43","c3-effect-bytes-v1","","r2 (pre runtime-oracle-v2 hook)","2026-10-08T09:43:37.236+08:00"
"r2f-e4-p2-s11-g-r1cfg-r5","r2:raw/r2-e4-forensics.tgz","steward","main_method","2","11","1011","9a24c4620e1f6cc70855b741c39f2af414a82c49ed6fe91041f2807ac912e1ae","sha256:1c985c0afddd1d2d","1cba6c18ce8139aaa579457c7770e3565a1eb153f71a8d8cc90c0e14c71a1b06","5692474f7db70ab52a7a71c8af4867609e7e4b43","c3-effect-bytes-v1","","r2 (pre runtime-oracle-v2 hook)","2026-10-08T09:43:39.463+08:00"
"r2f-e4-p2-s11-g-slock-r1","r2:raw/r2-e4-forensics.tgz","steward_mp_steward_lock","mitigation_candidate","2","11","1011","9a24c4620e1f6cc70855b741c39f2af414a82c49ed6fe91041f2807ac912e1ae","sha256:1c985c0afddd1d2d","bdee16b83edc39ce533271cc416e52cd636eeb79d472c4c033cef166dd900d3b","5692474f7db70ab52a7a71c8af4867609e7e4b43","c3-effect-bytes-v1","","r2 (pre runtime-oracle-v2 hook)","2026-10-08T09:43:31.751+08:00"
"r2f-e4-p2-s11-g-slock-r2","r2:raw/r2-e4-forensics.tgz","steward_mp_steward_lock","mitigation_candidate","2","11","1011","9a24c4620e1f6cc70855b741c39f2af414a82c49ed6fe91041f2807ac912e1ae","sha256:1c985c0afddd1d2d","bdee16b83edc39ce533271cc416e52cd636eeb79d472c4c033cef166dd900d3b","5692474f7db70ab52a7a71c8af4867609e7e4b43","c3-effect-bytes-v1","","r2 (pre runtime-oracle-v2 hook)","2026-10-08T09:43:33.943+08:00"
"r2f-e4-p2-s11-g-slock-r3","r2:raw/r2-e4-forensics.tgz","steward_mp_steward_lock","mitigation_candidate","2","11","1011","9a24c4620e1f6cc70855b741c39f2af414a82c49ed6fe91041f2807ac912e1ae","sha256:1c985c0afddd1d2d","bdee16b83edc39ce533271cc416e52cd636eeb79d472c4c033cef166dd900d3b","5692474f7db70ab52a7a71c8af4867609e7e4b43","c3-effect-bytes-v1","","r2 (pre runtime-oracle-v2 hook)","2026-10-08T09:43:36.061+08:00"
"r2f-e4-p2-s11-g-slock-r4","r2:raw/r2-e4-forensics.tgz","steward_mp_steward_lock","mitigation_candidate","2","11","1011","9a24c4620e1f6cc70855b741c39f2af414a82c49ed6fe91041f2807ac912e1ae","sha256:1c985c0afddd1d2d","bdee16b83edc39ce533271cc416e52cd636eeb79d472c4c033cef166dd900d3b","5692474f7db70ab52a7a71c8af4867609e7e4b43","c3-effect-bytes-v1","","r2 (pre runtime-oracle-v2 hook)","2026-10-08T09:43:38.309+08:00"
"r2f-e4-p2-s11-g-slock-r5","r2:raw/r2-e4-forensics.tgz","steward_mp_steward_lock","mitigation_candidate","2","11","1011","9a24c4620e1f6cc70855b741c39f2af414a82c49ed6fe91041f2807ac912e1ae","sha256:1c985c0afddd1d2d","bdee16b83edc39ce533271cc416e52cd636eeb79d472c4c033cef166dd900d3b","5692474f7db70ab52a7a71c8af4867609e7e4b43","c3-effect-bytes-v1","","r2 (pre runtime-oracle-v2 hook)","2026-10-08T09:43:40.480+08:00"
"r2f-e4-p2-s17-g-r1cfg-r1","r2:raw/r2-e4-forensics.tgz","steward","main_method","2","17","1017","3eec787f301bea0164c9423955e2cb60663899364daab907d35d48e3c8bfa114","sha256:1c985c0afddd1d2d","1cba6c18ce8139aaa579457c7770e3565a1eb153f71a8d8cc90c0e14c71a1b06","5692474f7db70ab52a7a71c8af4867609e7e4b43","c3-effect-bytes-v1","","r2 (pre runtime-oracle-v2 hook)","2026-10-08T09:43:41.508+08:00"
"r2f-e4-p2-s17-g-r1cfg-r2","r2:raw/r2-e4-forensics.tgz","steward","main_method","2","17","1017","3eec787f301bea0164c9423955e2cb60663899364daab907d35d48e3c8bfa114","sha256:1c985c0afddd1d2d","1cba6c18ce8139aaa579457c7770e3565a1eb153f71a8d8cc90c0e14c71a1b06","5692474f7db70ab52a7a71c8af4867609e7e4b43","c3-effect-bytes-v1","","r2 (pre runtime-oracle-v2 hook)","2026-10-08T09:43:43.509+08:00"
"r2f-e4-p2-s17-g-r1cfg-r3","r2:raw/r2-e4-forensics.tgz","steward","main_method","2","17","1017","3eec787f301bea0164c9423955e2cb60663899364daab907d35d48e3c8bfa114","sha256:1c985c0afddd1d2d","1cba6c18ce8139aaa579457c7770e3565a1eb153f71a8d8cc90c0e14c71a1b06","5692474f7db70ab52a7a71c8af4867609e7e4b43","c3-effect-bytes-v1","","r2 (pre runtime-oracle-v2 hook)","2026-10-08T09:43:45.632+08:00"
"r2f-e4-p2-s17-g-r1cfg-r4","r2:raw/r2-e4-forensics.tgz","steward","main_method","2","17","1017","3eec787f301bea0164c9423955e2cb60663899364daab907d35d48e3c8bfa114","sha256:1c985c0afddd1d2d","1cba6c18ce8139aaa579457c7770e3565a1eb153f71a8d8cc90c0e14c71a1b06","5692474f7db70ab52a7a71c8af4867609e7e4b43","c3-effect-bytes-v1","","r2 (pre runtime-oracle-v2 hook)","2026-10-08T09:43:47.533+08:00"
"r2f-e4-p2-s17-g-r1cfg-r5","r2:raw/r2-e4-forensics.tgz","steward","main_method","2","17","1017","3eec787f301bea0164c9423955e2cb60663899364daab907d35d48e3c8bfa114","sha256:1c985c0afddd1d2d","1cba6c18ce8139aaa579457c7770e3565a1eb153f71a8d8cc90c0e14c71a1b06","5692474f7db70ab52a7a71c8af4867609e7e4b43","c3-effect-bytes-v1","","r2 (pre runtime-oracle-v2 hook)","2026-10-08T09:43:49.538+08:00"
"r2f-e4-p2-s17-g-slock-r1","r2:raw/r2-e4-forensics.tgz","steward_mp_steward_lock","mitigation_candidate","2","17","1017","3eec787f301bea0164c9423955e2cb60663899364daab907d35d48e3c8bfa114","sha256:1c985c0afddd1d2d","bdee16b83edc39ce533271cc416e52cd636eeb79d472c4c033cef166dd900d3b","5692474f7db70ab52a7a71c8af4867609e7e4b43","c3-effect-bytes-v1","","r2 (pre runtime-oracle-v2 hook)","2026-10-08T09:43:42.485+08:00"
"r2f-e4-p2-s17-g-slock-r2","r2:raw/r2-e4-forensics.tgz","steward_mp_steward_lock","mitigation_candidate","2","17","1017","3eec787f301bea0164c9423955e2cb60663899364daab907d35d48e3c8bfa114","sha256:1c985c0afddd1d2d","bdee16b83edc39ce533271cc416e52cd636eeb79d472c4c033cef166dd900d3b","5692474f7db70ab52a7a71c8af4867609e7e4b43","c3-effect-bytes-v1","","r2 (pre runtime-oracle-v2 hook)","2026-10-08T09:43:44.567+08:00"
"r2f-e4-p2-s17-g-slock-r3","r2:raw/r2-e4-forensics.tgz","steward_mp_steward_lock","mitigation_candidate","2","17","1017","3eec787f301bea0164c9423955e2cb60663899364daab907d35d48e3c8bfa114","sha256:1c985c0afddd1d2d","bdee16b83edc39ce533271cc416e52cd636eeb79d472c4c033cef166dd900d3b","5692474f7db70ab52a7a71c8af4867609e7e4b43","c3-effect-bytes-v1","","r2 (pre runtime-oracle-v2 hook)","2026-10-08T09:43:46.520+08:00"
"r2f-e4-p2-s17-g-slock-r4","r2:raw/r2-e4-forensics.tgz","steward_mp_steward_lock","mitigation_candidate","2","17","1017","3eec787f301bea0164c9423955e2cb60663899364daab907d35d48e3c8bfa114","sha256:1c985c0afddd1d2d","bdee16b83edc39ce533271cc416e52cd636eeb79d472c4c033cef166dd900d3b","5692474f7db70ab52a7a71c8af4867609e7e4b43","c3-effect-bytes-v1","","r2 (pre runtime-oracle-v2 hook)","2026-10-08T09:43:48.508+08:00"
"r2f-e4-p2-s17-g-slock-r5","r2:raw/r2-e4-forensics.tgz","steward_mp_steward_lock","mitigation_candidate","2","17","1017","3eec787f301bea0164c9423955e2cb60663899364daab907d35d48e3c8bfa114","sha256:1c985c0afddd1d2d","bdee16b83edc39ce533271cc416e52cd636eeb79d472c4c033cef166dd900d3b","5692474f7db70ab52a7a71c8af4867609e7e4b43","c3-effect-bytes-v1","","r2 (pre runtime-oracle-v2 hook)","2026-10-08T09:43:50.539+08:00"
"r2f-e4-p2-s17-r1cfg-r01","r2:raw/r2-e4-forensics.tgz","steward","main_method","2","17","1017","3eec787f301bea0164c9423955e2cb60663899364daab907d35d48e3c8bfa114","sha256:1c985c0afddd1d2d","1cba6c18ce8139aaa579457c7770e3565a1eb153f71a8d8cc90c0e14c71a1b06","5692474f7db70ab52a7a71c8af4867609e7e4b43","c3-effect-bytes-v1","","r2 (pre runtime-oracle-v2 hook)","2026-10-08T09:42:26.814+08:00"
"r2f-e4-p2-s17-r1cfg-r02","r2:raw/r2-e4-forensics.tgz","steward","main_method","2","17","1017","3eec787f301bea0164c9423955e2cb60663899364daab907d35d48e3c8bfa114","sha256:1c985c0afddd1d2d","1cba6c18ce8139aaa579457c7770e3565a1eb153f71a8d8cc90c0e14c71a1b06","5692474f7db70ab52a7a71c8af4867609e7e4b43","c3-effect-bytes-v1","","r2 (pre runtime-oracle-v2 hook)","2026-10-08T09:42:28.942+08:00"
"r2f-e4-p2-s17-r1cfg-r03","r2:raw/r2-e4-forensics.tgz","steward","main_method","2","17","1017","3eec787f301bea0164c9423955e2cb60663899364daab907d35d48e3c8bfa114","sha256:1c985c0afddd1d2d","1cba6c18ce8139aaa579457c7770e3565a1eb153f71a8d8cc90c0e14c71a1b06","5692474f7db70ab52a7a71c8af4867609e7e4b43","c3-effect-bytes-v1","","r2 (pre runtime-oracle-v2 hook)","2026-10-08T09:42:31.173+08:00"
"r2f-e4-p2-s17-r1cfg-r04","r2:raw/r2-e4-forensics.tgz","steward","main_method","2","17","1017","3eec787f301bea0164c9423955e2cb60663899364daab907d35d48e3c8bfa114","sha256:1c985c0afddd1d2d","1cba6c18ce8139aaa579457c7770e3565a1eb153f71a8d8cc90c0e14c71a1b06","5692474f7db70ab52a7a71c8af4867609e7e4b43","c3-effect-bytes-v1","","r2 (pre runtime-oracle-v2 hook)","2026-10-08T09:42:33.184+08:00"
"r2f-e4-p2-s17-r1cfg-r05","r2:raw/r2-e4-forensics.tgz","steward","main_method","2","17","1017","3eec787f301bea0164c9423955e2cb60663899364daab907d35d48e3c8bfa114","sha256:1c985c0afddd1d2d","1cba6c18ce8139aaa579457c7770e3565a1eb153f71a8d8cc90c0e14c71a1b06","5692474f7db70ab52a7a71c8af4867609e7e4b43","c3-effect-bytes-v1","","r2 (pre runtime-oracle-v2 hook)","2026-10-08T09:42:35.255+08:00"
"r2f-e4-p2-s17-r1cfg-r06","r2:raw/r2-e4-forensics.tgz","steward","main_method","2","17","1017","3eec787f301bea0164c9423955e2cb60663899364daab907d35d48e3c8bfa114","sha256:1c985c0afddd1d2d","1cba6c18ce8139aaa579457c7770e3565a1eb153f71a8d8cc90c0e14c71a1b06","5692474f7db70ab52a7a71c8af4867609e7e4b43","c3-effect-bytes-v1","","r2 (pre runtime-oracle-v2 hook)","2026-10-08T09:42:37.292+08:00"
"r2f-e4-p2-s17-r1cfg-r07","r2:raw/r2-e4-forensics.tgz","steward","main_method","2","17","1017","3eec787f301bea0164c9423955e2cb60663899364daab907d35d48e3c8bfa114","sha256:1c985c0afddd1d2d","1cba6c18ce8139aaa579457c7770e3565a1eb153f71a8d8cc90c0e14c71a1b06","5692474f7db70ab52a7a71c8af4867609e7e4b43","c3-effect-bytes-v1","","r2 (pre runtime-oracle-v2 hook)","2026-10-08T09:42:39.389+08:00"
"r2f-e4-p2-s17-r1cfg-r08","r2:raw/r2-e4-forensics.tgz","steward","main_method","2","17","1017","3eec787f301bea0164c9423955e2cb60663899364daab907d35d48e3c8bfa114","sha256:1c985c0afddd1d2d","1cba6c18ce8139aaa579457c7770e3565a1eb153f71a8d8cc90c0e14c71a1b06","5692474f7db70ab52a7a71c8af4867609e7e4b43","c3-effect-bytes-v1","","r2 (pre runtime-oracle-v2 hook)","2026-10-08T09:42:41.516+08:00"
"r2f-e4-p2-s17-r1cfg-r09","r2:raw/r2-e4-forensics.tgz","steward","main_method","2","17","1017","3eec787f301bea0164c9423955e2cb60663899364daab907d35d48e3c8bfa114","sha256:1c985c0afddd1d2d","1cba6c18ce8139aaa579457c7770e3565a1eb153f71a8d8cc90c0e14c71a1b06","5692474f7db70ab52a7a71c8af4867609e7e4b43","c3-effect-bytes-v1","","r2 (pre runtime-oracle-v2 hook)","2026-10-08T09:42:43.639+08:00"
"r2f-e4-p2-s17-r1cfg-r10","r2:raw/r2-e4-forensics.tgz","steward","main_method","2","17","1017","3eec787f301bea0164c9423955e2cb60663899364daab907d35d48e3c8bfa114","sha256:1c985c0afddd1d2d","1cba6c18ce8139aaa579457c7770e3565a1eb153f71a8d8cc90c0e14c71a1b06","5692474f7db70ab52a7a71c8af4867609e7e4b43","c3-effect-bytes-v1","","r2 (pre runtime-oracle-v2 hook)","2026-10-08T09:42:45.827+08:00"
"r2f-e4-p2-s17-r1cfg-r11","r2:raw/r2-e4-forensics.tgz","steward","main_method","2","17","1017","3eec787f301bea0164c9423955e2cb60663899364daab907d35d48e3c8bfa114","sha256:1c985c0afddd1d2d","1cba6c18ce8139aaa579457c7770e3565a1eb153f71a8d8cc90c0e14c71a1b06","5692474f7db70ab52a7a71c8af4867609e7e4b43","c3-effect-bytes-v1","","r2 (pre runtime-oracle-v2 hook)","2026-10-08T09:42:47.770+08:00"
"r2f-e4-p2-s17-r1cfg-r12","r2:raw/r2-e4-forensics.tgz","steward","main_method","2","17","1017","3eec787f301bea0164c9423955e2cb60663899364daab907d35d48e3c8bfa114","sha256:1c985c0afddd1d2d","1cba6c18ce8139aaa579457c7770e3565a1eb153f71a8d8cc90c0e14c71a1b06","5692474f7db70ab52a7a71c8af4867609e7e4b43","c3-effect-bytes-v1","","r2 (pre runtime-oracle-v2 hook)","2026-10-08T09:42:49.912+08:00"
"r2f-e4-p2-s17-r1cfg-r13","r2:raw/r2-e4-forensics.tgz","steward","main_method","2","17","1017","3eec787f301bea0164c9423955e2cb60663899364daab907d35d48e3c8bfa114","sha256:1c985c0afddd1d2d","1cba6c18ce8139aaa579457c7770e3565a1eb153f71a8d8cc90c0e14c71a1b06","5692474f7db70ab52a7a71c8af4867609e7e4b43","c3-effect-bytes-v1","","r2 (pre runtime-oracle-v2 hook)","2026-10-08T09:42:51.979+08:00"
"r2f-e4-p2-s17-r1cfg-r14","r2:raw/r2-e4-forensics.tgz","steward","main_method","2","17","1017","3eec787f301bea0164c9423955e2cb60663899364daab907d35d48e3c8bfa114","sha256:1c985c0afddd1d2d","1cba6c18ce8139aaa579457c7770e3565a1eb153f71a8d8cc90c0e14c71a1b06","5692474f7db70ab52a7a71c8af4867609e7e4b43","c3-effect-bytes-v1","","r2 (pre runtime-oracle-v2 hook)","2026-10-08T09:42:54.079+08:00"
"r2f-e4-p2-s17-r1cfg-r15","r2:raw/r2-e4-forensics.tgz","steward","main_method","2","17","1017","3eec787f301bea0164c9423955e2cb60663899364daab907d35d48e3c8bfa114","sha256:1c985c0afddd1d2d","1cba6c18ce8139aaa579457c7770e3565a1eb153f71a8d8cc90c0e14c71a1b06","5692474f7db70ab52a7a71c8af4867609e7e4b43","c3-effect-bytes-v1","","r2 (pre runtime-oracle-v2 hook)","2026-10-08T09:42:56.344+08:00"
"r2f-e4-p2-s17-r1cfg-r16","r2:raw/r2-e4-forensics.tgz","steward","main_method","2","17","1017","3eec787f301bea0164c9423955e2cb60663899364daab907d35d48e3c8bfa114","sha256:1c985c0afddd1d2d","1cba6c18ce8139aaa579457c7770e3565a1eb153f71a8d8cc90c0e14c71a1b06","5692474f7db70ab52a7a71c8af4867609e7e4b43","c3-effect-bytes-v1","","r2 (pre runtime-oracle-v2 hook)","2026-10-08T09:42:58.372+08:00"
"r2f-e4-p2-s17-r1cfg-r17","r2:raw/r2-e4-forensics.tgz","steward","main_method","2","17","1017","3eec787f301bea0164c9423955e2cb60663899364daab907d35d48e3c8bfa114","sha256:1c985c0afddd1d2d","1cba6c18ce8139aaa579457c7770e3565a1eb153f71a8d8cc90c0e14c71a1b06","5692474f7db70ab52a7a71c8af4867609e7e4b43","c3-effect-bytes-v1","","r2 (pre runtime-oracle-v2 hook)","2026-10-08T09:43:00.625+08:00"
"r2f-e4-p2-s17-r1cfg-r18","r2:raw/r2-e4-forensics.tgz","steward","main_method","2","17","1017","3eec787f301bea0164c9423955e2cb60663899364daab907d35d48e3c8bfa114","sha256:1c985c0afddd1d2d","1cba6c18ce8139aaa579457c7770e3565a1eb153f71a8d8cc90c0e14c71a1b06","5692474f7db70ab52a7a71c8af4867609e7e4b43","c3-effect-bytes-v1","","r2 (pre runtime-oracle-v2 hook)","2026-10-08T09:43:02.614+08:00"
"r2f-e4-p2-s17-r1cfg-r19","r2:raw/r2-e4-forensics.tgz","steward","main_method","2","17","1017","3eec787f301bea0164c9423955e2cb60663899364daab907d35d48e3c8bfa114","sha256:1c985c0afddd1d2d","1cba6c18ce8139aaa579457c7770e3565a1eb153f71a8d8cc90c0e14c71a1b06","5692474f7db70ab52a7a71c8af4867609e7e4b43","c3-effect-bytes-v1","","r2 (pre runtime-oracle-v2 hook)","2026-10-08T09:43:04.945+08:00"
"r2f-e4-p2-s17-r1cfg-r20","r2:raw/r2-e4-forensics.tgz","steward","main_method","2","17","1017","3eec787f301bea0164c9423955e2cb60663899364daab907d35d48e3c8bfa114","sha256:1c985c0afddd1d2d","1cba6c18ce8139aaa579457c7770e3565a1eb153f71a8d8cc90c0e14c71a1b06","5692474f7db70ab52a7a71c8af4867609e7e4b43","c3-effect-bytes-v1","","r2 (pre runtime-oracle-v2 hook)","2026-10-08T09:43:07.073+08:00"
"r2f-e4-p2-s17-r1cfg-r21","r2:raw/r2-e4-forensics.tgz","steward","main_method","2","17","1017","3eec787f301bea0164c9423955e2cb60663899364daab907d35d48e3c8bfa114","sha256:1c985c0afddd1d2d","1cba6c18ce8139aaa579457c7770e3565a1eb153f71a8d8cc90c0e14c71a1b06","5692474f7db70ab52a7a71c8af4867609e7e4b43","c3-effect-bytes-v1","","r2 (pre runtime-oracle-v2 hook)","2026-10-08T09:43:09.436+08:00"
"r2f-e4-p2-s17-r1cfg-r22","r2:raw/r2-e4-forensics.tgz","steward","main_method","2","17","1017","3eec787f301bea0164c9423955e2cb60663899364daab907d35d48e3c8bfa114","sha256:1c985c0afddd1d2d","1cba6c18ce8139aaa579457c7770e3565a1eb153f71a8d8cc90c0e14c71a1b06","5692474f7db70ab52a7a71c8af4867609e7e4b43","c3-effect-bytes-v1","","r2 (pre runtime-oracle-v2 hook)","2026-10-08T09:43:11.550+08:00"
"r2f-e4-p2-s17-r1cfg-r23","r2:raw/r2-e4-forensics.tgz","steward","main_method","2","17","1017","3eec787f301bea0164c9423955e2cb60663899364daab907d35d48e3c8bfa114","sha256:1c985c0afddd1d2d","1cba6c18ce8139aaa579457c7770e3565a1eb153f71a8d8cc90c0e14c71a1b06","5692474f7db70ab52a7a71c8af4867609e7e4b43","c3-effect-bytes-v1","","r2 (pre runtime-oracle-v2 hook)","2026-10-08T09:43:13.712+08:00"
"r2f-e4-p2-s17-r1cfg-r24","r2:raw/r2-e4-forensics.tgz","steward","main_method","2","17","1017","3eec787f301bea0164c9423955e2cb60663899364daab907d35d48e3c8bfa114","sha256:1c985c0afddd1d2d","1cba6c18ce8139aaa579457c7770e3565a1eb153f71a8d8cc90c0e14c71a1b06","5692474f7db70ab52a7a71c8af4867609e7e4b43","c3-effect-bytes-v1","","r2 (pre runtime-oracle-v2 hook)","2026-10-08T09:43:15.798+08:00"
"r2f-e4-p2-s17-r1cfg-r25","r2:raw/r2-e4-forensics.tgz","steward","main_method","2","17","1017","3eec787f301bea0164c9423955e2cb60663899364daab907d35d48e3c8bfa114","sha256:1c985c0afddd1d2d","1cba6c18ce8139aaa579457c7770e3565a1eb153f71a8d8cc90c0e14c71a1b06","5692474f7db70ab52a7a71c8af4867609e7e4b43","c3-effect-bytes-v1","","r2 (pre runtime-oracle-v2 hook)","2026-10-08T09:43:17.974+08:00"
"r2f-e4-p2-s17-r1cfg-r26","r2:raw/r2-e4-forensics.tgz","steward","main_method","2","17","1017","3eec787f301bea0164c9423955e2cb60663899364daab907d35d48e3c8bfa114","sha256:1c985c0afddd1d2d","1cba6c18ce8139aaa579457c7770e3565a1eb153f71a8d8cc90c0e14c71a1b06","5692474f7db70ab52a7a71c8af4867609e7e4b43","c3-effect-bytes-v1","","r2 (pre runtime-oracle-v2 hook)","2026-10-08T09:43:20.081+08:00"
"r2f-e4-p2-s17-r1cfg-r27","r2:raw/r2-e4-forensics.tgz","steward","main_method","2","17","1017","3eec787f301bea0164c9423955e2cb60663899364daab907d35d48e3c8bfa114","sha256:1c985c0afddd1d2d","1cba6c18ce8139aaa579457c7770e3565a1eb153f71a8d8cc90c0e14c71a1b06","5692474f7db70ab52a7a71c8af4867609e7e4b43","c3-effect-bytes-v1","","r2 (pre runtime-oracle-v2 hook)","2026-10-08T09:43:22.169+08:00"
"r2f-e4-p2-s17-r1cfg-r28","r2:raw/r2-e4-forensics.tgz","steward","main_method","2","17","1017","3eec787f301bea0164c9423955e2cb60663899364daab907d35d48e3c8bfa114","sha256:1c985c0afddd1d2d","1cba6c18ce8139aaa579457c7770e3565a1eb153f71a8d8cc90c0e14c71a1b06","5692474f7db70ab52a7a71c8af4867609e7e4b43","c3-effect-bytes-v1","","r2 (pre runtime-oracle-v2 hook)","2026-10-08T09:43:24.489+08:00"
"r2f-e4-p2-s17-r1cfg-r29","r2:raw/r2-e4-forensics.tgz","steward","main_method","2","17","1017","3eec787f301bea0164c9423955e2cb60663899364daab907d35d48e3c8bfa114","sha256:1c985c0afddd1d2d","1cba6c18ce8139aaa579457c7770e3565a1eb153f71a8d8cc90c0e14c71a1b06","5692474f7db70ab52a7a71c8af4867609e7e4b43","c3-effect-bytes-v1","","r2 (pre runtime-oracle-v2 hook)","2026-10-08T09:43:26.700+08:00"
"r2f-e4-p2-s17-r1cfg-r30","r2:raw/r2-e4-forensics.tgz","steward","main_method","2","17","1017","3eec787f301bea0164c9423955e2cb60663899364daab907d35d48e3c8bfa114","sha256:1c985c0afddd1d2d","1cba6c18ce8139aaa579457c7770e3565a1eb153f71a8d8cc90c0e14c71a1b06","5692474f7db70ab52a7a71c8af4867609e7e4b43","c3-effect-bytes-v1","","r2 (pre runtime-oracle-v2 hook)","2026-10-08T09:43:28.740+08:00"
"r2f-e4-p2-s17-slock-r01","r2:raw/r2-e4-forensics.tgz","steward_mp_steward_lock","mitigation_candidate","2","17","1017","3eec787f301bea0164c9423955e2cb60663899364daab907d35d48e3c8bfa114","sha256:1c985c0afddd1d2d","bdee16b83edc39ce533271cc416e52cd636eeb79d472c4c033cef166dd900d3b","5692474f7db70ab52a7a71c8af4867609e7e4b43","c3-effect-bytes-v1","","r2 (pre runtime-oracle-v2 hook)","2026-10-08T09:42:27.856+08:00"
"r2f-e4-p2-s17-slock-r02","r2:raw/r2-e4-forensics.tgz","steward_mp_steward_lock","mitigation_candidate","2","17","1017","3eec787f301bea0164c9423955e2cb60663899364daab907d35d48e3c8bfa114","sha256:1c985c0afddd1d2d","bdee16b83edc39ce533271cc416e52cd636eeb79d472c4c033cef166dd900d3b","5692474f7db70ab52a7a71c8af4867609e7e4b43","c3-effect-bytes-v1","","r2 (pre runtime-oracle-v2 hook)","2026-10-08T09:42:30.148+08:00"
"r2f-e4-p2-s17-slock-r03","r2:raw/r2-e4-forensics.tgz","steward_mp_steward_lock","mitigation_candidate","2","17","1017","3eec787f301bea0164c9423955e2cb60663899364daab907d35d48e3c8bfa114","sha256:1c985c0afddd1d2d","bdee16b83edc39ce533271cc416e52cd636eeb79d472c4c033cef166dd900d3b","5692474f7db70ab52a7a71c8af4867609e7e4b43","c3-effect-bytes-v1","","r2 (pre runtime-oracle-v2 hook)","2026-10-08T09:42:32.164+08:00"
"r2f-e4-p2-s17-slock-r04","r2:raw/r2-e4-forensics.tgz","steward_mp_steward_lock","mitigation_candidate","2","17","1017","3eec787f301bea0164c9423955e2cb60663899364daab907d35d48e3c8bfa114","sha256:1c985c0afddd1d2d","bdee16b83edc39ce533271cc416e52cd636eeb79d472c4c033cef166dd900d3b","5692474f7db70ab52a7a71c8af4867609e7e4b43","c3-effect-bytes-v1","","r2 (pre runtime-oracle-v2 hook)","2026-10-08T09:42:34.143+08:00"
"r2f-e4-p2-s17-slock-r05","r2:raw/r2-e4-forensics.tgz","steward_mp_steward_lock","mitigation_candidate","2","17","1017","3eec787f301bea0164c9423955e2cb60663899364daab907d35d48e3c8bfa114","sha256:1c985c0afddd1d2d","bdee16b83edc39ce533271cc416e52cd636eeb79d472c4c033cef166dd900d3b","5692474f7db70ab52a7a71c8af4867609e7e4b43","c3-effect-bytes-v1","","r2 (pre runtime-oracle-v2 hook)","2026-10-08T09:42:36.304+08:00"
"r2f-e4-p2-s17-slock-r06","r2:raw/r2-e4-forensics.tgz","steward_mp_steward_lock","mitigation_candidate","2","17","1017","3eec787f301bea0164c9423955e2cb60663899364daab907d35d48e3c8bfa114","sha256:1c985c0afddd1d2d","bdee16b83edc39ce533271cc416e52cd636eeb79d472c4c033cef166dd900d3b","5692474f7db70ab52a7a71c8af4867609e7e4b43","c3-effect-bytes-v1","","r2 (pre runtime-oracle-v2 hook)","2026-10-08T09:42:38.368+08:00"
"r2f-e4-p2-s17-slock-r07","r2:raw/r2-e4-forensics.tgz","steward_mp_steward_lock","mitigation_candidate","2","17","1017","3eec787f301bea0164c9423955e2cb60663899364daab907d35d48e3c8bfa114","sha256:1c985c0afddd1d2d","bdee16b83edc39ce533271cc416e52cd636eeb79d472c4c033cef166dd900d3b","5692474f7db70ab52a7a71c8af4867609e7e4b43","c3-effect-bytes-v1","","r2 (pre runtime-oracle-v2 hook)","2026-10-08T09:42:40.445+08:00"
"r2f-e4-p2-s17-slock-r08","r2:raw/r2-e4-forensics.tgz","steward_mp_steward_lock","mitigation_candidate","2","17","1017","3eec787f301bea0164c9423955e2cb60663899364daab907d35d48e3c8bfa114","sha256:1c985c0afddd1d2d","bdee16b83edc39ce533271cc416e52cd636eeb79d472c4c033cef166dd900d3b","5692474f7db70ab52a7a71c8af4867609e7e4b43","c3-effect-bytes-v1","","r2 (pre runtime-oracle-v2 hook)","2026-10-08T09:42:42.473+08:00"
"r2f-e4-p2-s17-slock-r09","r2:raw/r2-e4-forensics.tgz","steward_mp_steward_lock","mitigation_candidate","2","17","1017","3eec787f301bea0164c9423955e2cb60663899364daab907d35d48e3c8bfa114","sha256:1c985c0afddd1d2d","bdee16b83edc39ce533271cc416e52cd636eeb79d472c4c033cef166dd900d3b","5692474f7db70ab52a7a71c8af4867609e7e4b43","c3-effect-bytes-v1","","r2 (pre runtime-oracle-v2 hook)","2026-10-08T09:42:44.744+08:00"
"r2f-e4-p2-s17-slock-r10","r2:raw/r2-e4-forensics.tgz","steward_mp_steward_lock","mitigation_candidate","2","17","1017","3eec787f301bea0164c9423955e2cb60663899364daab907d35d48e3c8bfa114","sha256:1c985c0afddd1d2d","bdee16b83edc39ce533271cc416e52cd636eeb79d472c4c033cef166dd900d3b","5692474f7db70ab52a7a71c8af4867609e7e4b43","c3-effect-bytes-v1","","r2 (pre runtime-oracle-v2 hook)","2026-10-08T09:42:46.766+08:00"
"r2f-e4-p2-s17-slock-r11","r2:raw/r2-e4-forensics.tgz","steward_mp_steward_lock","mitigation_candidate","2","17","1017","3eec787f301bea0164c9423955e2cb60663899364daab907d35d48e3c8bfa114","sha256:1c985c0afddd1d2d","bdee16b83edc39ce533271cc416e52cd636eeb79d472c4c033cef166dd900d3b","5692474f7db70ab52a7a71c8af4867609e7e4b43","c3-effect-bytes-v1","","r2 (pre runtime-oracle-v2 hook)","2026-10-08T09:42:48.890+08:00"
"r2f-e4-p2-s17-slock-r12","r2:raw/r2-e4-forensics.tgz","steward_mp_steward_lock","mitigation_candidate","2","17","1017","3eec787f301bea0164c9423955e2cb60663899364daab907d35d48e3c8bfa114","sha256:1c985c0afddd1d2d","bdee16b83edc39ce533271cc416e52cd636eeb79d472c4c033cef166dd900d3b","5692474f7db70ab52a7a71c8af4867609e7e4b43","c3-effect-bytes-v1","","r2 (pre runtime-oracle-v2 hook)","2026-10-08T09:42:50.916+08:00"
"r2f-e4-p2-s17-slock-r13","r2:raw/r2-e4-forensics.tgz","steward_mp_steward_lock","mitigation_candidate","2","17","1017","3eec787f301bea0164c9423955e2cb60663899364daab907d35d48e3c8bfa114","sha256:1c985c0afddd1d2d","bdee16b83edc39ce533271cc416e52cd636eeb79d472c4c033cef166dd900d3b","5692474f7db70ab52a7a71c8af4867609e7e4b43","c3-effect-bytes-v1","","r2 (pre runtime-oracle-v2 hook)","2026-10-08T09:42:53.042+08:00"
"r2f-e4-p2-s17-slock-r14","r2:raw/r2-e4-forensics.tgz","steward_mp_steward_lock","mitigation_candidate","2","17","1017","3eec787f301bea0164c9423955e2cb60663899364daab907d35d48e3c8bfa114","sha256:1c985c0afddd1d2d","bdee16b83edc39ce533271cc416e52cd636eeb79d472c4c033cef166dd900d3b","5692474f7db70ab52a7a71c8af4867609e7e4b43","c3-effect-bytes-v1","","r2 (pre runtime-oracle-v2 hook)","2026-10-08T09:42:55.291+08:00"
"r2f-e4-p2-s17-slock-r15","r2:raw/r2-e4-forensics.tgz","steward_mp_steward_lock","mitigation_candidate","2","17","1017","3eec787f301bea0164c9423955e2cb60663899364daab907d35d48e3c8bfa114","sha256:1c985c0afddd1d2d","bdee16b83edc39ce533271cc416e52cd636eeb79d472c4c033cef166dd900d3b","5692474f7db70ab52a7a71c8af4867609e7e4b43","c3-effect-bytes-v1","","r2 (pre runtime-oracle-v2 hook)","2026-10-08T09:42:57.335+08:00"
"r2f-e4-p2-s17-slock-r16","r2:raw/r2-e4-forensics.tgz","steward_mp_steward_lock","mitigation_candidate","2","17","1017","3eec787f301bea0164c9423955e2cb60663899364daab907d35d48e3c8bfa114","sha256:1c985c0afddd1d2d","bdee16b83edc39ce533271cc416e52cd636eeb79d472c4c033cef166dd900d3b","5692474f7db70ab52a7a71c8af4867609e7e4b43","c3-effect-bytes-v1","","r2 (pre runtime-oracle-v2 hook)","2026-10-08T09:42:59.526+08:00"
"r2f-e4-p2-s17-slock-r17","r2:raw/r2-e4-forensics.tgz","steward_mp_steward_lock","mitigation_candidate","2","17","1017","3eec787f301bea0164c9423955e2cb60663899364daab907d35d48e3c8bfa114","sha256:1c985c0afddd1d2d","bdee16b83edc39ce533271cc416e52cd636eeb79d472c4c033cef166dd900d3b","5692474f7db70ab52a7a71c8af4867609e7e4b43","c3-effect-bytes-v1","","r2 (pre runtime-oracle-v2 hook)","2026-10-08T09:43:01.521+08:00"
"r2f-e4-p2-s17-slock-r18","r2:raw/r2-e4-forensics.tgz","steward_mp_steward_lock","mitigation_candidate","2","17","1017","3eec787f301bea0164c9423955e2cb60663899364daab907d35d48e3c8bfa114","sha256:1c985c0afddd1d2d","bdee16b83edc39ce533271cc416e52cd636eeb79d472c4c033cef166dd900d3b","5692474f7db70ab52a7a71c8af4867609e7e4b43","c3-effect-bytes-v1","","r2 (pre runtime-oracle-v2 hook)","2026-10-08T09:43:03.732+08:00"
"r2f-e4-p2-s17-slock-r19","r2:raw/r2-e4-forensics.tgz","steward_mp_steward_lock","mitigation_candidate","2","17","1017","3eec787f301bea0164c9423955e2cb60663899364daab907d35d48e3c8bfa114","sha256:1c985c0afddd1d2d","bdee16b83edc39ce533271cc416e52cd636eeb79d472c4c033cef166dd900d3b","5692474f7db70ab52a7a71c8af4867609e7e4b43","c3-effect-bytes-v1","","r2 (pre runtime-oracle-v2 hook)","2026-10-08T09:43:06.024+08:00"
"r2f-e4-p2-s17-slock-r20","r2:raw/r2-e4-forensics.tgz","steward_mp_steward_lock","mitigation_candidate","2","17","1017","3eec787f301bea0164c9423955e2cb60663899364daab907d35d48e3c8bfa114","sha256:1c985c0afddd1d2d","bdee16b83edc39ce533271cc416e52cd636eeb79d472c4c033cef166dd900d3b","5692474f7db70ab52a7a71c8af4867609e7e4b43","c3-effect-bytes-v1","","r2 (pre runtime-oracle-v2 hook)","2026-10-08T09:43:08.275+08:00"
"r2f-e4-p2-s17-slock-r21","r2:raw/r2-e4-forensics.tgz","steward_mp_steward_lock","mitigation_candidate","2","17","1017","3eec787f301bea0164c9423955e2cb60663899364daab907d35d48e3c8bfa114","sha256:1c985c0afddd1d2d","bdee16b83edc39ce533271cc416e52cd636eeb79d472c4c033cef166dd900d3b","5692474f7db70ab52a7a71c8af4867609e7e4b43","c3-effect-bytes-v1","","r2 (pre runtime-oracle-v2 hook)","2026-10-08T09:43:10.465+08:00"
"r2f-e4-p2-s17-slock-r22","r2:raw/r2-e4-forensics.tgz","steward_mp_steward_lock","mitigation_candidate","2","17","1017","3eec787f301bea0164c9423955e2cb60663899364daab907d35d48e3c8bfa114","sha256:1c985c0afddd1d2d","bdee16b83edc39ce533271cc416e52cd636eeb79d472c4c033cef166dd900d3b","5692474f7db70ab52a7a71c8af4867609e7e4b43","c3-effect-bytes-v1","","r2 (pre runtime-oracle-v2 hook)","2026-10-08T09:43:12.555+08:00"
"r2f-e4-p2-s17-slock-r23","r2:raw/r2-e4-forensics.tgz","steward_mp_steward_lock","mitigation_candidate","2","17","1017","3eec787f301bea0164c9423955e2cb60663899364daab907d35d48e3c8bfa114","sha256:1c985c0afddd1d2d","bdee16b83edc39ce533271cc416e52cd636eeb79d472c4c033cef166dd900d3b","5692474f7db70ab52a7a71c8af4867609e7e4b43","c3-effect-bytes-v1","","r2 (pre runtime-oracle-v2 hook)","2026-10-08T09:43:14.700+08:00"
"r2f-e4-p2-s17-slock-r24","r2:raw/r2-e4-forensics.tgz","steward_mp_steward_lock","mitigation_candidate","2","17","1017","3eec787f301bea0164c9423955e2cb60663899364daab907d35d48e3c8bfa114","sha256:1c985c0afddd1d2d","bdee16b83edc39ce533271cc416e52cd636eeb79d472c4c033cef166dd900d3b","5692474f7db70ab52a7a71c8af4867609e7e4b43","c3-effect-bytes-v1","","r2 (pre runtime-oracle-v2 hook)","2026-10-08T09:43:16.790+08:00"
"r2f-e4-p2-s17-slock-r25","r2:raw/r2-e4-forensics.tgz","steward_mp_steward_lock","mitigation_candidate","2","17","1017","3eec787f301bea0164c9423955e2cb60663899364daab907d35d48e3c8bfa114","sha256:1c985c0afddd1d2d","bdee16b83edc39ce533271cc416e52cd636eeb79d472c4c033cef166dd900d3b","5692474f7db70ab52a7a71c8af4867609e7e4b43","c3-effect-bytes-v1","","r2 (pre runtime-oracle-v2 hook)","2026-10-08T09:43:18.965+08:00"
"r2f-e4-p2-s17-slock-r26","r2:raw/r2-e4-forensics.tgz","steward_mp_steward_lock","mitigation_candidate","2","17","1017","3eec787f301bea0164c9423955e2cb60663899364daab907d35d48e3c8bfa114","sha256:1c985c0afddd1d2d","bdee16b83edc39ce533271cc416e52cd636eeb79d472c4c033cef166dd900d3b","5692474f7db70ab52a7a71c8af4867609e7e4b43","c3-effect-bytes-v1","","r2 (pre runtime-oracle-v2 hook)","2026-10-08T09:43:21.160+08:00"
"r2f-e4-p2-s17-slock-r27","r2:raw/r2-e4-forensics.tgz","steward_mp_steward_lock","mitigation_candidate","2","17","1017","3eec787f301bea0164c9423955e2cb60663899364daab907d35d48e3c8bfa114","sha256:1c985c0afddd1d2d","bdee16b83edc39ce533271cc416e52cd636eeb79d472c4c033cef166dd900d3b","5692474f7db70ab52a7a71c8af4867609e7e4b43","c3-effect-bytes-v1","","r2 (pre runtime-oracle-v2 hook)","2026-10-08T09:43:23.337+08:00"
"r2f-e4-p2-s17-slock-r28","r2:raw/r2-e4-forensics.tgz","steward_mp_steward_lock","mitigation_candidate","2","17","1017","3eec787f301bea0164c9423955e2cb60663899364daab907d35d48e3c8bfa114","sha256:1c985c0afddd1d2d","bdee16b83edc39ce533271cc416e52cd636eeb79d472c4c033cef166dd900d3b","5692474f7db70ab52a7a71c8af4867609e7e4b43","c3-effect-bytes-v1","","r2 (pre runtime-oracle-v2 hook)","2026-10-08T09:43:25.473+08:00"
"r2f-e4-p2-s17-slock-r29","r2:raw/r2-e4-forensics.tgz","steward_mp_steward_lock","mitigation_candidate","2","17","1017","3eec787f301bea0164c9423955e2cb60663899364daab907d35d48e3c8bfa114","sha256:1c985c0afddd1d2d","bdee16b83edc39ce533271cc416e52cd636eeb79d472c4c033cef166dd900d3b","5692474f7db70ab52a7a71c8af4867609e7e4b43","c3-effect-bytes-v1","","r2 (pre runtime-oracle-v2 hook)","2026-10-08T09:43:27.690+08:00"
"r2f-e4-p2-s17-slock-r30","r2:raw/r2-e4-forensics.tgz","steward_mp_steward_lock","mitigation_candidate","2","17","1017","3eec787f301bea0164c9423955e2cb60663899364daab907d35d48e3c8bfa114","sha256:1c985c0afddd1d2d","bdee16b83edc39ce533271cc416e52cd636eeb79d472c4c033cef166dd900d3b","5692474f7db70ab52a7a71c8af4867609e7e4b43","c3-effect-bytes-v1","","r2 (pre runtime-oracle-v2 hook)","2026-10-08T09:43:29.688+08:00"
"r2f-e4-p2-s23-g-r1cfg-r1","r2:raw/r2-e4-forensics.tgz","steward","main_method","2","23","1023","cf73fb615dd39a9f95be174b89562f7471717ffaa686c3945ace08580d73333d","sha256:1c985c0afddd1d2d","1cba6c18ce8139aaa579457c7770e3565a1eb153f71a8d8cc90c0e14c71a1b06","5692474f7db70ab52a7a71c8af4867609e7e4b43","c3-effect-bytes-v1","","r2 (pre runtime-oracle-v2 hook)","2026-10-08T09:43:51.749+08:00"
"r2f-e4-p2-s23-g-r1cfg-r2","r2:raw/r2-e4-forensics.tgz","steward","main_method","2","23","1023","cf73fb615dd39a9f95be174b89562f7471717ffaa686c3945ace08580d73333d","sha256:1c985c0afddd1d2d","1cba6c18ce8139aaa579457c7770e3565a1eb153f71a8d8cc90c0e14c71a1b06","5692474f7db70ab52a7a71c8af4867609e7e4b43","c3-effect-bytes-v1","","r2 (pre runtime-oracle-v2 hook)","2026-10-08T09:43:53.811+08:00"
"r2f-e4-p2-s23-g-r1cfg-r3","r2:raw/r2-e4-forensics.tgz","steward","main_method","2","23","1023","cf73fb615dd39a9f95be174b89562f7471717ffaa686c3945ace08580d73333d","sha256:1c985c0afddd1d2d","1cba6c18ce8139aaa579457c7770e3565a1eb153f71a8d8cc90c0e14c71a1b06","5692474f7db70ab52a7a71c8af4867609e7e4b43","c3-effect-bytes-v1","","r2 (pre runtime-oracle-v2 hook)","2026-10-08T09:43:55.872+08:00"
"r2f-e4-p2-s23-g-r1cfg-r4","r2:raw/r2-e4-forensics.tgz","steward","main_method","2","23","1023","cf73fb615dd39a9f95be174b89562f7471717ffaa686c3945ace08580d73333d","sha256:1c985c0afddd1d2d","1cba6c18ce8139aaa579457c7770e3565a1eb153f71a8d8cc90c0e14c71a1b06","5692474f7db70ab52a7a71c8af4867609e7e4b43","c3-effect-bytes-v1","","r2 (pre runtime-oracle-v2 hook)","2026-10-08T09:43:58.054+08:00"
"r2f-e4-p2-s23-g-r1cfg-r5","r2:raw/r2-e4-forensics.tgz","steward","main_method","2","23","1023","cf73fb615dd39a9f95be174b89562f7471717ffaa686c3945ace08580d73333d","sha256:1c985c0afddd1d2d","1cba6c18ce8139aaa579457c7770e3565a1eb153f71a8d8cc90c0e14c71a1b06","5692474f7db70ab52a7a71c8af4867609e7e4b43","c3-effect-bytes-v1","","r2 (pre runtime-oracle-v2 hook)","2026-10-08T09:44:00.247+08:00"
"r2f-e4-p2-s23-g-slock-r1","r2:raw/r2-e4-forensics.tgz","steward_mp_steward_lock","mitigation_candidate","2","23","1023","cf73fb615dd39a9f95be174b89562f7471717ffaa686c3945ace08580d73333d","sha256:1c985c0afddd1d2d","bdee16b83edc39ce533271cc416e52cd636eeb79d472c4c033cef166dd900d3b","5692474f7db70ab52a7a71c8af4867609e7e4b43","c3-effect-bytes-v1","","r2 (pre runtime-oracle-v2 hook)","2026-10-08T09:43:52.798+08:00"
"r2f-e4-p2-s23-g-slock-r2","r2:raw/r2-e4-forensics.tgz","steward_mp_steward_lock","mitigation_candidate","2","23","1023","cf73fb615dd39a9f95be174b89562f7471717ffaa686c3945ace08580d73333d","sha256:1c985c0afddd1d2d","bdee16b83edc39ce533271cc416e52cd636eeb79d472c4c033cef166dd900d3b","5692474f7db70ab52a7a71c8af4867609e7e4b43","c3-effect-bytes-v1","","r2 (pre runtime-oracle-v2 hook)","2026-10-08T09:43:54.873+08:00"
"r2f-e4-p2-s23-g-slock-r3","r2:raw/r2-e4-forensics.tgz","steward_mp_steward_lock","mitigation_candidate","2","23","1023","cf73fb615dd39a9f95be174b89562f7471717ffaa686c3945ace08580d73333d","sha256:1c985c0afddd1d2d","bdee16b83edc39ce533271cc416e52cd636eeb79d472c4c033cef166dd900d3b","5692474f7db70ab52a7a71c8af4867609e7e4b43","c3-effect-bytes-v1","","r2 (pre runtime-oracle-v2 hook)","2026-10-08T09:43:56.997+08:00"
"r2f-e4-p2-s23-g-slock-r4","r2:raw/r2-e4-forensics.tgz","steward_mp_steward_lock","mitigation_candidate","2","23","1023","cf73fb615dd39a9f95be174b89562f7471717ffaa686c3945ace08580d73333d","sha256:1c985c0afddd1d2d","bdee16b83edc39ce533271cc416e52cd636eeb79d472c4c033cef166dd900d3b","5692474f7db70ab52a7a71c8af4867609e7e4b43","c3-effect-bytes-v1","","r2 (pre runtime-oracle-v2 hook)","2026-10-08T09:43:59.129+08:00"
"r2f-e4-p2-s23-g-slock-r5","r2:raw/r2-e4-forensics.tgz","steward_mp_steward_lock","mitigation_candidate","2","23","1023","cf73fb615dd39a9f95be174b89562f7471717ffaa686c3945ace08580d73333d","sha256:1c985c0afddd1d2d","bdee16b83edc39ce533271cc416e52cd636eeb79d472c4c033cef166dd900d3b","5692474f7db70ab52a7a71c8af4867609e7e4b43","c3-effect-bytes-v1","","r2 (pre runtime-oracle-v2 hook)","2026-10-08T09:44:01.465+08:00"
"r2f-e4-p4-s11-g-r1cfg-r1","r2:raw/r2-e4-forensics.tgz","steward","main_method","4","11","1011","9a24c4620e1f6cc70855b741c39f2af414a82c49ed6fe91041f2807ac912e1ae","sha256:1c985c0afddd1d2d","1cba6c18ce8139aaa579457c7770e3565a1eb153f71a8d8cc90c0e14c71a1b06","5692474f7db70ab52a7a71c8af4867609e7e4b43","c3-effect-bytes-v1","","r2 (pre runtime-oracle-v2 hook)","2026-10-08T09:44:02.522+08:00"
"r2f-e4-p4-s11-g-r1cfg-r2","r2:raw/r2-e4-forensics.tgz","steward","main_method","4","11","1011","9a24c4620e1f6cc70855b741c39f2af414a82c49ed6fe91041f2807ac912e1ae","sha256:1c985c0afddd1d2d","1cba6c18ce8139aaa579457c7770e3565a1eb153f71a8d8cc90c0e14c71a1b06","5692474f7db70ab52a7a71c8af4867609e7e4b43","c3-effect-bytes-v1","","r2 (pre runtime-oracle-v2 hook)","2026-10-08T09:44:05.206+08:00"
"r2f-e4-p4-s11-g-r1cfg-r3","r2:raw/r2-e4-forensics.tgz","steward","main_method","4","11","1011","9a24c4620e1f6cc70855b741c39f2af414a82c49ed6fe91041f2807ac912e1ae","sha256:1c985c0afddd1d2d","1cba6c18ce8139aaa579457c7770e3565a1eb153f71a8d8cc90c0e14c71a1b06","5692474f7db70ab52a7a71c8af4867609e7e4b43","c3-effect-bytes-v1","","r2 (pre runtime-oracle-v2 hook)","2026-10-08T09:44:07.426+08:00"
"r2f-e4-p4-s11-g-r1cfg-r4","r2:raw/r2-e4-forensics.tgz","steward","main_method","4","11","1011","9a24c4620e1f6cc70855b741c39f2af414a82c49ed6fe91041f2807ac912e1ae","sha256:1c985c0afddd1d2d","1cba6c18ce8139aaa579457c7770e3565a1eb153f71a8d8cc90c0e14c71a1b06","5692474f7db70ab52a7a71c8af4867609e7e4b43","c3-effect-bytes-v1","","r2 (pre runtime-oracle-v2 hook)","2026-10-08T09:44:09.783+08:00"
"r2f-e4-p4-s11-g-r1cfg-r5","r2:raw/r2-e4-forensics.tgz","steward","main_method","4","11","1011","9a24c4620e1f6cc70855b741c39f2af414a82c49ed6fe91041f2807ac912e1ae","sha256:1c985c0afddd1d2d","1cba6c18ce8139aaa579457c7770e3565a1eb153f71a8d8cc90c0e14c71a1b06","5692474f7db70ab52a7a71c8af4867609e7e4b43","c3-effect-bytes-v1","","r2 (pre runtime-oracle-v2 hook)","2026-10-08T09:44:12.093+08:00"
"r2f-e4-p4-s11-g-slock-r1","r2:raw/r2-e4-forensics.tgz","steward_mp_steward_lock","mitigation_candidate","4","11","1011","9a24c4620e1f6cc70855b741c39f2af414a82c49ed6fe91041f2807ac912e1ae","sha256:1c985c0afddd1d2d","bdee16b83edc39ce533271cc416e52cd636eeb79d472c4c033cef166dd900d3b","5692474f7db70ab52a7a71c8af4867609e7e4b43","c3-effect-bytes-v1","","r2 (pre runtime-oracle-v2 hook)","2026-10-08T09:44:03.864+08:00"
"r2f-e4-p4-s11-g-slock-r2","r2:raw/r2-e4-forensics.tgz","steward_mp_steward_lock","mitigation_candidate","4","11","1011","9a24c4620e1f6cc70855b741c39f2af414a82c49ed6fe91041f2807ac912e1ae","sha256:1c985c0afddd1d2d","bdee16b83edc39ce533271cc416e52cd636eeb79d472c4c033cef166dd900d3b","5692474f7db70ab52a7a71c8af4867609e7e4b43","c3-effect-bytes-v1","","r2 (pre runtime-oracle-v2 hook)","2026-10-08T09:44:06.279+08:00"
"r2f-e4-p4-s11-g-slock-r3","r2:raw/r2-e4-forensics.tgz","steward_mp_steward_lock","mitigation_candidate","4","11","1011","9a24c4620e1f6cc70855b741c39f2af414a82c49ed6fe91041f2807ac912e1ae","sha256:1c985c0afddd1d2d","bdee16b83edc39ce533271cc416e52cd636eeb79d472c4c033cef166dd900d3b","5692474f7db70ab52a7a71c8af4867609e7e4b43","c3-effect-bytes-v1","","r2 (pre runtime-oracle-v2 hook)","2026-10-08T09:44:08.470+08:00"
"r2f-e4-p4-s11-g-slock-r4","r2:raw/r2-e4-forensics.tgz","steward_mp_steward_lock","mitigation_candidate","4","11","1011","9a24c4620e1f6cc70855b741c39f2af414a82c49ed6fe91041f2807ac912e1ae","sha256:1c985c0afddd1d2d","bdee16b83edc39ce533271cc416e52cd636eeb79d472c4c033cef166dd900d3b","5692474f7db70ab52a7a71c8af4867609e7e4b43","c3-effect-bytes-v1","","r2 (pre runtime-oracle-v2 hook)","2026-10-08T09:44:10.877+08:00"
"r2f-e4-p4-s11-g-slock-r5","r2:raw/r2-e4-forensics.tgz","steward_mp_steward_lock","mitigation_candidate","4","11","1011","9a24c4620e1f6cc70855b741c39f2af414a82c49ed6fe91041f2807ac912e1ae","sha256:1c985c0afddd1d2d","bdee16b83edc39ce533271cc416e52cd636eeb79d472c4c033cef166dd900d3b","5692474f7db70ab52a7a71c8af4867609e7e4b43","c3-effect-bytes-v1","","r2 (pre runtime-oracle-v2 hook)","2026-10-08T09:44:13.174+08:00"
"r2f-e4-p4-s17-g-r1cfg-r1","r2:raw/r2-e4-forensics.tgz","steward","main_method","4","17","1017","3eec787f301bea0164c9423955e2cb60663899364daab907d35d48e3c8bfa114","sha256:1c985c0afddd1d2d","1cba6c18ce8139aaa579457c7770e3565a1eb153f71a8d8cc90c0e14c71a1b06","5692474f7db70ab52a7a71c8af4867609e7e4b43","c3-effect-bytes-v1","","r2 (pre runtime-oracle-v2 hook)","2026-10-08T09:44:14.387+08:00"
"r2f-e4-p4-s17-g-r1cfg-r2","r2:raw/r2-e4-forensics.tgz","steward","main_method","4","17","1017","3eec787f301bea0164c9423955e2cb60663899364daab907d35d48e3c8bfa114","sha256:1c985c0afddd1d2d","1cba6c18ce8139aaa579457c7770e3565a1eb153f71a8d8cc90c0e14c71a1b06","5692474f7db70ab52a7a71c8af4867609e7e4b43","c3-effect-bytes-v1","","r2 (pre runtime-oracle-v2 hook)","2026-10-08T09:44:16.637+08:00"
"r2f-e4-p4-s17-g-r1cfg-r3","r2:raw/r2-e4-forensics.tgz","steward","main_method","4","17","1017","3eec787f301bea0164c9423955e2cb60663899364daab907d35d48e3c8bfa114","sha256:1c985c0afddd1d2d","1cba6c18ce8139aaa579457c7770e3565a1eb153f71a8d8cc90c0e14c71a1b06","5692474f7db70ab52a7a71c8af4867609e7e4b43","c3-effect-bytes-v1","","r2 (pre runtime-oracle-v2 hook)","2026-10-08T09:44:18.904+08:00"
"r2f-e4-p4-s17-g-r1cfg-r4","r2:raw/r2-e4-forensics.tgz","steward","main_method","4","17","1017","3eec787f301bea0164c9423955e2cb60663899364daab907d35d48e3c8bfa114","sha256:1c985c0afddd1d2d","1cba6c18ce8139aaa579457c7770e3565a1eb153f71a8d8cc90c0e14c71a1b06","5692474f7db70ab52a7a71c8af4867609e7e4b43","c3-effect-bytes-v1","","r2 (pre runtime-oracle-v2 hook)","2026-10-08T09:44:21.427+08:00"
"r2f-e4-p4-s17-g-r1cfg-r5","r2:raw/r2-e4-forensics.tgz","steward","main_method","4","17","1017","3eec787f301bea0164c9423955e2cb60663899364daab907d35d48e3c8bfa114","sha256:1c985c0afddd1d2d","1cba6c18ce8139aaa579457c7770e3565a1eb153f71a8d8cc90c0e14c71a1b06","5692474f7db70ab52a7a71c8af4867609e7e4b43","c3-effect-bytes-v1","","r2 (pre runtime-oracle-v2 hook)","2026-10-08T09:44:23.595+08:00"
"r2f-e4-p4-s17-g-slock-r1","r2:raw/r2-e4-forensics.tgz","steward_mp_steward_lock","mitigation_candidate","4","17","1017","3eec787f301bea0164c9423955e2cb60663899364daab907d35d48e3c8bfa114","sha256:1c985c0afddd1d2d","bdee16b83edc39ce533271cc416e52cd636eeb79d472c4c033cef166dd900d3b","5692474f7db70ab52a7a71c8af4867609e7e4b43","c3-effect-bytes-v1","","r2 (pre runtime-oracle-v2 hook)","2026-10-08T09:44:15.469+08:00"
"r2f-e4-p4-s17-g-slock-r2","r2:raw/r2-e4-forensics.tgz","steward_mp_steward_lock","mitigation_candidate","4","17","1017","3eec787f301bea0164c9423955e2cb60663899364daab907d35d48e3c8bfa114","sha256:1c985c0afddd1d2d","bdee16b83edc39ce533271cc416e52cd636eeb79d472c4c033cef166dd900d3b","5692474f7db70ab52a7a71c8af4867609e7e4b43","c3-effect-bytes-v1","","r2 (pre runtime-oracle-v2 hook)","2026-10-08T09:44:17.736+08:00"
"r2f-e4-p4-s17-g-slock-r3","r2:raw/r2-e4-forensics.tgz","steward_mp_steward_lock","mitigation_candidate","4","17","1017","3eec787f301bea0164c9423955e2cb60663899364daab907d35d48e3c8bfa114","sha256:1c985c0afddd1d2d","bdee16b83edc39ce533271cc416e52cd636eeb79d472c4c033cef166dd900d3b","5692474f7db70ab52a7a71c8af4867609e7e4b43","c3-effect-bytes-v1","","r2 (pre runtime-oracle-v2 hook)","2026-10-08T09:44:20.084+08:00"
"r2f-e4-p4-s17-g-slock-r4","r2:raw/r2-e4-forensics.tgz","steward_mp_steward_lock","mitigation_candidate","4","17","1017","3eec787f301bea0164c9423955e2cb60663899364daab907d35d48e3c8bfa114","sha256:1c985c0afddd1d2d","bdee16b83edc39ce533271cc416e52cd636eeb79d472c4c033cef166dd900d3b","5692474f7db70ab52a7a71c8af4867609e7e4b43","c3-effect-bytes-v1","","r2 (pre runtime-oracle-v2 hook)","2026-10-08T09:44:22.458+08:00"
"r2f-e4-p4-s17-g-slock-r5","r2:raw/r2-e4-forensics.tgz","steward_mp_steward_lock","mitigation_candidate","4","17","1017","3eec787f301bea0164c9423955e2cb60663899364daab907d35d48e3c8bfa114","sha256:1c985c0afddd1d2d","bdee16b83edc39ce533271cc416e52cd636eeb79d472c4c033cef166dd900d3b","5692474f7db70ab52a7a71c8af4867609e7e4b43","c3-effect-bytes-v1","","r2 (pre runtime-oracle-v2 hook)","2026-10-08T09:44:24.729+08:00"
"r2f-e4-p4-s23-g-r1cfg-r1","r2:raw/r2-e4-forensics.tgz","steward","main_method","4","23","1023","cf73fb615dd39a9f95be174b89562f7471717ffaa686c3945ace08580d73333d","sha256:1c985c0afddd1d2d","1cba6c18ce8139aaa579457c7770e3565a1eb153f71a8d8cc90c0e14c71a1b06","5692474f7db70ab52a7a71c8af4867609e7e4b43","c3-effect-bytes-v1","","r2 (pre runtime-oracle-v2 hook)","2026-10-08T09:44:25.873+08:00"
"r2f-e4-p4-s23-g-r1cfg-r2","r2:raw/r2-e4-forensics.tgz","steward","main_method","4","23","1023","cf73fb615dd39a9f95be174b89562f7471717ffaa686c3945ace08580d73333d","sha256:1c985c0afddd1d2d","1cba6c18ce8139aaa579457c7770e3565a1eb153f71a8d8cc90c0e14c71a1b06","5692474f7db70ab52a7a71c8af4867609e7e4b43","c3-effect-bytes-v1","","r2 (pre runtime-oracle-v2 hook)","2026-10-08T09:44:28.231+08:00"
"r2f-e4-p4-s23-g-r1cfg-r3","r2:raw/r2-e4-forensics.tgz","steward","main_method","4","23","1023","cf73fb615dd39a9f95be174b89562f7471717ffaa686c3945ace08580d73333d","sha256:1c985c0afddd1d2d","1cba6c18ce8139aaa579457c7770e3565a1eb153f71a8d8cc90c0e14c71a1b06","5692474f7db70ab52a7a71c8af4867609e7e4b43","c3-effect-bytes-v1","","r2 (pre runtime-oracle-v2 hook)","2026-10-08T09:44:30.589+08:00"
"r2f-e4-p4-s23-g-r1cfg-r4","r2:raw/r2-e4-forensics.tgz","steward","main_method","4","23","1023","cf73fb615dd39a9f95be174b89562f7471717ffaa686c3945ace08580d73333d","sha256:1c985c0afddd1d2d","1cba6c18ce8139aaa579457c7770e3565a1eb153f71a8d8cc90c0e14c71a1b06","5692474f7db70ab52a7a71c8af4867609e7e4b43","c3-effect-bytes-v1","","r2 (pre runtime-oracle-v2 hook)","2026-10-08T09:44:32.756+08:00"
"r2f-e4-p4-s23-g-r1cfg-r5","r2:raw/r2-e4-forensics.tgz","steward","main_method","4","23","1023","cf73fb615dd39a9f95be174b89562f7471717ffaa686c3945ace08580d73333d","sha256:1c985c0afddd1d2d","1cba6c18ce8139aaa579457c7770e3565a1eb153f71a8d8cc90c0e14c71a1b06","5692474f7db70ab52a7a71c8af4867609e7e4b43","c3-effect-bytes-v1","","r2 (pre runtime-oracle-v2 hook)","2026-10-08T09:44:35.129+08:00"
"r2f-e4-p4-s23-g-slock-r1","r2:raw/r2-e4-forensics.tgz","steward_mp_steward_lock","mitigation_candidate","4","23","1023","cf73fb615dd39a9f95be174b89562f7471717ffaa686c3945ace08580d73333d","sha256:1c985c0afddd1d2d","bdee16b83edc39ce533271cc416e52cd636eeb79d472c4c033cef166dd900d3b","5692474f7db70ab52a7a71c8af4867609e7e4b43","c3-effect-bytes-v1","","r2 (pre runtime-oracle-v2 hook)","2026-10-08T09:44:27.037+08:00"
"r2f-e4-p4-s23-g-slock-r2","r2:raw/r2-e4-forensics.tgz","steward_mp_steward_lock","mitigation_candidate","4","23","1023","cf73fb615dd39a9f95be174b89562f7471717ffaa686c3945ace08580d73333d","sha256:1c985c0afddd1d2d","bdee16b83edc39ce533271cc416e52cd636eeb79d472c4c033cef166dd900d3b","5692474f7db70ab52a7a71c8af4867609e7e4b43","c3-effect-bytes-v1","","r2 (pre runtime-oracle-v2 hook)","2026-10-08T09:44:29.332+08:00"
"r2f-e4-p4-s23-g-slock-r3","r2:raw/r2-e4-forensics.tgz","steward_mp_steward_lock","mitigation_candidate","4","23","1023","cf73fb615dd39a9f95be174b89562f7471717ffaa686c3945ace08580d73333d","sha256:1c985c0afddd1d2d","bdee16b83edc39ce533271cc416e52cd636eeb79d472c4c033cef166dd900d3b","5692474f7db70ab52a7a71c8af4867609e7e4b43","c3-effect-bytes-v1","","r2 (pre runtime-oracle-v2 hook)","2026-10-08T09:44:31.715+08:00"
"r2f-e4-p4-s23-g-slock-r4","r2:raw/r2-e4-forensics.tgz","steward_mp_steward_lock","mitigation_candidate","4","23","1023","cf73fb615dd39a9f95be174b89562f7471717ffaa686c3945ace08580d73333d","sha256:1c985c0afddd1d2d","bdee16b83edc39ce533271cc416e52cd636eeb79d472c4c033cef166dd900d3b","5692474f7db70ab52a7a71c8af4867609e7e4b43","c3-effect-bytes-v1","","r2 (pre runtime-oracle-v2 hook)","2026-10-08T09:44:33.885+08:00"
"r2f-e4-p4-s23-g-slock-r5","r2:raw/r2-e4-forensics.tgz","steward_mp_steward_lock","mitigation_candidate","4","23","1023","cf73fb615dd39a9f95be174b89562f7471717ffaa686c3945ace08580d73333d","sha256:1c985c0afddd1d2d","bdee16b83edc39ce533271cc416e52cd636eeb79d472c4c033cef166dd900d3b","5692474f7db70ab52a7a71c8af4867609e7e4b43","c3-effect-bytes-v1","","r2 (pre runtime-oracle-v2 hook)","2026-10-08T09:44:36.255+08:00"
"r2f-e4-p8-s11-g-r1cfg-r1","r2:raw/r2-e4-forensics.tgz","steward","main_method","8","11","1011","9a24c4620e1f6cc70855b741c39f2af414a82c49ed6fe91041f2807ac912e1ae","sha256:1c985c0afddd1d2d","1cba6c18ce8139aaa579457c7770e3565a1eb153f71a8d8cc90c0e14c71a1b06","5692474f7db70ab52a7a71c8af4867609e7e4b43","c3-effect-bytes-v1","","r2 (pre runtime-oracle-v2 hook)","2026-10-08T09:44:37.366+08:00"
"r2f-e4-p8-s11-g-r1cfg-r2","r2:raw/r2-e4-forensics.tgz","steward","main_method","8","11","1011","9a24c4620e1f6cc70855b741c39f2af414a82c49ed6fe91041f2807ac912e1ae","sha256:1c985c0afddd1d2d","1cba6c18ce8139aaa579457c7770e3565a1eb153f71a8d8cc90c0e14c71a1b06","5692474f7db70ab52a7a71c8af4867609e7e4b43","c3-effect-bytes-v1","","r2 (pre runtime-oracle-v2 hook)","2026-10-08T09:44:40.340+08:00"
"r2f-e4-p8-s11-g-r1cfg-r3","r2:raw/r2-e4-forensics.tgz","steward","main_method","8","11","1011","9a24c4620e1f6cc70855b741c39f2af414a82c49ed6fe91041f2807ac912e1ae","sha256:1c985c0afddd1d2d","1cba6c18ce8139aaa579457c7770e3565a1eb153f71a8d8cc90c0e14c71a1b06","5692474f7db70ab52a7a71c8af4867609e7e4b43","c3-effect-bytes-v1","","r2 (pre runtime-oracle-v2 hook)","2026-10-08T09:44:43.239+08:00"
"r2f-e4-p8-s11-g-r1cfg-r4","r2:raw/r2-e4-forensics.tgz","steward","main_method","8","11","1011","9a24c4620e1f6cc70855b741c39f2af414a82c49ed6fe91041f2807ac912e1ae","sha256:1c985c0afddd1d2d","1cba6c18ce8139aaa579457c7770e3565a1eb153f71a8d8cc90c0e14c71a1b06","5692474f7db70ab52a7a71c8af4867609e7e4b43","c3-effect-bytes-v1","","r2 (pre runtime-oracle-v2 hook)","2026-10-08T09:44:46.072+08:00"
"r2f-e4-p8-s11-g-r1cfg-r5","r2:raw/r2-e4-forensics.tgz","steward","main_method","8","11","1011","9a24c4620e1f6cc70855b741c39f2af414a82c49ed6fe91041f2807ac912e1ae","sha256:1c985c0afddd1d2d","1cba6c18ce8139aaa579457c7770e3565a1eb153f71a8d8cc90c0e14c71a1b06","5692474f7db70ab52a7a71c8af4867609e7e4b43","c3-effect-bytes-v1","","r2 (pre runtime-oracle-v2 hook)","2026-10-08T09:44:49.037+08:00"
"r2f-e4-p8-s11-g-slock-r1","r2:raw/r2-e4-forensics.tgz","steward_mp_steward_lock","mitigation_candidate","8","11","1011","9a24c4620e1f6cc70855b741c39f2af414a82c49ed6fe91041f2807ac912e1ae","sha256:1c985c0afddd1d2d","bdee16b83edc39ce533271cc416e52cd636eeb79d472c4c033cef166dd900d3b","5692474f7db70ab52a7a71c8af4867609e7e4b43","c3-effect-bytes-v1","","r2 (pre runtime-oracle-v2 hook)","2026-10-08T09:44:38.741+08:00"
"r2f-e4-p8-s11-g-slock-r2","r2:raw/r2-e4-forensics.tgz","steward_mp_steward_lock","mitigation_candidate","8","11","1011","9a24c4620e1f6cc70855b741c39f2af414a82c49ed6fe91041f2807ac912e1ae","sha256:1c985c0afddd1d2d","bdee16b83edc39ce533271cc416e52cd636eeb79d472c4c033cef166dd900d3b","5692474f7db70ab52a7a71c8af4867609e7e4b43","c3-effect-bytes-v1","","r2 (pre runtime-oracle-v2 hook)","2026-10-08T09:44:41.583+08:00"
"r2f-e4-p8-s11-g-slock-r3","r2:raw/r2-e4-forensics.tgz","steward_mp_steward_lock","mitigation_candidate","8","11","1011","9a24c4620e1f6cc70855b741c39f2af414a82c49ed6fe91041f2807ac912e1ae","sha256:1c985c0afddd1d2d","bdee16b83edc39ce533271cc416e52cd636eeb79d472c4c033cef166dd900d3b","5692474f7db70ab52a7a71c8af4867609e7e4b43","c3-effect-bytes-v1","","r2 (pre runtime-oracle-v2 hook)","2026-10-08T09:44:44.482+08:00"
"r2f-e4-p8-s11-g-slock-r4","r2:raw/r2-e4-forensics.tgz","steward_mp_steward_lock","mitigation_candidate","8","11","1011","9a24c4620e1f6cc70855b741c39f2af414a82c49ed6fe91041f2807ac912e1ae","sha256:1c985c0afddd1d2d","bdee16b83edc39ce533271cc416e52cd636eeb79d472c4c033cef166dd900d3b","5692474f7db70ab52a7a71c8af4867609e7e4b43","c3-effect-bytes-v1","","r2 (pre runtime-oracle-v2 hook)","2026-10-08T09:44:47.381+08:00"
"r2f-e4-p8-s11-g-slock-r5","r2:raw/r2-e4-forensics.tgz","steward_mp_steward_lock","mitigation_candidate","8","11","1011","9a24c4620e1f6cc70855b741c39f2af414a82c49ed6fe91041f2807ac912e1ae","sha256:1c985c0afddd1d2d","bdee16b83edc39ce533271cc416e52cd636eeb79d472c4c033cef166dd900d3b","5692474f7db70ab52a7a71c8af4867609e7e4b43","c3-effect-bytes-v1","","r2 (pre runtime-oracle-v2 hook)","2026-10-08T09:44:50.311+08:00"
"r2f-e4-p8-s17-g-r1cfg-r1","r2:raw/r2-e4-forensics.tgz","steward","main_method","8","17","1017","3eec787f301bea0164c9423955e2cb60663899364daab907d35d48e3c8bfa114","sha256:1c985c0afddd1d2d","1cba6c18ce8139aaa579457c7770e3565a1eb153f71a8d8cc90c0e14c71a1b06","5692474f7db70ab52a7a71c8af4867609e7e4b43","c3-effect-bytes-v1","","r2 (pre runtime-oracle-v2 hook)","2026-10-08T09:44:52.046+08:00"
"r2f-e4-p8-s17-g-r1cfg-r2","r2:raw/r2-e4-forensics.tgz","steward","main_method","8","17","1017","3eec787f301bea0164c9423955e2cb60663899364daab907d35d48e3c8bfa114","sha256:1c985c0afddd1d2d","1cba6c18ce8139aaa579457c7770e3565a1eb153f71a8d8cc90c0e14c71a1b06","5692474f7db70ab52a7a71c8af4867609e7e4b43","c3-effect-bytes-v1","","r2 (pre runtime-oracle-v2 hook)","2026-10-08T09:44:54.767+08:00"
"r2f-e4-p8-s17-g-r1cfg-r3","r2:raw/r2-e4-forensics.tgz","steward","main_method","8","17","1017","3eec787f301bea0164c9423955e2cb60663899364daab907d35d48e3c8bfa114","sha256:1c985c0afddd1d2d","1cba6c18ce8139aaa579457c7770e3565a1eb153f71a8d8cc90c0e14c71a1b06","5692474f7db70ab52a7a71c8af4867609e7e4b43","c3-effect-bytes-v1","","r2 (pre runtime-oracle-v2 hook)","2026-10-08T09:44:57.590+08:00"
"r2f-e4-p8-s17-g-r1cfg-r4","r2:raw/r2-e4-forensics.tgz","steward","main_method","8","17","1017","3eec787f301bea0164c9423955e2cb60663899364daab907d35d48e3c8bfa114","sha256:1c985c0afddd1d2d","1cba6c18ce8139aaa579457c7770e3565a1eb153f71a8d8cc90c0e14c71a1b06","5692474f7db70ab52a7a71c8af4867609e7e4b43","c3-effect-bytes-v1","","r2 (pre runtime-oracle-v2 hook)","2026-10-08T09:45:00.223+08:00"
"r2f-e4-p8-s17-g-r1cfg-r5","r2:raw/r2-e4-forensics.tgz","steward","main_method","8","17","1017","3eec787f301bea0164c9423955e2cb60663899364daab907d35d48e3c8bfa114","sha256:1c985c0afddd1d2d","1cba6c18ce8139aaa579457c7770e3565a1eb153f71a8d8cc90c0e14c71a1b06","5692474f7db70ab52a7a71c8af4867609e7e4b43","c3-effect-bytes-v1","","r2 (pre runtime-oracle-v2 hook)","2026-10-08T09:45:02.833+08:00"
"r2f-e4-p8-s17-g-slock-r1","r2:raw/r2-e4-forensics.tgz","steward_mp_steward_lock","mitigation_candidate","8","17","1017","3eec787f301bea0164c9423955e2cb60663899364daab907d35d48e3c8bfa114","sha256:1c985c0afddd1d2d","bdee16b83edc39ce533271cc416e52cd636eeb79d472c4c033cef166dd900d3b","5692474f7db70ab52a7a71c8af4867609e7e4b43","c3-effect-bytes-v1","","r2 (pre runtime-oracle-v2 hook)","2026-10-08T09:44:53.321+08:00"
"r2f-e4-p8-s17-g-slock-r2","r2:raw/r2-e4-forensics.tgz","steward_mp_steward_lock","mitigation_candidate","8","17","1017","3eec787f301bea0164c9423955e2cb60663899364daab907d35d48e3c8bfa114","sha256:1c985c0afddd1d2d","bdee16b83edc39ce533271cc416e52cd636eeb79d472c4c033cef166dd900d3b","5692474f7db70ab52a7a71c8af4867609e7e4b43","c3-effect-bytes-v1","","r2 (pre runtime-oracle-v2 hook)","2026-10-08T09:44:56.051+08:00"
"r2f-e4-p8-s17-g-slock-r3","r2:raw/r2-e4-forensics.tgz","steward_mp_steward_lock","mitigation_candidate","8","17","1017","3eec787f301bea0164c9423955e2cb60663899364daab907d35d48e3c8bfa114","sha256:1c985c0afddd1d2d","bdee16b83edc39ce533271cc416e52cd636eeb79d472c4c033cef166dd900d3b","5692474f7db70ab52a7a71c8af4867609e7e4b43","c3-effect-bytes-v1","","r2 (pre runtime-oracle-v2 hook)","2026-10-08T09:44:58.819+08:00"
"r2f-e4-p8-s17-g-slock-r4","r2:raw/r2-e4-forensics.tgz","steward_mp_steward_lock","mitigation_candidate","8","17","1017","3eec787f301bea0164c9423955e2cb60663899364daab907d35d48e3c8bfa114","sha256:1c985c0afddd1d2d","bdee16b83edc39ce533271cc416e52cd636eeb79d472c4c033cef166dd900d3b","5692474f7db70ab52a7a71c8af4867609e7e4b43","c3-effect-bytes-v1","","r2 (pre runtime-oracle-v2 hook)","2026-10-08T09:45:01.429+08:00"
"r2f-e4-p8-s17-g-slock-r5","r2:raw/r2-e4-forensics.tgz","steward_mp_steward_lock","mitigation_candidate","8","17","1017","3eec787f301bea0164c9423955e2cb60663899364daab907d35d48e3c8bfa114","sha256:1c985c0afddd1d2d","bdee16b83edc39ce533271cc416e52cd636eeb79d472c4c033cef166dd900d3b","5692474f7db70ab52a7a71c8af4867609e7e4b43","c3-effect-bytes-v1","","r2 (pre runtime-oracle-v2 hook)","2026-10-08T09:45:04.038+08:00"
"r2f-e4-p8-s23-g-r1cfg-r1","r2:raw/r2-e4-forensics.tgz","steward","main_method","8","23","1023","cf73fb615dd39a9f95be174b89562f7471717ffaa686c3945ace08580d73333d","sha256:1c985c0afddd1d2d","1cba6c18ce8139aaa579457c7770e3565a1eb153f71a8d8cc90c0e14c71a1b06","5692474f7db70ab52a7a71c8af4867609e7e4b43","c3-effect-bytes-v1","","r2 (pre runtime-oracle-v2 hook)","2026-10-08T09:45:05.504+08:00"
"r2f-e4-p8-s23-g-r1cfg-r2","r2:raw/r2-e4-forensics.tgz","steward","main_method","8","23","1023","cf73fb615dd39a9f95be174b89562f7471717ffaa686c3945ace08580d73333d","sha256:1c985c0afddd1d2d","1cba6c18ce8139aaa579457c7770e3565a1eb153f71a8d8cc90c0e14c71a1b06","5692474f7db70ab52a7a71c8af4867609e7e4b43","c3-effect-bytes-v1","","r2 (pre runtime-oracle-v2 hook)","2026-10-08T09:45:08.262+08:00"
"r2f-e4-p8-s23-g-r1cfg-r3","r2:raw/r2-e4-forensics.tgz","steward","main_method","8","23","1023","cf73fb615dd39a9f95be174b89562f7471717ffaa686c3945ace08580d73333d","sha256:1c985c0afddd1d2d","1cba6c18ce8139aaa579457c7770e3565a1eb153f71a8d8cc90c0e14c71a1b06","5692474f7db70ab52a7a71c8af4867609e7e4b43","c3-effect-bytes-v1","","r2 (pre runtime-oracle-v2 hook)","2026-10-08T09:45:10.986+08:00"
"r2f-e4-p8-s23-g-r1cfg-r4","r2:raw/r2-e4-forensics.tgz","steward","main_method","8","23","1023","cf73fb615dd39a9f95be174b89562f7471717ffaa686c3945ace08580d73333d","sha256:1c985c0afddd1d2d","1cba6c18ce8139aaa579457c7770e3565a1eb153f71a8d8cc90c0e14c71a1b06","5692474f7db70ab52a7a71c8af4867609e7e4b43","c3-effect-bytes-v1","","r2 (pre runtime-oracle-v2 hook)","2026-10-08T09:45:13.580+08:00"
"r2f-e4-p8-s23-g-r1cfg-r5","r2:raw/r2-e4-forensics.tgz","steward","main_method","8","23","1023","cf73fb615dd39a9f95be174b89562f7471717ffaa686c3945ace08580d73333d","sha256:1c985c0afddd1d2d","1cba6c18ce8139aaa579457c7770e3565a1eb153f71a8d8cc90c0e14c71a1b06","5692474f7db70ab52a7a71c8af4867609e7e4b43","c3-effect-bytes-v1","","r2 (pre runtime-oracle-v2 hook)","2026-10-08T09:45:16.343+08:00"
"r2f-e4-p8-s23-g-slock-r1","r2:raw/r2-e4-forensics.tgz","steward_mp_steward_lock","mitigation_candidate","8","23","1023","cf73fb615dd39a9f95be174b89562f7471717ffaa686c3945ace08580d73333d","sha256:1c985c0afddd1d2d","bdee16b83edc39ce533271cc416e52cd636eeb79d472c4c033cef166dd900d3b","5692474f7db70ab52a7a71c8af4867609e7e4b43","c3-effect-bytes-v1","","r2 (pre runtime-oracle-v2 hook)","2026-10-08T09:45:06.880+08:00"
"r2f-e4-p8-s23-g-slock-r2","r2:raw/r2-e4-forensics.tgz","steward_mp_steward_lock","mitigation_candidate","8","23","1023","cf73fb615dd39a9f95be174b89562f7471717ffaa686c3945ace08580d73333d","sha256:1c985c0afddd1d2d","bdee16b83edc39ce533271cc416e52cd636eeb79d472c4c033cef166dd900d3b","5692474f7db70ab52a7a71c8af4867609e7e4b43","c3-effect-bytes-v1","","r2 (pre runtime-oracle-v2 hook)","2026-10-08T09:45:09.539+08:00"
"r2f-e4-p8-s23-g-slock-r3","r2:raw/r2-e4-forensics.tgz","steward_mp_steward_lock","mitigation_candidate","8","23","1023","cf73fb615dd39a9f95be174b89562f7471717ffaa686c3945ace08580d73333d","sha256:1c985c0afddd1d2d","bdee16b83edc39ce533271cc416e52cd636eeb79d472c4c033cef166dd900d3b","5692474f7db70ab52a7a71c8af4867609e7e4b43","c3-effect-bytes-v1","","r2 (pre runtime-oracle-v2 hook)","2026-10-08T09:45:12.207+08:00"
"r2f-e4-p8-s23-g-slock-r4","r2:raw/r2-e4-forensics.tgz","steward_mp_steward_lock","mitigation_candidate","8","23","1023","cf73fb615dd39a9f95be174b89562f7471717ffaa686c3945ace08580d73333d","sha256:1c985c0afddd1d2d","bdee16b83edc39ce533271cc416e52cd636eeb79d472c4c033cef166dd900d3b","5692474f7db70ab52a7a71c8af4867609e7e4b43","c3-effect-bytes-v1","","r2 (pre runtime-oracle-v2 hook)","2026-10-08T09:45:14.900+08:00"
"r2f-e4-p8-s23-g-slock-r5","r2:raw/r2-e4-forensics.tgz","steward_mp_steward_lock","mitigation_candidate","8","23","1023","cf73fb615dd39a9f95be174b89562f7471717ffaa686c3945ace08580d73333d","sha256:1c985c0afddd1d2d","bdee16b83edc39ce533271cc416e52cd636eeb79d472c4c033cef166dd900d3b","5692474f7db70ab52a7a71c8af4867609e7e4b43","c3-effect-bytes-v1","","r2 (pre runtime-oracle-v2 hook)","2026-10-08T09:45:17.667+08:00"
"r2f-smoke-p2-s17","r2:raw/r2-e4-forensics.tgz","steward","main_method","2","17","1017","3eec787f301bea0164c9423955e2cb60663899364daab907d35d48e3c8bfa114","sha256:1c985c0afddd1d2d","9fe85ce528cd563924caea8d37dce385cec79054fd55d0728356a996eaf2c3bb","5692474f7db70ab52a7a71c8af4867609e7e4b43","c3-effect-bytes-v1","","r2 (pre runtime-oracle-v2 hook)","2026-10-08T09:42:12.045+08:00"
"steward-c1-mock-sync","r1:raw/steward.tgz","","","","1","","557badd11901a4788b80c0941b8f8ef9d4cecc4976fbb6e595000351a39498b3","sha256:1c985c0afddd1d2d","d87bcdeb14add6ce82fffef0f3a32940aa6ea56c7f46ee9a3c96350f2bc86e91","","","","r1-era (per-run harness source hash NOT recorded in r1; src was edited between stages)","2026-10-07T21:17:36.349+08:00"
"steward-c1-smoke","r1:raw/steward.tgz","","","","7","","1eae1d5a17204b0e1db64fce40e64718cb32739b3ab45dbce1d7863d774f0c3a","sha256:1c985c0afddd1d2d","3482228672e3f5c17fd70a68519ed22c396509a4d35cfb5d90ee2c6e20432d1a","5692474f7db70ab52a7a71c8af4867609e7e4b43","","","r1-era (per-run harness source hash NOT recorded in r1; src was edited between stages)","2026-10-07T21:16:47.819+08:00"
"steward-c1-sync-reg","r1:raw/steward.tgz","","","","7","","1feb4561c3193ed77ed550f3cadf9077b0e9149cdd8eca745e3c21a6be3c997d","sha256:1c985c0afddd1d2d","d8c6f61132b1ae4e3218051698b83adbe620d72d3579ebf9d6e3a46a5a185e81","5692474f7db70ab52a7a71c8af4867609e7e4b43","","","r1-era (per-run harness source hash NOT recorded in r1; src was edited between stages)","2026-10-07T21:16:48.888+08:00"
"steward-c2-smoke","r1:raw/steward.tgz","","","","7","","30647586d85a17348f5c5cbc205a7643a438d5d16cf809dbe9e6b19981810ebe","sha256:1c985c0afddd1d2d","e6dcfbca0284e64f09f8103e0e277bcb1e004e048b45cfb656bf7686c1906b00","5692474f7db70ab52a7a71c8af4867609e7e4b43","","","r1-era (per-run harness source hash NOT recorded in r1; src was edited between stages)","2026-10-07T21:19:36.314+08:00"
"steward-c2-w0","r1:raw/steward.tgz","","","","7","","badf0b72b5fb099abc7329ae2ad819cfa33ee9dd76b0a7bac70b6b4c972842e3","sha256:1c985c0afddd1d2d","e6d3655a137aa390784b213594828a6ed125f27a5e3830335bb176970e1d4f68","5692474f7db70ab52a7a71c8af4867609e7e4b43","","","r1-era (per-run harness source hash NOT recorded in r1; src was edited between stages)","2026-10-07T21:19:37.162+08:00"
"steward-c3-smoke","r1:raw/steward.tgz","","","","7","","30647586d85a17348f5c5cbc205a7643a438d5d16cf809dbe9e6b19981810ebe","sha256:1c985c0afddd1d2d","e6dcfbca0284e64f09f8103e0e277bcb1e004e048b45cfb656bf7686c1906b00","5692474f7db70ab52a7a71c8af4867609e7e4b43","c3-effect-bytes-v1","","r1-era (per-run harness source hash NOT recorded in r1; src was edited between stages)","2026-10-07T21:21:55.522+08:00"
"steward-c3-sync-oracle","r1:raw/steward.tgz","","","","3","","c6887452514a3265212dcf29a5d3199739fdab6429545c73b1dcaecc63edafed","sha256:1c985c0afddd1d2d","2d7ee3af796b330c4d0a4cbf5ef40ca1eaaeed68fd6cf93db8beafa186399b18","5692474f7db70ab52a7a71c8af4867609e7e4b43","c3-effect-bytes-v1","","r1-era (per-run harness source hash NOT recorded in r1; src was edited between stages)","2026-10-07T21:22:33.109+08:00"
