[1/1500] django_19745_19756__steward__s0 n=28 done=20 lost=0 blk=8 corrupt=0 failed=false
[2/1500] django_19745_19756__steward__s1 n=28 done=20 lost=0 blk=8 corrupt=0 failed=false
[3/1500] django_19745_19756__steward__s2 n=28 done=20 lost=0 blk=8 corrupt=0 failed=false
[4/1500] django_19745_19756__steward__s4 n=28 done=20 lost=0 blk=8 corrupt=0 failed=false
[5/1500] django_19745_19756__steward__s3 n=28 done=26 lost=0 blk=2 corrupt=0 failed=false
[6/1500] django_18368_19167__steward__s0 n=11 done=5 lost=0 blk=6 corrupt=0 failed=false
[7/1500] django_18368_19167__steward__s1 n=11 done=6 lost=0 blk=5 corrupt=0 failed=false
[8/1500] django_18368_19167__steward__s2 n=11 done=5 lost=0 blk=6 corrupt=0 failed=false
[9/1500] django_18368_19167__steward__s3 n=11 done=5 lost=0 blk=6 corrupt=0 failed=false
[10/1500] django_18368_19167__steward__s4 n=11 done=6 lost=0 blk=5 corrupt=0 failed=false
[11/1500] django_20101_20282__steward__s0 n=26 done=12 lost=0 blk=14 corrupt=0 failed=false
[12/1500] django_20101_20282__steward__s1 n=26 done=12 lost=0 blk=14 corrupt=0 failed=false
[13/1500] django_20101_20282__steward__s2 n=26 done=12 lost=0 blk=14 corrupt=0 failed=false
[14/1500] django_20101_20282__steward__s3 n=26 done=12 lost=0 blk=14 corrupt=0 failed=false
[15/1500] django_20101_20282__steward__s4 n=26 done=12 lost=0 blk=14 corrupt=0 failed=false
[16/1500] django_19794_20005__steward__s0 n=19 done=10 lost=0 blk=9 corrupt=0 failed=false
[17/1500] django_19794_20005__steward__s1 n=19 done=10 lost=0 blk=9 corrupt=0 failed=false
[18/1500] django_19794_20005__steward__s2 n=19 done=17 lost=0 blk=2 corrupt=0 failed=false
[19/1500] django_19794_20005__steward__s4 n=19 done=17 lost=0 blk=2 corrupt=0 failed=false
[20/1500] django_19794_20005__steward__s3 n=19 done=17 lost=0 blk=2 corrupt=0 failed=false
[21/1500] django_20101_20362__steward__s0 n=22 done=17 lost=0 blk=5 corrupt=0 failed=false
[22/1500] django_20101_20362__steward__s2 n=22 done=20 lost=0 blk=2 corrupt=0 failed=false
[23/1500] django_20101_20362__steward__s1 n=22 done=20 lost=0 blk=2 corrupt=0 failed=false
[24/1500] django_20101_20362__steward__s3 n=22 done=20 lost=0 blk=2 corrupt=0 failed=false
[25/1500] django_20101_20362__steward__s4 n=22 done=20 lost=0 blk=2 corrupt=0 failed=false
[26/1500] django_17554_19381__steward__s0 n=93 done=67 lost=0 blk=26 corrupt=0 failed=false
[27/1500] django_17554_19381__steward__s1 n=93 done=67 lost=0 blk=26 corrupt=0 failed=false
[28/1500] django_17554_19381__steward__s3 n=93 done=67 lost=0 blk=26 corrupt=0 failed=false
[29/1500] django_17554_19381__steward__s2 n=93 done=67 lost=0 blk=26 corrupt=0 failed=false
[30/1500] django_17554_19381__steward__s4 n=93 done=67 lost=0 blk=26 corrupt=0 failed=false
[31/1500] django_20055_20070__steward__s1 n=20 done=19 lost=0 blk=1 corrupt=0 failed=false
[32/1500] django_20055_20070__steward__s0 n=20 done=19 lost=0 blk=1 corrupt=0 failed=false
[33/1500] django_20055_20070__steward__s2 n=20 done=19 lost=0 blk=1 corrupt=0 failed=false
[34/1500] django_20086_20340__steward__s0 n=22 done=18 lost=0 blk=4 corrupt=0 failed=false
[35/1500] django_20055_20070__steward__s4 n=20 done=19 lost=0 blk=1 corrupt=0 failed=false
[36/1500] django_20055_20070__steward__s3 n=20 done=19 lost=0 blk=1 corrupt=0 failed=false
[37/1500] django_20086_20340__steward__s1 n=22 done=11 lost=0 blk=11 corrupt=0 failed=false
[38/1500] django_20086_20340__steward__s2 n=22 done=11 lost=0 blk=11 corrupt=0 failed=false
[39/1500] django_20086_20340__steward__s3 n=22 done=18 lost=0 blk=4 corrupt=0 failed=false
[40/1500] django_20086_20340__steward__s4 n=22 done=18 lost=0 blk=4 corrupt=0 failed=false
[41/1500] django_19522_19685__steward__s0 n=6 done=6 lost=0 blk=0 corrupt=0 failed=false
[42/1500] django_19522_19685__steward__s1 n=6 done=6 lost=0 blk=0 corrupt=0 failed=false
[43/1500] django_19522_19685__steward__s2 n=6 done=4 lost=0 blk=2 corrupt=0 failed=false
[44/1500] django_19522_19685__steward__s3 n=6 done=4 lost=0 blk=2 corrupt=0 failed=false
[45/1500] django_19522_19685__steward__s4 n=6 done=4 lost=0 blk=2 corrupt=0 failed=false
[46/1500] django_17723_18425__steward__s0 n=12 done=12 lost=0 blk=0 corrupt=0 failed=false
[47/1500] django_17723_18425__steward__s1 n=12 done=12 lost=0 blk=0 corrupt=0 failed=false
[48/1500] django_17723_18425__steward__s2 n=12 done=12 lost=0 blk=0 corrupt=0 failed=false
[49/1500] django_17723_18425__steward__s3 n=12 done=12 lost=0 blk=0 corrupt=0 failed=false
[50/1500] django_17723_18425__steward__s4 n=12 done=12 lost=0 blk=0 corrupt=0 failed=false
[51/1500] django_17723_18356__steward__s0 n=10 done=10 lost=0 blk=0 corrupt=0 failed=false
[52/1500] django_17723_18356__steward__s1 n=10 done=6 lost=0 blk=4 corrupt=0 failed=false
[53/1500] django_17723_18356__steward__s2 n=10 done=6 lost=0 blk=4 corrupt=0 failed=false
[54/1500] django_17723_18356__steward__s3 n=10 done=10 lost=0 blk=0 corrupt=0 failed=false
[55/1500] django_17723_18356__steward__s4 n=10 done=10 lost=0 blk=0 corrupt=0 failed=false
[56/1500] django_19753_19798__steward__s0 n=6 done=6 lost=0 blk=0 corrupt=0 failed=false
[57/1500] django_19753_19798__steward__s1 n=6 done=4 lost=0 blk=2 corrupt=0 failed=false
[58/1500] django_19753_19798__steward__s2 n=6 done=6 lost=0 blk=0 corrupt=0 failed=false
[59/1500] django_19753_19798__steward__s3 n=6 done=6 lost=0 blk=0 corrupt=0 failed=false
[60/1500] django_19753_19798__steward__s4 n=6 done=4 lost=0 blk=2 corrupt=0 failed=false
[61/1500] django_20055_20074__steward__s0 n=18 done=18 lost=0 blk=0 corrupt=0 failed=false
[62/1500] django_20055_20074__steward__s1 n=18 done=18 lost=0 blk=0 corrupt=0 failed=false
[63/1500] django_20055_20074__steward__s2 n=18 done=18 lost=0 blk=0 corrupt=0 failed=false
[64/1500] django_20055_20074__steward__s3 n=18 done=18 lost=0 blk=0 corrupt=0 failed=false
[65/1500] django_19519_19771__steward__s0 n=2 done=1 lost=0 blk=1 corrupt=0 failed=false
[66/1500] django_20055_20074__steward__s4 n=18 done=18 lost=0 blk=0 corrupt=0 failed=false
[67/1500] django_19519_19771__steward__s1 n=2 done=1 lost=0 blk=1 corrupt=0 failed=false
[68/1500] django_19519_19771__steward__s2 n=2 done=1 lost=1 blk=0 corrupt=0 failed=true
[69/1500] django_19519_19771__steward__s3 n=2 done=1 lost=1 blk=0 corrupt=0 failed=true
[70/1500] django_19519_19771__steward__s4 n=2 done=1 lost=0 blk=1 corrupt=0 failed=false
[71/1500] django_19793_20009__steward__s0 n=11 done=4 lost=0 blk=7 corrupt=0 failed=false
[72/1500] django_19793_20009__steward__s1 n=11 done=4 lost=0 blk=7 corrupt=0 failed=false
[73/1500] django_19793_20009__steward__s3 n=11 done=10 lost=0 blk=1 corrupt=0 failed=false
[74/1500] django_19793_20009__steward__s2 n=11 done=10 lost=0 blk=1 corrupt=0 failed=false
[75/1500] django_19793_20009__steward__s4 n=11 done=10 lost=0 blk=1 corrupt=0 failed=false
[76/1500] django_18209_19021__steward__s0 n=28 done=28 lost=0 blk=0 corrupt=0 failed=false
[77/1500] django_18209_19021__steward__s1 n=28 done=28 lost=0 blk=0 corrupt=0 failed=false
[78/1500] django_18209_19021__steward__s2 n=28 done=28 lost=0 blk=0 corrupt=0 failed=false
[79/1500] django_18209_19021__steward__s3 n=28 done=28 lost=0 blk=0 corrupt=0 failed=false
[80/1500] django_18209_19021__steward__s4 n=28 done=28 lost=0 blk=0 corrupt=0 failed=false
[81/1500] django_19395_19445__steward__s0 n=8 done=7 lost=0 blk=1 corrupt=0 failed=false
[82/1500] django_19395_19445__steward__s2 n=8 done=8 lost=0 blk=0 corrupt=0 failed=false
[83/1500] django_19395_19445__steward__s1 n=8 done=8 lost=0 blk=0 corrupt=0 failed=false
[84/1500] django_19395_19445__steward__s3 n=8 done=8 lost=0 blk=0 corrupt=0 failed=false
[85/1500] django_19012_19472__steward__s0 n=7 done=7 lost=0 blk=0 corrupt=0 failed=false
[86/1500] django_19395_19445__steward__s4 n=8 done=7 lost=0 blk=1 corrupt=0 failed=false
[87/1500] django_19012_19472__steward__s1 n=7 done=6 lost=0 blk=1 corrupt=0 failed=false
[88/1500] django_19012_19472__steward__s3 n=7 done=7 lost=0 blk=0 corrupt=0 failed=false
[89/1500] django_19012_19472__steward__s2 n=7 done=7 lost=0 blk=0 corrupt=0 failed=false
[90/1500] django_19012_19472__steward__s4 n=7 done=3 lost=0 blk=4 corrupt=0 failed=false
[91/1500] django_17554_19844__steward__s1 n=73 done=72 lost=0 blk=1 corrupt=0 failed=false
[92/1500] django_17554_19844__steward__s0 n=73 done=72 lost=0 blk=1 corrupt=0 failed=false
[93/1500] django_17554_19844__steward__s2 n=73 done=72 lost=0 blk=1 corrupt=0 failed=false
[94/1500] django_18786_19023__steward__s0 n=11 done=9 lost=0 blk=2 corrupt=0 failed=false
[95/1500] django_17554_19844__steward__s3 n=73 done=72 lost=0 blk=1 corrupt=0 failed=false
[96/1500] django_17554_19844__steward__s4 n=73 done=72 lost=0 blk=1 corrupt=0 failed=false
[97/1500] django_18786_19023__steward__s2 n=11 done=11 lost=0 blk=0 corrupt=0 failed=false
[98/1500] django_18786_19023__steward__s1 n=11 done=11 lost=0 blk=0 corrupt=0 failed=false
[99/1500] django_18786_19023__steward__s3 n=11 done=11 lost=0 blk=0 corrupt=0 failed=false
[100/1500] django_17831_17920__steward__s0 n=14 done=14 lost=0 blk=0 corrupt=0 failed=false
[101/1500] django_18786_19023__steward__s4 n=11 done=11 lost=0 blk=0 corrupt=0 failed=false
[102/1500] django_17831_17920__steward__s1 n=14 done=14 lost=0 blk=0 corrupt=0 failed=false
[103/1500] django_17831_17920__steward__s2 n=14 done=14 lost=0 blk=0 corrupt=0 failed=false
[104/1500] django_17831_17920__steward__s3 n=14 done=14 lost=0 blk=0 corrupt=0 failed=false
[105/1500] django_17831_17920__steward__s4 n=14 done=14 lost=0 blk=0 corrupt=0 failed=false
[106/1500] django_20282_20286__steward__s1 n=21 done=20 lost=0 blk=1 corrupt=0 failed=false
[107/1500] django_20282_20286__steward__s0 n=21 done=20 lost=0 blk=1 corrupt=0 failed=false
[108/1500] django_20282_20286__steward__s2 n=21 done=20 lost=0 blk=1 corrupt=0 failed=false
[109/1500] django_20282_20286__steward__s3 n=21 done=20 lost=0 blk=1 corrupt=0 failed=false
[110/1500] django_20045_20065__steward__s0 n=24 done=24 lost=0 blk=0 corrupt=0 failed=false
[111/1500] django_20282_20286__steward__s4 n=21 done=20 lost=0 blk=1 corrupt=0 failed=false
[112/1500] django_20045_20065__steward__s1 n=24 done=24 lost=0 blk=0 corrupt=0 failed=false
[113/1500] django_20045_20065__steward__s2 n=24 done=24 lost=0 blk=0 corrupt=0 failed=false
[114/1500] django_20045_20065__steward__s3 n=24 done=23 lost=0 blk=1 corrupt=0 failed=false
[115/1500] django_20045_20065__steward__s4 n=24 done=24 lost=0 blk=0 corrupt=0 failed=false
[116/1500] django_19602_19685__steward__s0 n=11 done=11 lost=0 blk=0 corrupt=0 failed=false
[117/1500] django_19602_19685__steward__s1 n=11 done=9 lost=0 blk=2 corrupt=0 failed=false
[118/1500] django_19602_19685__steward__s2 n=11 done=11 lost=0 blk=0 corrupt=0 failed=false
[119/1500] django_19602_19685__steward__s3 n=11 done=11 lost=0 blk=0 corrupt=0 failed=false
[120/1500] django_19602_19685__steward__s4 n=11 done=11 lost=0 blk=0 corrupt=0 failed=false
[121/1500] django_19794_19873__steward__s1 n=11 done=11 lost=0 blk=0 corrupt=0 failed=false
[122/1500] django_19794_19873__steward__s0 n=11 done=11 lost=0 blk=0 corrupt=0 failed=false
[123/1500] django_19794_19873__steward__s2 n=11 done=11 lost=0 blk=0 corrupt=0 failed=false
[124/1500] django_19794_19873__steward__s3 n=11 done=11 lost=0 blk=0 corrupt=0 failed=false
[125/1500] django_19794_19873__steward__s4 n=11 done=11 lost=0 blk=0 corrupt=0 failed=false
[126/1500] django_18127_18157__steward__s0 n=6 done=6 lost=0 blk=0 corrupt=0 failed=false
[127/1500] django_18127_18157__steward__s1 n=6 done=5 lost=0 blk=1 corrupt=0 failed=false
[128/1500] django_18127_18157__steward__s2 n=6 done=6 lost=0 blk=0 corrupt=0 failed=false
[129/1500] django_18127_18157__steward__s3 n=6 done=6 lost=0 blk=0 corrupt=0 failed=false
[130/1500] django_18293_18353__steward__s0 n=6 done=4 lost=0 blk=2 corrupt=0 failed=false
[131/1500] django_18127_18157__steward__s4 n=6 done=6 lost=0 blk=0 corrupt=0 failed=false
[132/1500] django_18293_18353__steward__s1 n=6 done=4 lost=0 blk=2 corrupt=0 failed=false
[133/1500] django_18293_18353__steward__s2 n=6 done=4 lost=0 blk=2 corrupt=0 failed=false
[134/1500] django_18293_18353__steward__s3 n=6 done=2 lost=0 blk=4 corrupt=0 failed=false
[135/1500] django_18293_18353__steward__s4 n=6 done=2 lost=0 blk=4 corrupt=0 failed=false
[136/1500] django_19190_19445__steward__s0 n=5 done=3 lost=0 blk=2 corrupt=0 failed=false
[137/1500] django_19190_19445__steward__s1 n=5 done=5 lost=0 blk=0 corrupt=0 failed=false
[138/1500] django_19190_19445__steward__s2 n=5 done=3 lost=0 blk=2 corrupt=0 failed=false
[139/1500] django_19190_19445__steward__s4 n=5 done=5 lost=0 blk=0 corrupt=0 failed=false
[140/1500] django_19190_19445__steward__s3 n=5 done=3 lost=0 blk=2 corrupt=0 failed=false
[141/1500] django_19011_19018__steward__s0 n=8 done=8 lost=0 blk=0 corrupt=0 failed=false
[142/1500] django_19011_19018__steward__s2 n=8 done=7 lost=0 blk=1 corrupt=0 failed=false
[143/1500] django_19011_19018__steward__s1 n=8 done=5 lost=0 blk=3 corrupt=0 failed=false
[144/1500] django_19011_19018__steward__s3 n=8 done=8 lost=0 blk=0 corrupt=0 failed=false
[145/1500] django_19011_19018__steward__s4 n=8 done=8 lost=0 blk=0 corrupt=0 failed=false
[146/1500] django_19088_19113__steward__s0 n=11 done=11 lost=0 blk=0 corrupt=0 failed=false
[147/1500] django_19088_19113__steward__s1 n=11 done=11 lost=0 blk=0 corrupt=0 failed=false
[148/1500] django_19088_19113__steward__s2 n=11 done=11 lost=0 blk=0 corrupt=0 failed=false
[149/1500] django_19088_19113__steward__s3 n=11 done=11 lost=0 blk=0 corrupt=0 failed=false
[150/1500] django_19088_19113__steward__s4 n=11 done=11 lost=0 blk=0 corrupt=0 failed=false
[151/1500] django_18909_19113__steward__s1 n=9 done=7 lost=0 blk=2 corrupt=0 failed=false
[152/1500] django_18909_19113__steward__s0 n=9 done=7 lost=0 blk=2 corrupt=0 failed=false
[153/1500] django_18909_19113__steward__s2 n=9 done=7 lost=0 blk=2 corrupt=0 failed=false
[154/1500] django_18909_19113__steward__s4 n=9 done=7 lost=0 blk=2 corrupt=0 failed=false
[155/1500] django_18909_19113__steward__s3 n=9 done=9 lost=0 blk=0 corrupt=0 failed=false
[156/1500] django_16703_17730__steward__s0 n=43 done=43 lost=0 blk=0 corrupt=0 failed=false
[157/1500] django_16703_17730__steward__s1 n=43 done=43 lost=0 blk=0 corrupt=0 failed=false
[158/1500] django_16703_17730__steward__s2 n=43 done=43 lost=0 blk=0 corrupt=0 failed=false
[159/1500] django_16703_17730__steward__s3 n=43 done=43 lost=0 blk=0 corrupt=0 failed=false
[160/1500] django_16703_17730__steward__s4 n=43 done=43 lost=0 blk=0 corrupt=0 failed=false
[161/1500] django_17357_17702__steward__s0 n=12 done=11 lost=0 blk=1 corrupt=0 failed=false
[162/1500] django_17357_17702__steward__s1 n=12 done=12 lost=0 blk=0 corrupt=0 failed=false
[163/1500] django_17357_17702__steward__s3 n=12 done=7 lost=0 blk=5 corrupt=0 failed=false
[164/1500] django_17357_17702__steward__s2 n=12 done=12 lost=0 blk=0 corrupt=0 failed=false
[165/1500] django_17357_17702__steward__s4 n=12 done=12 lost=0 blk=0 corrupt=0 failed=false
[166/1500] django_19187_19531__steward__s0 n=7 done=1 lost=0 blk=6 corrupt=0 failed=false
[167/1500] django_19187_19531__steward__s1 n=7 done=1 lost=0 blk=6 corrupt=0 failed=false
[168/1500] django_19187_19531__steward__s2 n=7 done=6 lost=0 blk=1 corrupt=0 failed=false
[169/1500] django_19187_19531__steward__s3 n=7 done=6 lost=0 blk=1 corrupt=0 failed=false
[170/1500] django_19187_19531__steward__s4 n=7 done=1 lost=0 blk=6 corrupt=0 failed=false
[171/1500] django_16703_17893__steward__s0 n=55 done=55 lost=0 blk=0 corrupt=0 failed=false
[172/1500] django_16703_17893__steward__s1 n=55 done=54 lost=0 blk=1 corrupt=0 failed=false
[173/1500] django_16703_17893__steward__s2 n=55 done=55 lost=0 blk=0 corrupt=0 failed=false
[174/1500] django_16703_17893__steward__s3 n=55 done=55 lost=0 blk=0 corrupt=0 failed=false
[175/1500] django_16703_17893__steward__s4 n=55 done=55 lost=0 blk=0 corrupt=0 failed=false
[176/1500] django_19244_19245__steward__s0 n=7 done=7 lost=0 blk=0 corrupt=0 failed=false
[177/1500] django_19244_19245__steward__s1 n=7 done=7 lost=0 blk=0 corrupt=0 failed=false
[178/1500] django_19244_19245__steward__s2 n=7 done=7 lost=0 blk=0 corrupt=0 failed=false
[179/1500] django_19244_19245__steward__s3 n=7 done=7 lost=0 blk=0 corrupt=0 failed=false
[180/1500] django_19244_19245__steward__s4 n=7 done=7 lost=0 blk=0 corrupt=0 failed=false
[181/1500] django_18209_18423__steward__s0 n=9 done=9 lost=0 blk=0 corrupt=0 failed=false
[182/1500] django_18209_18423__steward__s1 n=9 done=9 lost=0 blk=0 corrupt=0 failed=false
[183/1500] django_18209_18423__steward__s3 n=9 done=9 lost=0 blk=0 corrupt=0 failed=false
[184/1500] django_18209_18423__steward__s2 n=9 done=9 lost=0 blk=0 corrupt=0 failed=false
[185/1500] django_18209_18423__steward__s4 n=9 done=9 lost=0 blk=0 corrupt=0 failed=false
[186/1500] django_20362_20369__steward__s0 n=14 done=14 lost=0 blk=0 corrupt=0 failed=false
[187/1500] django_20362_20369__steward__s1 n=14 done=13 lost=0 blk=1 corrupt=0 failed=false
[188/1500] django_20362_20369__steward__s2 n=14 done=13 lost=0 blk=1 corrupt=0 failed=false
[189/1500] django_20362_20369__steward__s3 n=14 done=14 lost=0 blk=0 corrupt=0 failed=false
[190/1500] django_20362_20369__steward__s4 n=14 done=14 lost=0 blk=0 corrupt=0 failed=false
[191/1500] django_17885_17888__steward__s0 n=7 done=7 lost=0 blk=0 corrupt=0 failed=false
[192/1500] django_17885_17888__steward__s2 n=7 done=7 lost=0 blk=0 corrupt=0 failed=false
[193/1500] django_17885_17888__steward__s3 n=7 done=7 lost=0 blk=0 corrupt=0 failed=false
[194/1500] django_17885_17888__steward__s1 n=7 done=7 lost=0 blk=0 corrupt=0 failed=false
[195/1500] django_19042_19072__steward__s0 n=7 done=7 lost=0 blk=0 corrupt=0 failed=false
[196/1500] django_17885_17888__steward__s4 n=7 done=7 lost=0 blk=0 corrupt=0 failed=false
[197/1500] django_19042_19072__steward__s1 n=7 done=7 lost=0 blk=0 corrupt=0 failed=false
[198/1500] django_19042_19072__steward__s2 n=7 done=7 lost=0 blk=0 corrupt=0 failed=false
[199/1500] django_19042_19072__steward__s3 n=7 done=7 lost=0 blk=0 corrupt=0 failed=false
[200/1500] django_19042_19072__steward__s4 n=7 done=7 lost=0 blk=0 corrupt=0 failed=false
[201/1500] django_18485_18565__steward__s1 n=17 done=17 lost=0 blk=0 corrupt=0 failed=false
[202/1500] django_18485_18565__steward__s0 n=17 done=17 lost=0 blk=0 corrupt=0 failed=false
[203/1500] django_18485_18565__steward__s2 n=17 done=17 lost=0 blk=0 corrupt=0 failed=false
[204/1500] django_18485_18565__steward__s3 n=17 done=16 lost=0 blk=1 corrupt=0 failed=false
[205/1500] django_18485_18565__steward__s4 n=17 done=17 lost=0 blk=0 corrupt=0 failed=false
[206/1500] django_19012_19382__steward__s0 n=7 done=7 lost=0 blk=0 corrupt=0 failed=false
[207/1500] django_19012_19382__steward__s1 n=7 done=7 lost=0 blk=0 corrupt=0 failed=false
[208/1500] django_19012_19382__steward__s2 n=7 done=7 lost=0 blk=0 corrupt=0 failed=false
[209/1500] django_19012_19382__steward__s3 n=7 done=7 lost=0 blk=0 corrupt=0 failed=false
[210/1500] django_19012_19382__steward__s4 n=7 done=7 lost=0 blk=0 corrupt=0 failed=false
[211/1500] django_17831_17893__steward__s0 n=28 done=28 lost=0 blk=0 corrupt=0 failed=false
[212/1500] django_17831_17893__steward__s1 n=28 done=28 lost=0 blk=0 corrupt=0 failed=false
[213/1500] django_17831_17893__steward__s2 n=28 done=28 lost=0 blk=0 corrupt=0 failed=false
[214/1500] django_17831_17893__steward__s3 n=28 done=23 lost=0 blk=5 corrupt=0 failed=false
[215/1500] django_17831_17893__steward__s4 n=28 done=23 lost=5 blk=0 corrupt=0 failed=true
[216/1500] django_18909_19018__steward__s1 n=14 done=14 lost=0 blk=0 corrupt=0 failed=false
[217/1500] django_18909_19018__steward__s0 n=14 done=11 lost=0 blk=3 corrupt=0 failed=false
[218/1500] django_18909_19018__steward__s2 n=14 done=11 lost=0 blk=3 corrupt=0 failed=false
[219/1500] django_18909_19018__steward__s4 n=14 done=12 lost=0 blk=2 corrupt=0 failed=false
[220/1500] django_18909_19018__steward__s3 n=14 done=14 lost=0 blk=0 corrupt=0 failed=false
[221/1500] django_18412_18462__steward__s0 n=7 done=5 lost=0 blk=2 corrupt=0 failed=false
[222/1500] django_18412_18462__steward__s1 n=7 done=6 lost=0 blk=1 corrupt=0 failed=false
[223/1500] django_18412_18462__steward__s2 n=7 done=7 lost=0 blk=0 corrupt=0 failed=false
[224/1500] django_18412_18462__steward__s3 n=7 done=6 lost=0 blk=1 corrupt=0 failed=false
[225/1500] django_18412_18462__steward__s4 n=7 done=7 lost=0 blk=0 corrupt=0 failed=false
[226/1500] django_19057_19495__steward__s0 n=21 done=21 lost=0 blk=0 corrupt=0 failed=false
[227/1500] django_19057_19495__steward__s1 n=21 done=21 lost=0 blk=0 corrupt=0 failed=false
[228/1500] django_19057_19495__steward__s2 n=21 done=21 lost=0 blk=0 corrupt=0 failed=false
[229/1500] django_19057_19495__steward__s3 n=21 done=21 lost=0 blk=0 corrupt=0 failed=false
[230/1500] django_19057_19495__steward__s4 n=21 done=21 lost=0 blk=0 corrupt=0 failed=false
[231/1500] django_19919_20067__steward__s0 n=37 done=36 lost=0 blk=1 corrupt=0 failed=false
[232/1500] django_19919_20067__steward__s1 n=37 done=37 lost=0 blk=0 corrupt=0 failed=false
[233/1500] django_19919_20067__steward__s2 n=37 done=35 lost=0 blk=2 corrupt=0 failed=false
[234/1500] django_19919_20067__steward__s4 n=37 done=36 lost=0 blk=1 corrupt=0 failed=false
[235/1500] django_19919_20067__steward__s3 n=37 done=37 lost=0 blk=0 corrupt=0 failed=false
[236/1500] django_18404_18412__steward__s0 n=22 done=21 lost=0 blk=1 corrupt=0 failed=false
[237/1500] django_18404_18412__steward__s2 n=22 done=21 lost=0 blk=1 corrupt=0 failed=false
[238/1500] django_18404_18412__steward__s1 n=22 done=21 lost=0 blk=1 corrupt=0 failed=false
[239/1500] django_18404_18412__steward__s3 n=22 done=20 lost=0 blk=2 corrupt=0 failed=false
[240/1500] django_18665_18941__steward__s0 n=3 done=1 lost=0 blk=2 corrupt=0 failed=false
[241/1500] django_18404_18412__steward__s4 n=22 done=21 lost=0 blk=1 corrupt=0 failed=false
[242/1500] django_18665_18941__steward__s1 n=3 done=2 lost=1 blk=0 corrupt=0 failed=true
[243/1500] django_18665_18941__steward__s2 n=3 done=1 lost=0 blk=2 corrupt=0 failed=false
[244/1500] django_18665_18941__steward__s3 n=3 done=1 lost=0 blk=2 corrupt=0 failed=false
[245/1500] django_18665_18941__steward__s4 n=3 done=2 lost=0 blk=1 corrupt=0 failed=false
[246/1500] django_18979_19007__steward__s0 n=12 done=12 lost=0 blk=0 corrupt=0 failed=false
[247/1500] django_18979_19007__steward__s1 n=12 done=12 lost=0 blk=0 corrupt=0 failed=false
[248/1500] django_18979_19007__steward__s2 n=12 done=12 lost=0 blk=0 corrupt=0 failed=false
[249/1500] django_18979_19007__steward__s4 n=12 done=12 lost=0 blk=0 corrupt=0 failed=false
[250/1500] django_18979_19007__steward__s3 n=12 done=12 lost=0 blk=0 corrupt=0 failed=false
[251/1500] sympy_26685_26718__steward__s0 n=20 done=18 lost=0 blk=2 corrupt=0 failed=false
[252/1500] sympy_26685_26718__steward__s1 n=20 done=18 lost=0 blk=2 corrupt=0 failed=false
[253/1500] sympy_26685_26718__steward__s2 n=20 done=2 lost=0 blk=18 corrupt=0 failed=false
[254/1500] sympy_26685_26718__steward__s3 n=20 done=2 lost=0 blk=18 corrupt=0 failed=false
[255/1500] sympy_26685_26718__steward__s4 n=20 done=2 lost=0 blk=18 corrupt=0 failed=false
[256/1500] sympy_26412_26438__steward__s0 n=8 done=5 lost=1 blk=2 corrupt=1 failed=true
[257/1500] sympy_26412_26438__steward__s1 n=8 done=5 lost=1 blk=2 corrupt=1 failed=true
[258/1500] sympy_26412_26438__steward__s2 n=8 done=4 lost=0 blk=4 corrupt=0 failed=false
[259/1500] sympy_26412_26438__steward__s3 n=8 done=5 lost=1 blk=2 corrupt=1 failed=true
[260/1500] sympy_26412_26438__steward__s4 n=8 done=5 lost=1 blk=2 corrupt=1 failed=true
[261/1500] sympy_28304_28305__steward__s0 n=53 done=22 lost=0 blk=31 corrupt=0 failed=false
[262/1500] sympy_28304_28305__steward__s1 n=53 done=22 lost=0 blk=31 corrupt=0 failed=false
[263/1500] sympy_28304_28305__steward__s2 n=53 done=31 lost=0 blk=22 corrupt=0 failed=false
[264/1500] sympy_28304_28305__steward__s3 n=53 done=31 lost=0 blk=22 corrupt=0 failed=false
[265/1500] sympy_28304_28305__steward__s4 n=53 done=22 lost=0 blk=31 corrupt=0 failed=false
[266/1500] sympy_27369_27414__steward__s0 n=109 done=20 lost=0 blk=89 corrupt=0 failed=false
[267/1500] sympy_27369_27414__steward__s1 n=109 done=20 lost=0 blk=89 corrupt=0 failed=false
[268/1500] sympy_27369_27414__steward__s2 n=109 done=20 lost=0 blk=89 corrupt=0 failed=false
[269/1500] sympy_27369_27414__steward__s3 n=109 done=20 lost=0 blk=89 corrupt=0 failed=false
[270/1500] sympy_26303_26442__steward__s0 n=4 done=2 lost=0 blk=2 corrupt=0 failed=false
[271/1500] sympy_27369_27414__steward__s4 n=109 done=20 lost=0 blk=89 corrupt=0 failed=false
[272/1500] sympy_26303_26442__steward__s1 n=4 done=2 lost=0 blk=2 corrupt=0 failed=false
[273/1500] sympy_26303_26442__steward__s3 n=4 done=2 lost=0 blk=2 corrupt=0 failed=false
[274/1500] sympy_26303_26442__steward__s2 n=4 done=2 lost=0 blk=2 corrupt=0 failed=false
[275/1500] sympy_26303_26442__steward__s4 n=4 done=2 lost=0 blk=2 corrupt=0 failed=false
[276/1500] sympy_26718_26736__steward__s1 n=28 done=18 lost=0 blk=10 corrupt=0 failed=false
[277/1500] sympy_26718_26736__steward__s0 n=28 done=18 lost=0 blk=10 corrupt=0 failed=false
[278/1500] sympy_26718_26736__steward__s2 n=28 done=18 lost=0 blk=10 corrupt=0 failed=false
[279/1500] sympy_26718_26736__steward__s3 n=28 done=18 lost=0 blk=10 corrupt=0 failed=false
[280/1500] sympy_26718_26736__steward__s4 n=28 done=10 lost=0 blk=18 corrupt=0 failed=false
[281/1500] sympy_28032_28079__steward__s0 n=14 done=3 lost=0 blk=11 corrupt=0 failed=false
[282/1500] sympy_28032_28079__steward__s2 n=14 done=13 lost=0 blk=1 corrupt=0 failed=false
[283/1500] sympy_28032_28079__steward__s1 n=14 done=13 lost=0 blk=1 corrupt=0 failed=false
[284/1500] sympy_28032_28079__steward__s3 n=14 done=3 lost=0 blk=11 corrupt=0 failed=false
[285/1500] sympy_27827_27894__steward__s0 n=9 done=3 lost=0 blk=6 corrupt=0 failed=false
[286/1500] sympy_28032_28079__steward__s4 n=14 done=13 lost=0 blk=1 corrupt=0 failed=false
[287/1500] sympy_27827_27894__steward__s1 n=9 done=3 lost=0 blk=6 corrupt=0 failed=false
[288/1500] sympy_27827_27894__steward__s2 n=9 done=3 lost=0 blk=6 corrupt=0 failed=false
[289/1500] sympy_27827_27894__steward__s3 n=9 done=3 lost=0 blk=6 corrupt=0 failed=false
[290/1500] sympy_27827_27894__steward__s4 n=9 done=3 lost=0 blk=6 corrupt=0 failed=false
[291/1500] sympy_27052_27067__steward__s0 n=11 done=5 lost=0 blk=6 corrupt=0 failed=false
[292/1500] sympy_27052_27067__steward__s1 n=11 done=5 lost=0 blk=6 corrupt=0 failed=false
[293/1500] sympy_27052_27067__steward__s2 n=11 done=5 lost=0 blk=6 corrupt=0 failed=false
[294/1500] sympy_27052_27067__steward__s3 n=11 done=5 lost=0 blk=6 corrupt=0 failed=false
[295/1500] sympy_27052_27067__steward__s4 n=11 done=6 lost=0 blk=5 corrupt=0 failed=false
[296/1500] sympy_26800_26801__steward__s0 n=2 done=1 lost=0 blk=1 corrupt=0 failed=false
[297/1500] sympy_26800_26801__steward__s1 n=2 done=1 lost=0 blk=1 corrupt=0 failed=false
[298/1500] sympy_26800_26801__steward__s2 n=2 done=1 lost=0 blk=1 corrupt=0 failed=false
[299/1500] sympy_26800_26801__steward__s3 n=2 done=1 lost=0 blk=1 corrupt=0 failed=false
[300/1500] sympy_26800_26801__steward__s4 n=2 done=1 lost=0 blk=1 corrupt=0 failed=false
[301/1500] sympy_27862_27863__steward__s0 n=34 done=28 lost=0 blk=6 corrupt=0 failed=false
[302/1500] sympy_27862_27863__steward__s1 n=34 done=28 lost=0 blk=6 corrupt=0 failed=false
[303/1500] sympy_27862_27863__steward__s2 n=34 done=28 lost=0 blk=6 corrupt=0 failed=false
[304/1500] sympy_27862_27863__steward__s3 n=34 done=28 lost=0 blk=6 corrupt=0 failed=false
[305/1500] sympy_27862_27863__steward__s4 n=34 done=28 lost=0 blk=6 corrupt=0 failed=false
[306/1500] sympy_28653_28662__steward__s0 n=6 done=5 lost=0 blk=1 corrupt=0 failed=false
[307/1500] sympy_28653_28662__steward__s1 n=6 done=5 lost=0 blk=1 corrupt=0 failed=false
[308/1500] sympy_28653_28662__steward__s2 n=6 done=5 lost=0 blk=1 corrupt=0 failed=false
[309/1500] sympy_28653_28662__steward__s3 n=6 done=5 lost=0 blk=1 corrupt=0 failed=false
[310/1500] sympy_28653_28662__steward__s4 n=6 done=5 lost=0 blk=1 corrupt=0 failed=false
[311/1500] sympy_26487_26488__steward__s0 n=12 done=6 lost=0 blk=6 corrupt=0 failed=false
[312/1500] sympy_26487_26488__steward__s1 n=12 done=6 lost=0 blk=6 corrupt=0 failed=false
[313/1500] sympy_26487_26488__steward__s2 n=12 done=6 lost=0 blk=6 corrupt=0 failed=false
[314/1500] sympy_26487_26488__steward__s3 n=12 done=6 lost=0 blk=6 corrupt=0 failed=false
[315/1500] sympy_26487_26488__steward__s4 n=12 done=6 lost=0 blk=6 corrupt=0 failed=false
[316/1500] sympy_27839_27863__steward__s0 n=36 done=30 lost=0 blk=6 corrupt=0 failed=false
[317/1500] sympy_27839_27863__steward__s1 n=36 done=30 lost=0 blk=6 corrupt=0 failed=false
[318/1500] sympy_27839_27863__steward__s2 n=36 done=30 lost=0 blk=6 corrupt=0 failed=false
[319/1500] sympy_27839_27863__steward__s3 n=36 done=30 lost=0 blk=6 corrupt=0 failed=false
[320/1500] sympy_27839_27863__steward__s4 n=36 done=33 lost=0 blk=3 corrupt=0 failed=false
[321/1500] sympy_28805_28807__steward__s0 n=22 done=19 lost=0 blk=3 corrupt=0 failed=false
[322/1500] sympy_28805_28807__steward__s1 n=22 done=19 lost=0 blk=3 corrupt=0 failed=false
[323/1500] sympy_28805_28807__steward__s2 n=22 done=19 lost=0 blk=3 corrupt=0 failed=false
[324/1500] sympy_28805_28807__steward__s3 n=22 done=19 lost=0 blk=3 corrupt=0 failed=false
[325/1500] sympy_27040_27043__steward__s0 n=67 done=37 lost=0 blk=30 corrupt=0 failed=false
[326/1500] sympy_28805_28807__steward__s4 n=22 done=19 lost=0 blk=3 corrupt=0 failed=false
[327/1500] sympy_27040_27043__steward__s1 n=67 done=37 lost=0 blk=30 corrupt=0 failed=false
[328/1500] sympy_27040_27043__steward__s2 n=67 done=37 lost=0 blk=30 corrupt=0 failed=false
[329/1500] sympy_27040_27043__steward__s3 n=67 done=37 lost=0 blk=30 corrupt=0 failed=false
[330/1500] sympy_27040_27043__steward__s4 n=67 done=37 lost=0 blk=30 corrupt=0 failed=false
[331/1500] sympy_23681_26920__steward__s1 n=31 done=6 lost=0 blk=25 corrupt=0 failed=false
[332/1500] sympy_23681_26920__steward__s0 n=31 done=25 lost=0 blk=6 corrupt=0 failed=false
[333/1500] sympy_23681_26920__steward__s2 n=31 done=25 lost=0 blk=6 corrupt=0 failed=false
[334/1500] sympy_23681_26920__steward__s3 n=31 done=25 lost=0 blk=6 corrupt=0 failed=false
[335/1500] sympy_23681_26920__steward__s4 n=31 done=6 lost=0 blk=25 corrupt=0 failed=false
[336/1500] sympy_25664_26298__steward__s0 n=16 done=16 lost=0 blk=0 corrupt=0 failed=false
[337/1500] sympy_25664_26298__steward__s1 n=16 done=16 lost=0 blk=0 corrupt=0 failed=false
[338/1500] sympy_25664_26298__steward__s2 n=16 done=16 lost=0 blk=0 corrupt=0 failed=false
[339/1500] sympy_25664_26298__steward__s3 n=16 done=16 lost=0 blk=0 corrupt=0 failed=false
[340/1500] sympy_25664_26298__steward__s4 n=16 done=16 lost=0 blk=0 corrupt=0 failed=false
[341/1500] sympy_27353_27997__steward__s0 n=145 done=144 lost=0 blk=1 corrupt=0 failed=false
[342/1500] sympy_27353_27997__steward__s1 n=145 done=115 lost=0 blk=30 corrupt=0 failed=false
[343/1500] sympy_27353_27997__steward__s2 n=145 done=144 lost=0 blk=1 corrupt=0 failed=false
[344/1500] sympy_26781_26863__steward__s0 n=40 done=35 lost=0 blk=5 corrupt=0 failed=false
[345/1500] sympy_27353_27997__steward__s4 n=145 done=115 lost=0 blk=30 corrupt=0 failed=false
[346/1500] sympy_27353_27997__steward__s3 n=145 done=144 lost=0 blk=1 corrupt=0 failed=false
[347/1500] sympy_26781_26863__steward__s2 n=40 done=35 lost=0 blk=5 corrupt=0 failed=false
[348/1500] sympy_26781_26863__steward__s1 n=40 done=35 lost=0 blk=5 corrupt=0 failed=false
[349/1500] sympy_26781_26863__steward__s3 n=40 done=35 lost=0 blk=5 corrupt=0 failed=false
[350/1500] sympy_26678_26713__steward__s0 n=14 done=14 lost=0 blk=0 corrupt=0 failed=false
[351/1500] sympy_26781_26863__steward__s4 n=40 done=35 lost=0 blk=5 corrupt=0 failed=false
[352/1500] sympy_26678_26713__steward__s1 n=14 done=14 lost=0 blk=0 corrupt=0 failed=false
[353/1500] sympy_26678_26713__steward__s2 n=14 done=14 lost=0 blk=0 corrupt=0 failed=false
[354/1500] sympy_26678_26713__steward__s3 n=14 done=14 lost=0 blk=0 corrupt=0 failed=false
[355/1500] sympy_26678_26713__steward__s4 n=14 done=14 lost=0 blk=0 corrupt=0 failed=false
[356/1500] sympy_25664_26147__steward__s1 n=13 done=11 lost=0 blk=2 corrupt=0 failed=false
[357/1500] sympy_25664_26147__steward__s0 n=13 done=2 lost=0 blk=11 corrupt=0 failed=false
[358/1500] sympy_25664_26147__steward__s2 n=13 done=2 lost=0 blk=11 corrupt=0 failed=false
[359/1500] sympy_25664_26147__steward__s3 n=13 done=11 lost=0 blk=2 corrupt=0 failed=false
[360/1500] sympy_25664_26147__steward__s4 n=13 done=11 lost=0 blk=2 corrupt=0 failed=false
[361/1500] sympy_27686_27892__steward__s0 n=10 done=10 lost=0 blk=0 corrupt=0 failed=false
[362/1500] sympy_27686_27892__steward__s1 n=10 done=10 lost=0 blk=0 corrupt=0 failed=false
[363/1500] sympy_27686_27892__steward__s2 n=10 done=10 lost=0 blk=0 corrupt=0 failed=false
[364/1500] sympy_27686_27892__steward__s3 n=10 done=10 lost=0 blk=0 corrupt=0 failed=false
[365/1500] sympy_27686_27892__steward__s4 n=10 done=10 lost=0 blk=0 corrupt=0 failed=false
[366/1500] sympy_28271_28272__steward__s0 n=51 done=51 lost=0 blk=0 corrupt=0 failed=false
[367/1500] sympy_28271_28272__steward__s1 n=51 done=47 lost=0 blk=4 corrupt=0 failed=false
[368/1500] sympy_28271_28272__steward__s2 n=51 done=51 lost=0 blk=0 corrupt=0 failed=false
[369/1500] sympy_28271_28272__steward__s3 n=51 done=51 lost=0 blk=0 corrupt=0 failed=false
[370/1500] sympy_28271_28272__steward__s4 n=51 done=48 lost=0 blk=3 corrupt=0 failed=false
[371/1500] sympy_28224_28231__steward__s1 n=2 done=1 lost=0 blk=1 corrupt=0 failed=false
[372/1500] sympy_28224_28231__steward__s0 n=2 done=1 lost=0 blk=1 corrupt=0 failed=false
[373/1500] sympy_28224_28231__steward__s2 n=2 done=1 lost=0 blk=1 corrupt=0 failed=false
[374/1500] sympy_28224_28231__steward__s3 n=2 done=1 lost=0 blk=1 corrupt=0 failed=false
[375/1500] sympy_28224_28231__steward__s4 n=2 done=1 lost=0 blk=1 corrupt=0 failed=false
[376/1500] sympy_27183_27187__steward__s0 n=3 done=3 lost=0 blk=0 corrupt=0 failed=false
[377/1500] sympy_27183_27187__steward__s1 n=3 done=3 lost=0 blk=0 corrupt=0 failed=false
[378/1500] sympy_27183_27187__steward__s2 n=3 done=3 lost=0 blk=0 corrupt=0 failed=false
[379/1500] sympy_27183_27187__steward__s3 n=3 done=3 lost=0 blk=0 corrupt=0 failed=false
[380/1500] sympy_26752_26809__steward__s0 n=6 done=6 lost=0 blk=0 corrupt=0 failed=false
[381/1500] sympy_27183_27187__steward__s4 n=3 done=3 lost=0 blk=0 corrupt=0 failed=false
[382/1500] sympy_26752_26809__steward__s1 n=6 done=6 lost=0 blk=0 corrupt=0 failed=false
[383/1500] sympy_26752_26809__steward__s3 n=6 done=6 lost=0 blk=0 corrupt=0 failed=false
[384/1500] sympy_26752_26809__steward__s2 n=6 done=4 lost=0 blk=2 corrupt=0 failed=false
[385/1500] sympy_26752_26809__steward__s4 n=6 done=5 lost=0 blk=1 corrupt=0 failed=false
[386/1500] sympy_26872_27997__steward__s0 n=70 done=70 lost=0 blk=0 corrupt=0 failed=false
[387/1500] sympy_26872_27997__steward__s1 n=70 done=70 lost=0 blk=0 corrupt=0 failed=false
[388/1500] sympy_26872_27997__steward__s2 n=70 done=70 lost=0 blk=0 corrupt=0 failed=false
[389/1500] sympy_26297_26300__steward__s0 n=11 done=4 lost=0 blk=7 corrupt=0 failed=false
[390/1500] sympy_26872_27997__steward__s3 n=70 done=70 lost=0 blk=0 corrupt=0 failed=false
[391/1500] sympy_26872_27997__steward__s4 n=70 done=70 lost=0 blk=0 corrupt=0 failed=false
[392/1500] sympy_26297_26300__steward__s2 n=11 done=4 lost=0 blk=7 corrupt=0 failed=false
[393/1500] sympy_26297_26300__steward__s1 n=11 done=4 lost=7 blk=0 corrupt=0 failed=true
[394/1500] sympy_26297_26300__steward__s3 n=11 done=4 lost=0 blk=7 corrupt=0 failed=false
[395/1500] sympy_26297_26300__steward__s4 n=11 done=7 lost=0 blk=4 corrupt=0 failed=false
[396/1500] sympy_25150_27713__steward__s0 n=27 done=26 lost=0 blk=1 corrupt=0 failed=false
[397/1500] sympy_25150_27713__steward__s1 n=27 done=27 lost=0 blk=0 corrupt=0 failed=false
[398/1500] sympy_25150_27713__steward__s2 n=27 done=27 lost=0 blk=0 corrupt=0 failed=false
[399/1500] sympy_25150_27713__steward__s3 n=27 done=25 lost=0 blk=2 corrupt=0 failed=false
[400/1500] sympy_25150_27713__steward__s4 n=27 done=27 lost=0 blk=0 corrupt=0 failed=false
[401/1500] sympy_28143_28185__steward__s1 n=14 done=14 lost=0 blk=0 corrupt=0 failed=false
[402/1500] sympy_28143_28185__steward__s0 n=14 done=14 lost=0 blk=0 corrupt=0 failed=false
[403/1500] sympy_28143_28185__steward__s2 n=14 done=14 lost=0 blk=0 corrupt=0 failed=false
[404/1500] sympy_28143_28185__steward__s4 n=14 done=14 lost=0 blk=0 corrupt=0 failed=false
[405/1500] sympy_28143_28185__steward__s3 n=14 done=14 lost=0 blk=0 corrupt=0 failed=false
[406/1500] sympy_26335_26476__steward__s0 n=2 done=1 lost=0 blk=1 corrupt=0 failed=false
[407/1500] sympy_26335_26476__steward__s1 n=2 done=1 lost=0 blk=1 corrupt=0 failed=false
[408/1500] sympy_26335_26476__steward__s2 n=2 done=1 lost=0 blk=1 corrupt=0 failed=false
[409/1500] sympy_26335_26476__steward__s3 n=2 done=1 lost=1 blk=0 corrupt=0 failed=true
[410/1500] sympy_26335_26476__steward__s4 n=2 done=1 lost=1 blk=0 corrupt=0 failed=true
[411/1500] sympy_27193_27239__steward__s0 n=18 done=18 lost=0 blk=0 corrupt=0 failed=false
[412/1500] sympy_27193_27239__steward__s1 n=18 done=18 lost=0 blk=0 corrupt=0 failed=false
[413/1500] sympy_27193_27239__steward__s3 n=18 done=18 lost=0 blk=0 corrupt=0 failed=false
[414/1500] sympy_27193_27239__steward__s2 n=18 done=18 lost=0 blk=0 corrupt=0 failed=false
[415/1500] sympy_27193_27239__steward__s4 n=18 done=18 lost=0 blk=0 corrupt=0 failed=false
[416/1500] sympy_28032_28036__steward__s0 n=63 done=63 lost=0 blk=0 corrupt=0 failed=false
[417/1500] sympy_28032_28036__steward__s1 n=63 done=63 lost=0 blk=0 corrupt=0 failed=false
[418/1500] sympy_28032_28036__steward__s2 n=63 done=63 lost=0 blk=0 corrupt=0 failed=false
[419/1500] sympy_27986_28011__steward__s0 n=16 done=15 lost=0 blk=1 corrupt=0 failed=false
[420/1500] sympy_28032_28036__steward__s4 n=63 done=63 lost=0 blk=0 corrupt=0 failed=false
[421/1500] sympy_28032_28036__steward__s3 n=63 done=63 lost=0 blk=0 corrupt=0 failed=false
[422/1500] sympy_27986_28011__steward__s1 n=16 done=1 lost=0 blk=15 corrupt=0 failed=false
[423/1500] sympy_27986_28011__steward__s2 n=16 done=15 lost=0 blk=1 corrupt=0 failed=false
[424/1500] sympy_27986_28011__steward__s3 n=16 done=15 lost=0 blk=1 corrupt=0 failed=false
[425/1500] sympy_27986_28011__steward__s4 n=16 done=1 lost=15 blk=0 corrupt=0 failed=true
[426/1500] sympy_26476_26721__steward__s0 n=2 done=1 lost=0 blk=1 corrupt=0 failed=false
[427/1500] sympy_26476_26721__steward__s1 n=2 done=1 lost=0 blk=1 corrupt=0 failed=false
[428/1500] sympy_26476_26721__steward__s2 n=2 done=1 lost=0 blk=1 corrupt=0 failed=false
[429/1500] sympy_26476_26721__steward__s4 n=2 done=1 lost=0 blk=1 corrupt=0 failed=false
[430/1500] sympy_26476_26721__steward__s3 n=2 done=1 lost=0 blk=1 corrupt=0 failed=false
[431/1500] sympy_25186_26187__steward__s0 n=10 done=10 lost=0 blk=0 corrupt=0 failed=false
[432/1500] sympy_25186_26187__steward__s2 n=10 done=10 lost=0 blk=0 corrupt=0 failed=false
[433/1500] sympy_25186_26187__steward__s1 n=10 done=10 lost=0 blk=0 corrupt=0 failed=false
[434/1500] sympy_25186_26187__steward__s3 n=10 done=10 lost=0 blk=0 corrupt=0 failed=false
[435/1500] sympy_27598_27611__steward__s0 n=4 done=1 lost=0 blk=3 corrupt=0 failed=false
[436/1500] sympy_25186_26187__steward__s4 n=10 done=10 lost=0 blk=0 corrupt=0 failed=false
[437/1500] sympy_27598_27611__steward__s1 n=4 done=1 lost=3 blk=0 corrupt=0 failed=true
[438/1500] sympy_27598_27611__steward__s3 n=4 done=1 lost=0 blk=3 corrupt=0 failed=false
[439/1500] sympy_27598_27611__steward__s2 n=4 done=1 lost=0 blk=3 corrupt=0 failed=false
[440/1500] sympy_27598_27611__steward__s4 n=4 done=1 lost=0 blk=3 corrupt=0 failed=false
[441/1500] sympy_27253_27254__steward__s0 n=8 done=8 lost=0 blk=0 corrupt=0 failed=false
[442/1500] sympy_27253_27254__steward__s1 n=8 done=8 lost=0 blk=0 corrupt=0 failed=false
[443/1500] sympy_27253_27254__steward__s2 n=8 done=8 lost=0 blk=0 corrupt=0 failed=false
[444/1500] sympy_27253_27254__steward__s4 n=8 done=8 lost=0 blk=0 corrupt=0 failed=false
[445/1500] sympy_27253_27254__steward__s3 n=8 done=8 lost=0 blk=0 corrupt=0 failed=false
[446/1500] sympy_27369_27567__steward__s0 n=111 done=111 lost=0 blk=0 corrupt=0 failed=false
[447/1500] sympy_27369_27567__steward__s1 n=111 done=111 lost=0 blk=0 corrupt=0 failed=false
[448/1500] sympy_27369_27567__steward__s2 n=111 done=111 lost=0 blk=0 corrupt=0 failed=false
[449/1500] sympy_27369_27567__steward__s3 n=111 done=111 lost=0 blk=0 corrupt=0 failed=false
[450/1500] sympy_26872_27173__steward__s0 n=24 done=24 lost=0 blk=0 corrupt=0 failed=false
[451/1500] sympy_27369_27567__steward__s4 n=111 done=111 lost=0 blk=0 corrupt=0 failed=false
[452/1500] sympy_26872_27173__steward__s1 n=24 done=24 lost=0 blk=0 corrupt=0 failed=false
[453/1500] sympy_26872_27173__steward__s2 n=24 done=24 lost=0 blk=0 corrupt=0 failed=false
[454/1500] sympy_26872_27173__steward__s3 n=24 done=24 lost=0 blk=0 corrupt=0 failed=false
[455/1500] sympy_26872_27173__steward__s4 n=24 done=23 lost=0 blk=1 corrupt=0 failed=false
[456/1500] sympy_25940_26312__steward__s1 n=36 done=36 lost=0 blk=0 corrupt=0 failed=false
[457/1500] sympy_25940_26312__steward__s0 n=36 done=36 lost=0 blk=0 corrupt=0 failed=false
[458/1500] sympy_25940_26312__steward__s2 n=36 done=36 lost=0 blk=0 corrupt=0 failed=false
[459/1500] sympy_28626_28639__steward__s0 n=2 done=1 lost=0 blk=1 corrupt=0 failed=false
[460/1500] sympy_25940_26312__steward__s3 n=36 done=36 lost=0 blk=0 corrupt=0 failed=false
[461/1500] sympy_25940_26312__steward__s4 n=36 done=36 lost=0 blk=0 corrupt=0 failed=false
[462/1500] sympy_28626_28639__steward__s1 n=2 done=1 lost=0 blk=1 corrupt=0 failed=false
[463/1500] sympy_28626_28639__steward__s2 n=2 done=1 lost=0 blk=1 corrupt=0 failed=false
[464/1500] sympy_28626_28639__steward__s3 n=2 done=1 lost=0 blk=1 corrupt=0 failed=false
[465/1500] sympy_28626_28639__steward__s4 n=2 done=1 lost=0 blk=1 corrupt=0 failed=false
[466/1500] sympy_28588_28757__steward__s0 n=5 done=4 lost=0 blk=1 corrupt=0 failed=false
[467/1500] sympy_28588_28757__steward__s1 n=5 done=4 lost=0 blk=1 corrupt=0 failed=false
[468/1500] sympy_28588_28757__steward__s2 n=5 done=5 lost=0 blk=0 corrupt=0 failed=false
[469/1500] sympy_28588_28757__steward__s3 n=5 done=5 lost=0 blk=0 corrupt=0 failed=false
[470/1500] sympy_28588_28757__steward__s4 n=5 done=5 lost=0 blk=0 corrupt=0 failed=false
[471/1500] sympy_27686_27930__steward__s1 n=15 done=15 lost=0 blk=0 corrupt=0 failed=false
[472/1500] sympy_27686_27930__steward__s0 n=15 done=14 lost=0 blk=1 corrupt=0 failed=false
[473/1500] sympy_27686_27930__steward__s2 n=15 done=15 lost=0 blk=0 corrupt=0 failed=false
[474/1500] sympy_27489_27511__steward__s0 n=3 done=1 lost=0 blk=2 corrupt=0 failed=false
[475/1500] sympy_27686_27930__steward__s3 n=15 done=15 lost=0 blk=0 corrupt=0 failed=false
[476/1500] sympy_27686_27930__steward__s4 n=15 done=15 lost=0 blk=0 corrupt=0 failed=false
[477/1500] sympy_27489_27511__steward__s2 n=3 done=2 lost=0 blk=1 corrupt=0 failed=false
[478/1500] sympy_27489_27511__steward__s1 n=3 done=1 lost=0 blk=2 corrupt=0 failed=false
[479/1500] sympy_27489_27511__steward__s3 n=3 done=2 lost=0 blk=1 corrupt=0 failed=false
[480/1500] sympy_27489_27511__steward__s4 n=3 done=2 lost=0 blk=1 corrupt=0 failed=false
[481/1500] sympy_25150_26442__steward__s0 n=28 done=28 lost=0 blk=0 corrupt=0 failed=false
[482/1500] sympy_25150_26442__steward__s1 n=28 done=28 lost=0 blk=0 corrupt=0 failed=false
[483/1500] sympy_25150_26442__steward__s2 n=28 done=28 lost=0 blk=0 corrupt=0 failed=false
[484/1500] sympy_27086_27175__steward__s0 n=9 done=7 lost=0 blk=2 corrupt=0 failed=false
[485/1500] sympy_25150_26442__steward__s4 n=28 done=28 lost=0 blk=0 corrupt=0 failed=false
[486/1500] sympy_25150_26442__steward__s3 n=28 done=28 lost=0 blk=0 corrupt=0 failed=false
[487/1500] sympy_27086_27175__steward__s1 n=9 done=7 lost=0 blk=2 corrupt=0 failed=false
[488/1500] sympy_27086_27175__steward__s3 n=9 done=7 lost=0 blk=2 corrupt=0 failed=false
[489/1500] sympy_27086_27175__steward__s2 n=9 done=2 lost=0 blk=7 corrupt=0 failed=false
[490/1500] sympy_27086_27175__steward__s4 n=9 done=2 lost=0 blk=7 corrupt=0 failed=false
[491/1500] sympy_26678_26794__steward__s1 n=19 done=18 lost=0 blk=1 corrupt=0 failed=false
[492/1500] sympy_26678_26794__steward__s0 n=19 done=19 lost=0 blk=0 corrupt=0 failed=false
[493/1500] sympy_26678_26794__steward__s2 n=19 done=19 lost=0 blk=0 corrupt=0 failed=false
[494/1500] sympy_26678_26794__steward__s3 n=19 done=19 lost=0 blk=0 corrupt=0 failed=false
[495/1500] sympy_26678_26794__steward__s4 n=19 done=19 lost=0 blk=0 corrupt=0 failed=false
[496/1500] sympy_26042_26044__steward__s0 n=17 done=17 lost=0 blk=0 corrupt=0 failed=false
[497/1500] sympy_26042_26044__steward__s1 n=17 done=17 lost=0 blk=0 corrupt=0 failed=false
[498/1500] sympy_26042_26044__steward__s2 n=17 done=16 lost=0 blk=1 corrupt=0 failed=false
[499/1500] sympy_26042_26044__steward__s3 n=17 done=17 lost=0 blk=0 corrupt=0 failed=false
[500/1500] sympy_26042_26044__steward__s4 n=17 done=17 lost=0 blk=0 corrupt=0 failed=false
[501/1500] xarray_9677_9687__steward__s0 n=48 done=40 lost=0 blk=8 corrupt=0 failed=false
[502/1500] xarray_9677_9687__steward__s1 n=48 done=40 lost=0 blk=8 corrupt=0 failed=false
[503/1500] xarray_9677_9687__steward__s3 n=48 done=40 lost=0 blk=8 corrupt=0 failed=false
[504/1500] xarray_9677_9687__steward__s2 n=48 done=40 lost=0 blk=8 corrupt=0 failed=false
[505/1500] xarray_9677_9687__steward__s4 n=48 done=40 lost=0 blk=8 corrupt=0 failed=false
[506/1500] xarray_9588_9589__steward__s0 n=23 done=16 lost=0 blk=7 corrupt=0 failed=false
[507/1500] xarray_9588_9589__steward__s1 n=23 done=16 lost=0 blk=7 corrupt=0 failed=false
[508/1500] xarray_9588_9589__steward__s2 n=23 done=16 lost=0 blk=7 corrupt=0 failed=false
[509/1500] xarray_9588_9589__steward__s4 n=23 done=16 lost=0 blk=7 corrupt=0 failed=false
[510/1500] xarray_9588_9589__steward__s3 n=23 done=16 lost=0 blk=7 corrupt=0 failed=false
[511/1500] xarray_9444_9446__steward__s0 n=12 done=1 lost=0 blk=11 corrupt=0 failed=false
[512/1500] xarray_9444_9446__steward__s1 n=12 done=1 lost=0 blk=11 corrupt=0 failed=false
[513/1500] xarray_9444_9446__steward__s2 n=12 done=1 lost=0 blk=11 corrupt=0 failed=false
[514/1500] xarray_9444_9446__steward__s3 n=12 done=11 lost=0 blk=1 corrupt=0 failed=false
[515/1500] xarray_9444_9446__steward__s4 n=12 done=11 lost=0 blk=1 corrupt=0 failed=false
[516/1500] xarray_9522_9649__steward__s0 n=50 done=18 lost=0 blk=32 corrupt=0 failed=false
[517/1500] xarray_9522_9649__steward__s1 n=50 done=24 lost=0 blk=26 corrupt=0 failed=false
[518/1500] xarray_9522_9649__steward__s2 n=50 done=18 lost=0 blk=32 corrupt=0 failed=false
[519/1500] xarray_9522_9649__steward__s3 n=50 done=31 lost=0 blk=19 corrupt=0 failed=false
[520/1500] xarray_9522_9649__steward__s4 n=50 done=18 lost=0 blk=32 corrupt=0 failed=false
[521/1500] xarray_7427_9280__steward__s0 n=52 done=48 lost=0 blk=4 corrupt=0 failed=false
[522/1500] xarray_7427_9280__steward__s1 n=52 done=48 lost=0 blk=4 corrupt=0 failed=false
[523/1500] xarray_7427_9280__steward__s2 n=52 done=48 lost=0 blk=4 corrupt=0 failed=false
[524/1500] xarray_7427_9280__steward__s4 n=52 done=48 lost=0 blk=4 corrupt=0 failed=false
[525/1500] xarray_7427_9280__steward__s3 n=52 done=48 lost=0 blk=4 corrupt=0 failed=false
[526/1500] xarray_9552_9614__steward__s0 n=70 done=23 lost=0 blk=47 corrupt=0 failed=false
[527/1500] xarray_9552_9614__steward__s1 n=70 done=23 lost=0 blk=47 corrupt=0 failed=false
[528/1500] xarray_9552_9614__steward__s2 n=70 done=23 lost=0 blk=47 corrupt=0 failed=false
[529/1500] xarray_9552_9614__steward__s3 n=70 done=23 lost=0 blk=47 corrupt=0 failed=false
[530/1500] xarray_9552_9614__steward__s4 n=70 done=23 lost=0 blk=47 corrupt=0 failed=false
[531/1500] xarray_9798_9800__steward__s0 n=61 done=58 lost=0 blk=3 corrupt=0 failed=false
[532/1500] xarray_9798_9800__steward__s1 n=61 done=57 lost=0 blk=4 corrupt=0 failed=false
[533/1500] xarray_9798_9800__steward__s2 n=61 done=57 lost=0 blk=4 corrupt=0 failed=false
[534/1500] xarray_9798_9800__steward__s3 n=61 done=58 lost=0 blk=3 corrupt=0 failed=false
[535/1500] xarray_9798_9800__steward__s4 n=61 done=57 lost=0 blk=4 corrupt=0 failed=false
[536/1500] xarray_9320_9389__steward__s0 n=88 done=32 lost=0 blk=56 corrupt=0 failed=false
[537/1500] xarray_9320_9389__steward__s1 n=88 done=32 lost=0 blk=56 corrupt=0 failed=false
[538/1500] xarray_9320_9389__steward__s2 n=88 done=80 lost=0 blk=8 corrupt=0 failed=false
[539/1500] xarray_9451_9453__steward__s0 n=14 done=8 lost=0 blk=6 corrupt=0 failed=false
[540/1500] xarray_9320_9389__steward__s3 n=88 done=80 lost=0 blk=8 corrupt=0 failed=false
[541/1500] xarray_9320_9389__steward__s4 n=88 done=32 lost=0 blk=56 corrupt=0 failed=false
[542/1500] xarray_9451_9453__steward__s1 n=14 done=8 lost=0 blk=6 corrupt=0 failed=false
[543/1500] xarray_9451_9453__steward__s3 n=14 done=11 lost=0 blk=3 corrupt=0 failed=false
[544/1500] xarray_9451_9453__steward__s2 n=14 done=8 lost=0 blk=6 corrupt=0 failed=false
[545/1500] xarray_10317_10355__steward__s0 n=29 done=26 lost=0 blk=3 corrupt=0 failed=false
[546/1500] xarray_9451_9453__steward__s4 n=14 done=8 lost=0 blk=6 corrupt=0 failed=false
[547/1500] xarray_10317_10355__steward__s1 n=29 done=27 lost=0 blk=2 corrupt=0 failed=false
[548/1500] xarray_10317_10355__steward__s3 n=29 done=26 lost=0 blk=3 corrupt=0 failed=false
[549/1500] xarray_10317_10355__steward__s2 n=29 done=27 lost=0 blk=2 corrupt=0 failed=false
[550/1500] xarray_10317_10355__steward__s4 n=29 done=27 lost=0 blk=2 corrupt=0 failed=false
[551/1500] xarray_10423_10559__steward__s1 n=62 done=51 lost=0 blk=11 corrupt=0 failed=false
[552/1500] xarray_10423_10559__steward__s0 n=62 done=51 lost=0 blk=11 corrupt=0 failed=false
[553/1500] xarray_10423_10559__steward__s2 n=62 done=41 lost=0 blk=21 corrupt=0 failed=false
[554/1500] xarray_10423_10559__steward__s3 n=62 done=51 lost=0 blk=11 corrupt=0 failed=false
[555/1500] xarray_10423_10559__steward__s4 n=62 done=51 lost=0 blk=11 corrupt=0 failed=false
[556/1500] xarray_9320_9719__steward__s0 n=28 done=26 lost=0 blk=2 corrupt=0 failed=false
[557/1500] xarray_9320_9719__steward__s1 n=28 done=26 lost=0 blk=2 corrupt=0 failed=false
[558/1500] xarray_9320_9719__steward__s2 n=28 done=26 lost=0 blk=2 corrupt=0 failed=false
[559/1500] xarray_9320_9719__steward__s3 n=28 done=26 lost=0 blk=2 corrupt=0 failed=false
[560/1500] xarray_8627_8629__steward__s0 n=26 done=21 lost=0 blk=5 corrupt=0 failed=false
[561/1500] xarray_8627_8629__steward__s1 n=26 done=21 lost=0 blk=5 corrupt=0 failed=false
[562/1500] xarray_9320_9719__steward__s4 n=28 done=26 lost=0 blk=2 corrupt=0 failed=false
[563/1500] xarray_8627_8629__steward__s2 n=26 done=21 lost=0 blk=5 corrupt=0 failed=false
[564/1500] xarray_8627_8629__steward__s3 n=26 done=21 lost=0 blk=5 corrupt=0 failed=false
[565/1500] xarray_8627_8629__steward__s4 n=26 done=21 lost=0 blk=5 corrupt=0 failed=false
[566/1500] xarray_8872_8960__steward__s0 n=36 done=27 lost=0 blk=9 corrupt=0 failed=false
[567/1500] xarray_8872_8960__steward__s1 n=36 done=27 lost=0 blk=9 corrupt=0 failed=false
[568/1500] xarray_8872_8960__steward__s2 n=36 done=27 lost=0 blk=9 corrupt=0 failed=false
[569/1500] xarray_8872_8960__steward__s3 n=36 done=27 lost=0 blk=9 corrupt=0 failed=false
[570/1500] xarray_8872_8960__steward__s4 n=36 done=27 lost=0 blk=9 corrupt=0 failed=false
[571/1500] xarray_9899_9906__steward__s0 n=35 done=34 lost=0 blk=1 corrupt=0 failed=false
[572/1500] xarray_9899_9906__steward__s1 n=35 done=14 lost=0 blk=21 corrupt=0 failed=false
[573/1500] xarray_9899_9906__steward__s3 n=35 done=34 lost=0 blk=1 corrupt=0 failed=false
[574/1500] xarray_9899_9906__steward__s2 n=35 done=14 lost=0 blk=21 corrupt=0 failed=false
[575/1500] xarray_9899_9906__steward__s4 n=35 done=34 lost=0 blk=1 corrupt=0 failed=false
[576/1500] xarray_9243_9294__steward__s0 n=16 done=15 lost=0 blk=1 corrupt=0 failed=false
[577/1500] xarray_9243_9294__steward__s1 n=16 done=15 lost=0 blk=1 corrupt=0 failed=false
[578/1500] xarray_9243_9294__steward__s2 n=16 done=15 lost=0 blk=1 corrupt=0 failed=false
[579/1500] xarray_9243_9294__steward__s4 n=16 done=15 lost=0 blk=1 corrupt=0 failed=false
[580/1500] xarray_9243_9294__steward__s3 n=16 done=15 lost=0 blk=1 corrupt=0 failed=false
[581/1500] xarray_9719_9720__steward__s0 n=39 done=33 lost=0 blk=6 corrupt=0 failed=false
[582/1500] xarray_9719_9720__steward__s1 n=39 done=36 lost=0 blk=3 corrupt=0 failed=false
[583/1500] xarray_9719_9720__steward__s2 n=39 done=33 lost=0 blk=6 corrupt=0 failed=false
[584/1500] xarray_9719_9720__steward__s3 n=39 done=33 lost=0 blk=6 corrupt=0 failed=false
[585/1500] xarray_9719_9720__steward__s4 n=39 done=36 lost=0 blk=3 corrupt=0 failed=false
[586/1500] xarray_9671_10187__steward__s0 n=49 done=48 lost=0 blk=1 corrupt=0 failed=false
[587/1500] xarray_9671_10187__steward__s1 n=49 done=49 lost=0 blk=0 corrupt=0 failed=false
[588/1500] xarray_9671_10187__steward__s2 n=49 done=49 lost=0 blk=0 corrupt=0 failed=false
[589/1500] xarray_9671_10187__steward__s3 n=49 done=48 lost=0 blk=1 corrupt=0 failed=false
[590/1500] xarray_9671_10187__steward__s4 n=49 done=48 lost=0 blk=1 corrupt=0 failed=false
[591/1500] xarray_10137_10208__steward__s0 n=60 done=55 lost=0 blk=5 corrupt=0 failed=false
[592/1500] xarray_10137_10208__steward__s1 n=60 done=52 lost=0 blk=8 corrupt=0 failed=false
[593/1500] xarray_10137_10208__steward__s2 n=60 done=49 lost=0 blk=11 corrupt=0 failed=false
[594/1500] xarray_7427_9233__steward__s0 n=38 done=38 lost=0 blk=0 corrupt=0 failed=false
[595/1500] xarray_10137_10208__steward__s3 n=60 done=49 lost=0 blk=11 corrupt=0 failed=false
[596/1500] xarray_10137_10208__steward__s4 n=60 done=55 lost=0 blk=5 corrupt=0 failed=false
[597/1500] xarray_7427_9233__steward__s2 n=38 done=38 lost=0 blk=0 corrupt=0 failed=false
[598/1500] xarray_7427_9233__steward__s1 n=38 done=38 lost=0 blk=0 corrupt=0 failed=false
[599/1500] xarray_7427_9233__steward__s3 n=38 done=38 lost=0 blk=0 corrupt=0 failed=false
[600/1500] xarray_8627_8657__steward__s0 n=13 done=11 lost=0 blk=2 corrupt=0 failed=false
[601/1500] xarray_8627_8657__steward__s1 n=13 done=10 lost=0 blk=3 corrupt=0 failed=false
[602/1500] xarray_7427_9233__steward__s4 n=38 done=38 lost=0 blk=0 corrupt=0 failed=false
[603/1500] xarray_8627_8657__steward__s2 n=13 done=11 lost=0 blk=2 corrupt=0 failed=false
[604/1500] xarray_8627_8657__steward__s4 n=13 done=11 lost=0 blk=2 corrupt=0 failed=false
[605/1500] xarray_8627_8657__steward__s3 n=13 done=11 lost=0 blk=2 corrupt=0 failed=false
[606/1500] xarray_9901_9906__steward__s0 n=62 done=61 lost=0 blk=1 corrupt=0 failed=false
[607/1500] xarray_9901_9906__steward__s1 n=62 done=61 lost=0 blk=1 corrupt=0 failed=false
[608/1500] xarray_9901_9906__steward__s2 n=62 done=61 lost=0 blk=1 corrupt=0 failed=false
[609/1500] xarray_9901_9906__steward__s3 n=62 done=61 lost=0 blk=1 corrupt=0 failed=false
[610/1500] xarray_9522_9529__steward__s0 n=53 done=52 lost=0 blk=1 corrupt=0 failed=false
[611/1500] xarray_9901_9906__steward__s4 n=62 done=61 lost=0 blk=1 corrupt=0 failed=false
[612/1500] xarray_9522_9529__steward__s1 n=53 done=36 lost=0 blk=17 corrupt=0 failed=false
[613/1500] xarray_9522_9529__steward__s3 n=53 done=36 lost=0 blk=17 corrupt=0 failed=false
[614/1500] xarray_9522_9529__steward__s2 n=53 done=52 lost=0 blk=1 corrupt=0 failed=false
[615/1500] xarray_9522_9529__steward__s4 n=53 done=36 lost=0 blk=17 corrupt=0 failed=false
[616/1500] xarray_9766_9771__steward__s0 n=38 done=34 lost=0 blk=4 corrupt=0 failed=false
[617/1500] xarray_9766_9771__steward__s1 n=38 done=30 lost=0 blk=8 corrupt=0 failed=false
[618/1500] xarray_9766_9771__steward__s2 n=38 done=37 lost=0 blk=1 corrupt=0 failed=false
[619/1500] xarray_9766_9771__steward__s3 n=38 done=37 lost=0 blk=1 corrupt=0 failed=false
[620/1500] xarray_9766_9771__steward__s4 n=38 done=37 lost=0 blk=1 corrupt=0 failed=false
[621/1500] xarray_8380_8657__steward__s0 n=28 done=28 lost=0 blk=0 corrupt=0 failed=false
[622/1500] xarray_8380_8657__steward__s2 n=28 done=28 lost=0 blk=0 corrupt=0 failed=false
[623/1500] xarray_8380_8657__steward__s1 n=28 done=28 lost=0 blk=0 corrupt=0 failed=false
[624/1500] xarray_8380_8657__steward__s3 n=28 done=28 lost=0 blk=0 corrupt=0 failed=false
[625/1500] xarray_9497_9498__steward__s0 n=14 done=12 lost=0 blk=2 corrupt=0 failed=false
[626/1500] xarray_9497_9498__steward__s1 n=14 done=2 lost=0 blk=12 corrupt=0 failed=false
[627/1500] xarray_8380_8657__steward__s4 n=28 done=28 lost=0 blk=0 corrupt=0 failed=false
[628/1500] xarray_9497_9498__steward__s2 n=14 done=12 lost=0 blk=2 corrupt=0 failed=false
[629/1500] xarray_9497_9498__steward__s3 n=14 done=2 lost=0 blk=12 corrupt=0 failed=false
[630/1500] xarray_9497_9498__steward__s4 n=14 done=2 lost=0 blk=12 corrupt=0 failed=false
[631/1500] xarray_9297_9378__steward__s0 n=19 done=13 lost=0 blk=6 corrupt=0 failed=false
[632/1500] xarray_9297_9378__steward__s1 n=19 done=13 lost=0 blk=6 corrupt=0 failed=false
[633/1500] xarray_9297_9378__steward__s2 n=19 done=13 lost=0 blk=6 corrupt=0 failed=false
[634/1500] xarray_9297_9378__steward__s3 n=19 done=13 lost=0 blk=6 corrupt=0 failed=false
[635/1500] xarray_9297_9378__steward__s4 n=19 done=13 lost=0 blk=6 corrupt=0 failed=false
[636/1500] xarray_9543_9671__steward__s0 n=35 done=34 lost=0 blk=1 corrupt=0 failed=false
[637/1500] xarray_9543_9671__steward__s1 n=35 done=34 lost=0 blk=1 corrupt=0 failed=false
[638/1500] xarray_9543_9671__steward__s2 n=35 done=34 lost=0 blk=1 corrupt=0 failed=false
[639/1500] xarray_9543_9671__steward__s3 n=35 done=34 lost=0 blk=1 corrupt=0 failed=false
[640/1500] xarray_9543_9671__steward__s4 n=35 done=34 lost=0 blk=1 corrupt=0 failed=false
[641/1500] xarray_10227_10559__steward__s0 n=38 done=38 lost=0 blk=0 corrupt=0 failed=false
[642/1500] xarray_10227_10559__steward__s2 n=38 done=38 lost=0 blk=0 corrupt=0 failed=false
[643/1500] xarray_10227_10559__steward__s1 n=38 done=38 lost=0 blk=0 corrupt=0 failed=false
[644/1500] xarray_10227_10559__steward__s3 n=38 done=38 lost=0 blk=0 corrupt=0 failed=false
[645/1500] xarray_9561_9795__steward__s0 n=51 done=48 lost=0 blk=3 corrupt=0 failed=false
[646/1500] xarray_10227_10559__steward__s4 n=38 done=38 lost=0 blk=0 corrupt=0 failed=false
[647/1500] xarray_9561_9795__steward__s1 n=51 done=48 lost=0 blk=3 corrupt=0 failed=false
[648/1500] xarray_9561_9795__steward__s3 n=51 done=48 lost=0 blk=3 corrupt=0 failed=false
[649/1500] xarray_9561_9795__steward__s2 n=51 done=48 lost=0 blk=3 corrupt=0 failed=false
[650/1500] xarray_9561_9795__steward__s4 n=51 done=35 lost=0 blk=16 corrupt=0 failed=false
[651/1500] xarray_9105_9192__steward__s0 n=15 done=4 lost=0 blk=11 corrupt=0 failed=false
[652/1500] xarray_9105_9192__steward__s1 n=15 done=13 lost=0 blk=2 corrupt=0 failed=false
[653/1500] xarray_9105_9192__steward__s2 n=15 done=4 lost=0 blk=11 corrupt=0 failed=false
[654/1500] xarray_9105_9192__steward__s3 n=15 done=13 lost=0 blk=2 corrupt=0 failed=false
[655/1500] xarray_9105_9192__steward__s4 n=15 done=4 lost=0 blk=11 corrupt=0 failed=false
[656/1500] xarray_9529_9543__steward__s0 n=29 done=18 lost=0 blk=11 corrupt=0 failed=false
[657/1500] xarray_9529_9543__steward__s1 n=29 done=25 lost=0 blk=4 corrupt=0 failed=false
[658/1500] xarray_9529_9543__steward__s2 n=29 done=18 lost=0 blk=11 corrupt=0 failed=false
[659/1500] xarray_9529_9543__steward__s3 n=29 done=25 lost=0 blk=4 corrupt=0 failed=false
[660/1500] xarray_9378_9482__steward__s0 n=12 done=6 lost=0 blk=6 corrupt=0 failed=false
[661/1500] xarray_9378_9482__steward__s1 n=12 done=6 lost=0 blk=6 corrupt=0 failed=false
[662/1500] xarray_9529_9543__steward__s4 n=29 done=18 lost=0 blk=11 corrupt=0 failed=false
[663/1500] xarray_9378_9482__steward__s3 n=12 done=10 lost=0 blk=2 corrupt=0 failed=false
[664/1500] xarray_9378_9482__steward__s2 n=12 done=6 lost=0 blk=6 corrupt=0 failed=false
[665/1500] xarray_9378_9482__steward__s4 n=12 done=6 lost=0 blk=6 corrupt=0 failed=false
[666/1500] xarray_9199_9243__steward__s0 n=23 done=14 lost=0 blk=9 corrupt=0 failed=false
[667/1500] xarray_9199_9243__steward__s1 n=23 done=13 lost=0 blk=10 corrupt=0 failed=false
[668/1500] xarray_9199_9243__steward__s2 n=23 done=10 lost=0 blk=13 corrupt=0 failed=false
[669/1500] xarray_9199_9243__steward__s4 n=23 done=13 lost=0 blk=10 corrupt=0 failed=false
[670/1500] xarray_9199_9243__steward__s3 n=23 done=10 lost=0 blk=13 corrupt=0 failed=false
[671/1500] xarray_9599_9691__steward__s0 n=36 done=36 lost=0 blk=0 corrupt=0 failed=false
[672/1500] xarray_9599_9691__steward__s2 n=36 done=36 lost=0 blk=0 corrupt=0 failed=false
[673/1500] xarray_9599_9691__steward__s1 n=36 done=36 lost=0 blk=0 corrupt=0 failed=false
[674/1500] xarray_9599_9691__steward__s3 n=36 done=36 lost=0 blk=0 corrupt=0 failed=false
[675/1500] xarray_9599_9691__steward__s4 n=36 done=36 lost=0 blk=0 corrupt=0 failed=false
[676/1500] xarray_9722_9727__steward__s0 n=22 done=22 lost=0 blk=0 corrupt=0 failed=false
[677/1500] xarray_9722_9727__steward__s1 n=22 done=22 lost=0 blk=0 corrupt=0 failed=false
[678/1500] xarray_9722_9727__steward__s2 n=22 done=22 lost=0 blk=0 corrupt=0 failed=false
[679/1500] xarray_9722_9727__steward__s3 n=22 done=22 lost=0 blk=0 corrupt=0 failed=false
[680/1500] xarray_9722_9727__steward__s4 n=22 done=22 lost=0 blk=0 corrupt=0 failed=false
[681/1500] xarray_10778_10828__steward__s1 n=72 done=72 lost=0 blk=0 corrupt=0 failed=false
[682/1500] xarray_10778_10828__steward__s0 n=72 done=72 lost=0 blk=0 corrupt=0 failed=false
[683/1500] xarray_10778_10828__steward__s2 n=72 done=72 lost=0 blk=0 corrupt=0 failed=false
[684/1500] xarray_8147_8559__steward__s0 n=40 done=40 lost=0 blk=0 corrupt=0 failed=false
[685/1500] xarray_10778_10828__steward__s3 n=72 done=72 lost=0 blk=0 corrupt=0 failed=false
[686/1500] xarray_10778_10828__steward__s4 n=72 done=72 lost=0 blk=0 corrupt=0 failed=false
[687/1500] xarray_8147_8559__steward__s1 n=40 done=40 lost=0 blk=0 corrupt=0 failed=false
[688/1500] xarray_8147_8559__steward__s2 n=40 done=26 lost=0 blk=14 corrupt=0 failed=false
[689/1500] xarray_8147_8559__steward__s3 n=40 done=40 lost=0 blk=0 corrupt=0 failed=false
[690/1500] xarray_9955_10567__steward__s0 n=8 done=8 lost=0 blk=0 corrupt=0 failed=false
[691/1500] xarray_8147_8559__steward__s4 n=40 done=39 lost=0 blk=1 corrupt=0 failed=false
[692/1500] xarray_9955_10567__steward__s1 n=8 done=8 lost=0 blk=0 corrupt=0 failed=false
[693/1500] xarray_9955_10567__steward__s2 n=8 done=8 lost=0 blk=0 corrupt=0 failed=false
[694/1500] xarray_9955_10567__steward__s3 n=8 done=8 lost=0 blk=0 corrupt=0 failed=false
[695/1500] xarray_9955_10567__steward__s4 n=8 done=8 lost=0 blk=0 corrupt=0 failed=false
[696/1500] xarray_9403_9443__steward__s0 n=12 done=12 lost=0 blk=0 corrupt=0 failed=false
[697/1500] xarray_9403_9443__steward__s1 n=12 done=12 lost=0 blk=0 corrupt=0 failed=false
[698/1500] xarray_9403_9443__steward__s2 n=12 done=12 lost=0 blk=0 corrupt=0 failed=false
[699/1500] xarray_9403_9443__steward__s3 n=12 done=12 lost=0 blk=0 corrupt=0 failed=false
[700/1500] xarray_9403_9443__steward__s4 n=12 done=12 lost=0 blk=0 corrupt=0 failed=false
[701/1500] xarray_8459_8598__steward__s0 n=20 done=20 lost=0 blk=0 corrupt=0 failed=false
[702/1500] xarray_8459_8598__steward__s2 n=20 done=20 lost=0 blk=0 corrupt=0 failed=false
[703/1500] xarray_8459_8598__steward__s1 n=20 done=20 lost=0 blk=0 corrupt=0 failed=false
[704/1500] xarray_8459_8598__steward__s3 n=20 done=20 lost=0 blk=0 corrupt=0 failed=false
[705/1500] xarray_9526_9534__steward__s0 n=21 done=21 lost=0 blk=0 corrupt=0 failed=false
[706/1500] xarray_8459_8598__steward__s4 n=20 done=20 lost=0 blk=0 corrupt=0 failed=false
[707/1500] xarray_9526_9534__steward__s1 n=21 done=21 lost=0 blk=0 corrupt=0 failed=false
[708/1500] xarray_9526_9534__steward__s2 n=21 done=19 lost=0 blk=2 corrupt=0 failed=false
[709/1500] xarray_9526_9534__steward__s3 n=21 done=21 lost=0 blk=0 corrupt=0 failed=false
[710/1500] xarray_9526_9534__steward__s4 n=21 done=21 lost=0 blk=0 corrupt=0 failed=false
[711/1500] xarray_10274_10395__steward__s0 n=23 done=23 lost=0 blk=0 corrupt=0 failed=false
[712/1500] xarray_10274_10395__steward__s1 n=23 done=23 lost=0 blk=0 corrupt=0 failed=false
[713/1500] xarray_10274_10395__steward__s2 n=23 done=23 lost=0 blk=0 corrupt=0 failed=false
[714/1500] xarray_10274_10395__steward__s4 n=23 done=23 lost=0 blk=0 corrupt=0 failed=false
[715/1500] xarray_10274_10395__steward__s3 n=23 done=23 lost=0 blk=0 corrupt=0 failed=false
[716/1500] xarray_8466_8606__steward__s0 n=17 done=17 lost=0 blk=0 corrupt=0 failed=false
[717/1500] xarray_8466_8606__steward__s2 n=17 done=17 lost=0 blk=0 corrupt=0 failed=false
[718/1500] xarray_8466_8606__steward__s1 n=17 done=17 lost=0 blk=0 corrupt=0 failed=false
[719/1500] xarray_8466_8606__steward__s3 n=17 done=17 lost=0 blk=0 corrupt=0 failed=false
[720/1500] xarray_8324_10081__steward__s0 n=17 done=17 lost=0 blk=0 corrupt=0 failed=false
[721/1500] xarray_8466_8606__steward__s4 n=17 done=17 lost=0 blk=0 corrupt=0 failed=false
[722/1500] xarray_8324_10081__steward__s1 n=17 done=13 lost=0 blk=4 corrupt=0 failed=false
[723/1500] xarray_8324_10081__steward__s2 n=17 done=17 lost=0 blk=0 corrupt=0 failed=false
[724/1500] xarray_8324_10081__steward__s3 n=17 done=17 lost=0 blk=0 corrupt=0 failed=false
[725/1500] xarray_8324_10081__steward__s4 n=17 done=17 lost=0 blk=0 corrupt=0 failed=false
[726/1500] xarray_9552_9599__steward__s1 n=109 done=98 lost=0 blk=11 corrupt=0 failed=false
[727/1500] xarray_9552_9599__steward__s0 n=109 done=109 lost=0 blk=0 corrupt=0 failed=false
[728/1500] xarray_9552_9599__steward__s2 n=109 done=96 lost=0 blk=13 corrupt=0 failed=false
[729/1500] xarray_9552_9599__steward__s3 n=109 done=96 lost=0 blk=13 corrupt=0 failed=false
[730/1500] xarray_9552_9599__steward__s4 n=109 done=109 lost=0 blk=0 corrupt=0 failed=false
[731/1500] xarray_9589_9615__steward__s0 n=50 done=50 lost=0 blk=0 corrupt=0 failed=false
[732/1500] xarray_9589_9615__steward__s2 n=50 done=50 lost=0 blk=0 corrupt=0 failed=false
[733/1500] xarray_9589_9615__steward__s1 n=50 done=50 lost=0 blk=0 corrupt=0 failed=false
[734/1500] xarray_9589_9615__steward__s3 n=50 done=50 lost=0 blk=0 corrupt=0 failed=false
[735/1500] xarray_9720_9749__steward__s0 n=41 done=40 lost=0 blk=1 corrupt=0 failed=false
[736/1500] xarray_9589_9615__steward__s4 n=50 done=50 lost=0 blk=0 corrupt=0 failed=false
[737/1500] xarray_9720_9749__steward__s1 n=41 done=40 lost=0 blk=1 corrupt=0 failed=false
[738/1500] xarray_9720_9749__steward__s3 n=41 done=40 lost=0 blk=1 corrupt=0 failed=false
[739/1500] xarray_9720_9749__steward__s2 n=41 done=40 lost=0 blk=1 corrupt=0 failed=false
[740/1500] xarray_9720_9749__steward__s4 n=41 done=40 lost=0 blk=1 corrupt=0 failed=false
[741/1500] xarray_8380_8547__steward__s1 n=27 done=27 lost=0 blk=0 corrupt=0 failed=false
[742/1500] xarray_8380_8547__steward__s0 n=27 done=27 lost=0 blk=0 corrupt=0 failed=false
[743/1500] xarray_8380_8547__steward__s2 n=27 done=27 lost=0 blk=0 corrupt=0 failed=false
[744/1500] xarray_10519_10528__steward__s0 n=20 done=9 lost=0 blk=11 corrupt=0 failed=false
[745/1500] xarray_8380_8547__steward__s3 n=27 done=27 lost=0 blk=0 corrupt=0 failed=false
[746/1500] xarray_8380_8547__steward__s4 n=27 done=27 lost=0 blk=0 corrupt=0 failed=false
[747/1500] xarray_10519_10528__steward__s1 n=20 done=18 lost=2 blk=0 corrupt=0 failed=true
[748/1500] xarray_10519_10528__steward__s2 n=20 done=9 lost=0 blk=11 corrupt=0 failed=false
[749/1500] xarray_10519_10528__steward__s3 n=20 done=20 lost=0 blk=0 corrupt=0 failed=false
[750/1500] xarray_10519_10528__steward__s4 n=20 done=20 lost=0 blk=0 corrupt=0 failed=false
[751/1500] pytest_11910_11916__steward__s0 n=44 done=36 lost=0 blk=8 corrupt=0 failed=false
[752/1500] pytest_11910_11916__steward__s1 n=44 done=34 lost=0 blk=10 corrupt=0 failed=false
[753/1500] pytest_11910_11916__steward__s2 n=44 done=34 lost=0 blk=10 corrupt=0 failed=false
[754/1500] pytest_11910_11916__steward__s3 n=44 done=34 lost=0 blk=10 corrupt=0 failed=false
[755/1500] pytest_11910_11916__steward__s4 n=44 done=34 lost=0 blk=10 corrupt=0 failed=false
[756/1500] pytest_11833_12092__steward__s1 n=21 done=8 lost=0 blk=13 corrupt=0 failed=false
[757/1500] pytest_11833_12092__steward__s0 n=21 done=13 lost=0 blk=8 corrupt=0 failed=false
[758/1500] pytest_11833_12092__steward__s2 n=21 done=13 lost=0 blk=8 corrupt=0 failed=false
[759/1500] pytest_11833_12092__steward__s3 n=21 done=8 lost=0 blk=13 corrupt=0 failed=false
[760/1500] pytest_11833_12092__steward__s4 n=21 done=13 lost=0 blk=8 corrupt=0 failed=false
[761/1500] pytest_13394_13397__steward__s0 n=31 done=15 lost=0 blk=16 corrupt=0 failed=false
[762/1500] pytest_13394_13397__steward__s2 n=31 done=21 lost=0 blk=10 corrupt=0 failed=false
[763/1500] pytest_13394_13397__steward__s1 n=31 done=19 lost=0 blk=12 corrupt=0 failed=false
[764/1500] pytest_13394_13397__steward__s3 n=31 done=21 lost=0 blk=10 corrupt=0 failed=false
[765/1500] pytest_11910_12172__steward__s0 n=13 done=5 lost=0 blk=8 corrupt=0 failed=false
[766/1500] pytest_11910_12172__steward__s1 n=13 done=11 lost=0 blk=2 corrupt=0 failed=false
[767/1500] pytest_13394_13397__steward__s4 n=31 done=15 lost=0 blk=16 corrupt=0 failed=false
[768/1500] pytest_11910_12172__steward__s3 n=13 done=5 lost=0 blk=8 corrupt=0 failed=false
[769/1500] pytest_11910_12172__steward__s2 n=13 done=5 lost=0 blk=8 corrupt=0 failed=false
[770/1500] pytest_11910_12172__steward__s4 n=13 done=5 lost=0 blk=8 corrupt=0 failed=false
[771/1500] pytest_13830_13831__steward__s1 n=32 done=15 lost=0 blk=17 corrupt=0 failed=false
[772/1500] pytest_13830_13831__steward__s0 n=32 done=21 lost=0 blk=11 corrupt=0 failed=false
[773/1500] pytest_13830_13831__steward__s2 n=32 done=15 lost=0 blk=17 corrupt=0 failed=false
[774/1500] pytest_13830_13831__steward__s4 n=32 done=21 lost=0 blk=11 corrupt=0 failed=false
[775/1500] pytest_13830_13831__steward__s3 n=32 done=21 lost=0 blk=11 corrupt=0 failed=false
[776/1500] pytest_11776_11780__steward__s0 n=46 done=38 lost=0 blk=8 corrupt=0 failed=false
[777/1500] pytest_11776_11780__steward__s1 n=46 done=38 lost=0 blk=8 corrupt=0 failed=false
[778/1500] pytest_11776_11780__steward__s2 n=46 done=38 lost=0 blk=8 corrupt=0 failed=false
[779/1500] pytest_11776_11780__steward__s3 n=46 done=38 lost=0 blk=8 corrupt=0 failed=false
[780/1500] pytest_12346_12744__steward__s0 n=15 done=15 lost=0 blk=0 corrupt=0 failed=false
[781/1500] pytest_11776_11780__steward__s4 n=46 done=38 lost=0 blk=8 corrupt=0 failed=false
[782/1500] pytest_12346_12744__steward__s1 n=15 done=15 lost=0 blk=0 corrupt=0 failed=false
[783/1500] pytest_12346_12744__steward__s3 n=15 done=15 lost=0 blk=0 corrupt=0 failed=false
[784/1500] pytest_12346_12744__steward__s2 n=15 done=15 lost=0 blk=0 corrupt=0 failed=false
[785/1500] pytest_12346_12744__steward__s4 n=15 done=15 lost=0 blk=0 corrupt=0 failed=false
[786/1500] pytest_11833_12048__steward__s0 n=11 done=8 lost=0 blk=3 corrupt=0 failed=false
[787/1500] pytest_11833_12048__steward__s1 n=11 done=3 lost=0 blk=8 corrupt=0 failed=false
[788/1500] pytest_11833_12048__steward__s2 n=11 done=3 lost=0 blk=8 corrupt=0 failed=false
[789/1500] pytest_11833_12048__steward__s3 n=11 done=8 lost=0 blk=3 corrupt=0 failed=false
[790/1500] pytest_11833_12048__steward__s4 n=11 done=3 lost=0 blk=8 corrupt=0 failed=false
[791/1500] pytest_11708_11794__steward__s0 n=19 done=19 lost=0 blk=0 corrupt=0 failed=false
[792/1500] pytest_11708_11794__steward__s2 n=19 done=19 lost=0 blk=0 corrupt=0 failed=false
[793/1500] pytest_11708_11794__steward__s1 n=19 done=19 lost=0 blk=0 corrupt=0 failed=false
[794/1500] pytest_11708_11794__steward__s3 n=19 done=19 lost=0 blk=0 corrupt=0 failed=false
[795/1500] pytest_11708_11794__steward__s4 n=19 done=19 lost=0 blk=0 corrupt=0 failed=false
[796/1500] pytest_13956_13966__steward__s0 n=35 done=33 lost=0 blk=2 corrupt=0 failed=false
[797/1500] pytest_13956_13966__steward__s1 n=35 done=33 lost=0 blk=2 corrupt=0 failed=false
[798/1500] pytest_13956_13966__steward__s2 n=35 done=30 lost=0 blk=5 corrupt=0 failed=false
[799/1500] pytest_13956_13966__steward__s3 n=35 done=33 lost=0 blk=2 corrupt=0 failed=false
[800/1500] pytest_13956_13966__steward__s4 n=35 done=33 lost=0 blk=2 corrupt=0 failed=false
[801/1500] pytest_11774_11780__steward__s1 n=41 done=40 lost=0 blk=1 corrupt=0 failed=false
[802/1500] pytest_11774_11780__steward__s0 n=41 done=35 lost=0 blk=6 corrupt=0 failed=false
[803/1500] pytest_11774_11780__steward__s2 n=41 done=40 lost=0 blk=1 corrupt=0 failed=false
[804/1500] pytest_11774_11780__steward__s3 n=41 done=35 lost=0 blk=6 corrupt=0 failed=false
[805/1500] pytest_11774_11780__steward__s4 n=41 done=40 lost=0 blk=1 corrupt=0 failed=false
[806/1500] pytest_12716_12752__steward__s0 n=12 done=12 lost=0 blk=0 corrupt=0 failed=false
[807/1500] pytest_12716_12752__steward__s2 n=12 done=12 lost=0 blk=0 corrupt=0 failed=false
[808/1500] pytest_12716_12752__steward__s1 n=12 done=12 lost=0 blk=0 corrupt=0 failed=false
[809/1500] pytest_12716_12752__steward__s3 n=12 done=12 lost=0 blk=0 corrupt=0 failed=false
[810/1500] pytest_12716_12752__steward__s4 n=12 done=12 lost=0 blk=0 corrupt=0 failed=false
[811/1500] pytest_13880_13924__steward__s0 n=78 done=78 lost=0 blk=0 corrupt=0 failed=false
[812/1500] pytest_13880_13924__steward__s1 n=78 done=78 lost=0 blk=0 corrupt=0 failed=false
[813/1500] pytest_13880_13924__steward__s2 n=78 done=78 lost=0 blk=0 corrupt=0 failed=false
[814/1500] pytest_13880_13924__steward__s3 n=78 done=78 lost=0 blk=0 corrupt=0 failed=false
[815/1500] pytest_13880_13924__steward__s4 n=78 done=78 lost=0 blk=0 corrupt=0 failed=false
[816/1500] pytest_9496_11825__steward__s0 n=65 done=65 lost=0 blk=0 corrupt=0 failed=false
[817/1500] pytest_9496_11825__steward__s1 n=65 done=65 lost=0 blk=0 corrupt=0 failed=false
[818/1500] pytest_9496_11825__steward__s2 n=65 done=65 lost=0 blk=0 corrupt=0 failed=false
[819/1500] pytest_9496_11825__steward__s3 n=65 done=65 lost=0 blk=0 corrupt=0 failed=false
[820/1500] pytest_9496_11825__steward__s4 n=65 done=65 lost=0 blk=0 corrupt=0 failed=false
[821/1500] pytest_13955_13956__steward__s0 n=42 done=38 lost=0 blk=4 corrupt=0 failed=false
[822/1500] pytest_13955_13956__steward__s2 n=42 done=39 lost=0 blk=3 corrupt=0 failed=false
[823/1500] pytest_13955_13956__steward__s1 n=42 done=37 lost=0 blk=5 corrupt=0 failed=false
[824/1500] pytest_13955_13956__steward__s3 n=42 done=39 lost=0 blk=3 corrupt=0 failed=false
[825/1500] pytest_13502_13528__steward__s0 n=7 done=1 lost=0 blk=6 corrupt=0 failed=false
[826/1500] pytest_13502_13528__steward__s1 n=7 done=1 lost=0 blk=6 corrupt=0 failed=false
[827/1500] pytest_13955_13956__steward__s4 n=42 done=39 lost=0 blk=3 corrupt=0 failed=false
[828/1500] pytest_13502_13528__steward__s2 n=7 done=1 lost=0 blk=6 corrupt=0 failed=false
[829/1500] pytest_13502_13528__steward__s3 n=7 done=6 lost=0 blk=1 corrupt=0 failed=false
[830/1500] pytest_13502_13528__steward__s4 n=7 done=1 lost=0 blk=6 corrupt=0 failed=false
[831/1500] pytest_11936_11957__steward__s0 n=2 done=1 lost=0 blk=1 corrupt=0 failed=false
[832/1500] pytest_11936_11957__steward__s1 n=2 done=1 lost=0 blk=1 corrupt=0 failed=false
[833/1500] pytest_11936_11957__steward__s2 n=2 done=1 lost=0 blk=1 corrupt=0 failed=false
[834/1500] pytest_11936_11957__steward__s3 n=2 done=1 lost=0 blk=1 corrupt=0 failed=false
[835/1500] pytest_11936_11957__steward__s4 n=2 done=1 lost=0 blk=1 corrupt=0 failed=false
[836/1500] pytest_12346_12861__steward__s0 n=15 done=15 lost=0 blk=0 corrupt=0 failed=false
[837/1500] pytest_12346_12861__steward__s1 n=15 done=14 lost=0 blk=1 corrupt=0 failed=false
[838/1500] pytest_12346_12861__steward__s2 n=15 done=15 lost=0 blk=0 corrupt=0 failed=false
[839/1500] pytest_12346_12861__steward__s3 n=15 done=14 lost=0 blk=1 corrupt=0 failed=false
[840/1500] pytest_12346_12861__steward__s4 n=15 done=15 lost=0 blk=0 corrupt=0 failed=false
[841/1500] pytest_12708_12769__steward__s0 n=12 done=12 lost=0 blk=0 corrupt=0 failed=false
[842/1500] pytest_12708_12769__steward__s1 n=12 done=12 lost=0 blk=0 corrupt=0 failed=false
[843/1500] pytest_12708_12769__steward__s2 n=12 done=12 lost=0 blk=0 corrupt=0 failed=false
[844/1500] pytest_12708_12769__steward__s4 n=12 done=12 lost=0 blk=0 corrupt=0 failed=false
[845/1500] pytest_12708_12769__steward__s3 n=12 done=12 lost=0 blk=0 corrupt=0 failed=false
[846/1500] pytest_11914_11915__steward__s0 n=24 done=24 lost=0 blk=0 corrupt=0 failed=false
[847/1500] pytest_11914_11915__steward__s2 n=24 done=20 lost=0 blk=4 corrupt=0 failed=false
[848/1500] pytest_11914_11915__steward__s1 n=24 done=24 lost=0 blk=0 corrupt=0 failed=false
[849/1500] pytest_11914_11915__steward__s3 n=24 done=24 lost=0 blk=0 corrupt=0 failed=false
[850/1500] pytest_12136_12154__steward__s0 n=6 done=1 lost=0 blk=5 corrupt=0 failed=false
[851/1500] pytest_11914_11915__steward__s4 n=24 done=24 lost=0 blk=0 corrupt=0 failed=false
[852/1500] pytest_12136_12154__steward__s1 n=6 done=1 lost=0 blk=5 corrupt=0 failed=false
[853/1500] pytest_12136_12154__steward__s3 n=6 done=1 lost=0 blk=5 corrupt=0 failed=false
[854/1500] pytest_12136_12154__steward__s2 n=6 done=5 lost=0 blk=1 corrupt=0 failed=false
[855/1500] pytest_12136_12154__steward__s4 n=6 done=1 lost=0 blk=5 corrupt=0 failed=false
[856/1500] pytest_11653_11997__steward__s0 n=40 done=29 lost=0 blk=11 corrupt=0 failed=false
[857/1500] pytest_11653_11997__steward__s1 n=40 done=40 lost=0 blk=0 corrupt=0 failed=false
[858/1500] pytest_11653_11997__steward__s2 n=40 done=40 lost=0 blk=0 corrupt=0 failed=false
[859/1500] pytest_11653_11997__steward__s4 n=40 done=40 lost=0 blk=0 corrupt=0 failed=false
[860/1500] pytest_11653_11997__steward__s3 n=40 done=40 lost=0 blk=0 corrupt=0 failed=false
[861/1500] pytest_12473_12962__steward__s0 n=29 done=29 lost=0 blk=0 corrupt=0 failed=false
[862/1500] pytest_12473_12962__steward__s2 n=29 done=29 lost=0 blk=0 corrupt=0 failed=false
[863/1500] pytest_12473_12962__steward__s1 n=29 done=29 lost=0 blk=0 corrupt=0 failed=false
[864/1500] pytest_12473_12962__steward__s3 n=29 done=29 lost=0 blk=0 corrupt=0 failed=false
[865/1500] pytest_12473_12962__steward__s4 n=29 done=29 lost=0 blk=0 corrupt=0 failed=false
[866/1500] pytest_13522_13525__steward__s0 n=10 done=10 lost=0 blk=0 corrupt=0 failed=false
[867/1500] pytest_13522_13525__steward__s1 n=10 done=10 lost=0 blk=0 corrupt=0 failed=false
[868/1500] pytest_13522_13525__steward__s3 n=10 done=10 lost=0 blk=0 corrupt=0 failed=false
[869/1500] pytest_13522_13525__steward__s2 n=10 done=10 lost=0 blk=0 corrupt=0 failed=false
[870/1500] pytest_13522_13525__steward__s4 n=10 done=10 lost=0 blk=0 corrupt=0 failed=false
[871/1500] pytest_11920_11959__steward__s0 n=5 done=2 lost=0 blk=3 corrupt=0 failed=false
[872/1500] pytest_11920_11959__steward__s1 n=5 done=2 lost=0 blk=3 corrupt=0 failed=false
[873/1500] pytest_11920_11959__steward__s2 n=5 done=3 lost=0 blk=2 corrupt=0 failed=false
[874/1500] pytest_11920_11959__steward__s3 n=5 done=3 lost=0 blk=2 corrupt=0 failed=false
[875/1500] pytest_11920_11959__steward__s4 n=5 done=2 lost=0 blk=3 corrupt=0 failed=false
[876/1500] pytest_12473_12930__steward__s0 n=34 done=34 lost=0 blk=0 corrupt=0 failed=false
[877/1500] pytest_12473_12930__steward__s1 n=34 done=34 lost=0 blk=0 corrupt=0 failed=false
[878/1500] pytest_12473_12930__steward__s2 n=34 done=34 lost=0 blk=0 corrupt=0 failed=false
[879/1500] pytest_12473_12930__steward__s3 n=34 done=34 lost=0 blk=0 corrupt=0 failed=false
[880/1500] pytest_12172_12264__steward__s0 n=10 done=10 lost=0 blk=0 corrupt=0 failed=false
[881/1500] pytest_12172_12264__steward__s1 n=10 done=10 lost=0 blk=0 corrupt=0 failed=false
[882/1500] pytest_12473_12930__steward__s4 n=34 done=34 lost=0 blk=0 corrupt=0 failed=false
[883/1500] pytest_12172_12264__steward__s2 n=10 done=8 lost=0 blk=2 corrupt=0 failed=false
[884/1500] pytest_12172_12264__steward__s3 n=10 done=10 lost=0 blk=0 corrupt=0 failed=false
[885/1500] pytest_12172_12264__steward__s4 n=10 done=8 lost=0 blk=2 corrupt=0 failed=false
[886/1500] pytest_13732_13733__steward__s1 n=14 done=11 lost=0 blk=3 corrupt=0 failed=false
[887/1500] pytest_13732_13733__steward__s0 n=14 done=14 lost=0 blk=0 corrupt=0 failed=false
[888/1500] pytest_13732_13733__steward__s2 n=14 done=14 lost=0 blk=0 corrupt=0 failed=false
[889/1500] pytest_12959_12975__steward__s0 n=3 done=1 lost=0 blk=2 corrupt=0 failed=false
[890/1500] pytest_13732_13733__steward__s3 n=14 done=14 lost=0 blk=0 corrupt=0 failed=false
[891/1500] pytest_13732_13733__steward__s4 n=14 done=14 lost=0 blk=0 corrupt=0 failed=false
[892/1500] pytest_12959_12975__steward__s1 n=3 done=1 lost=0 blk=2 corrupt=0 failed=false
[893/1500] pytest_12959_12975__steward__s2 n=3 done=1 lost=0 blk=2 corrupt=0 failed=false
[894/1500] pytest_12959_12975__steward__s3 n=3 done=2 lost=0 blk=1 corrupt=0 failed=false
[895/1500] pytest_12959_12975__steward__s4 n=3 done=2 lost=0 blk=1 corrupt=0 failed=false
[896/1500] pytest_11997_12022__steward__s0 n=32 done=32 lost=0 blk=0 corrupt=0 failed=false
[897/1500] pytest_11997_12022__steward__s1 n=32 done=32 lost=0 blk=0 corrupt=0 failed=false
[898/1500] pytest_11997_12022__steward__s2 n=32 done=32 lost=0 blk=0 corrupt=0 failed=false
[899/1500] pytest_11997_12022__steward__s3 n=32 done=31 lost=0 blk=1 corrupt=0 failed=false
[900/1500] pytest_11997_12022__steward__s4 n=32 done=32 lost=0 blk=0 corrupt=0 failed=false
[901/1500] pytest_12854_12910__steward__s0 n=11 done=7 lost=0 blk=4 corrupt=0 failed=false
[902/1500] pytest_12854_12910__steward__s1 n=11 done=11 lost=0 blk=0 corrupt=0 failed=false
[903/1500] pytest_12854_12910__steward__s2 n=11 done=11 lost=0 blk=0 corrupt=0 failed=false
[904/1500] pytest_12854_12910__steward__s3 n=11 done=11 lost=0 blk=0 corrupt=0 failed=false
[905/1500] pytest_12854_12910__steward__s4 n=11 done=11 lost=0 blk=0 corrupt=0 failed=false
[906/1500] pytest_12130_12256__steward__s0 n=21 done=21 lost=0 blk=0 corrupt=0 failed=false
[907/1500] pytest_12130_12256__steward__s1 n=21 done=21 lost=0 blk=0 corrupt=0 failed=false
[908/1500] pytest_12130_12256__steward__s2 n=21 done=21 lost=0 blk=0 corrupt=0 failed=false
[909/1500] pytest_12130_12256__steward__s3 n=21 done=21 lost=0 blk=0 corrupt=0 failed=false
[910/1500] pytest_12130_12256__steward__s4 n=21 done=21 lost=0 blk=0 corrupt=0 failed=false
[911/1500] pytest_12191_12259__steward__s0 n=3 done=3 lost=0 blk=0 corrupt=0 failed=false
[912/1500] pytest_12191_12259__steward__s1 n=3 done=3 lost=0 blk=0 corrupt=0 failed=false
[913/1500] pytest_12191_12259__steward__s2 n=3 done=3 lost=0 blk=0 corrupt=0 failed=false
[914/1500] pytest_12191_12259__steward__s3 n=3 done=3 lost=0 blk=0 corrupt=0 failed=false
[915/1500] pytest_12191_12259__steward__s4 n=3 done=3 lost=0 blk=0 corrupt=0 failed=false
[916/1500] pytest_12854_13176__steward__s0 n=6 done=4 lost=0 blk=2 corrupt=0 failed=false
[917/1500] pytest_12854_13176__steward__s1 n=6 done=4 lost=2 blk=0 corrupt=0 failed=true
[918/1500] pytest_12854_13176__steward__s2 n=6 done=4 lost=0 blk=2 corrupt=0 failed=false
[919/1500] pytest_12854_13176__steward__s3 n=6 done=4 lost=0 blk=2 corrupt=0 failed=false
[920/1500] pytest_12854_13176__steward__s4 n=6 done=4 lost=0 blk=2 corrupt=0 failed=false
[921/1500] pytest_11825_11826__steward__s0 n=34 done=34 lost=0 blk=0 corrupt=0 failed=false
[922/1500] pytest_11825_11826__steward__s1 n=34 done=27 lost=0 blk=7 corrupt=0 failed=false
[923/1500] pytest_11825_11826__steward__s2 n=34 done=27 lost=0 blk=7 corrupt=0 failed=false
[924/1500] pytest_11825_11826__steward__s3 n=34 done=34 lost=0 blk=0 corrupt=0 failed=false
[925/1500] pytest_11825_11826__steward__s4 n=34 done=34 lost=0 blk=0 corrupt=0 failed=false
[926/1500] pytest_13575_13732__steward__s0 n=13 done=13 lost=0 blk=0 corrupt=0 failed=false
[927/1500] pytest_13575_13732__steward__s2 n=13 done=13 lost=0 blk=0 corrupt=0 failed=false
[928/1500] pytest_13575_13732__steward__s1 n=13 done=13 lost=0 blk=0 corrupt=0 failed=false
[929/1500] pytest_13575_13732__steward__s3 n=13 done=6 lost=0 blk=7 corrupt=0 failed=false
[930/1500] pytest_13789_13801__steward__s0 n=13 done=11 lost=0 blk=2 corrupt=0 failed=false
[931/1500] pytest_13575_13732__steward__s4 n=13 done=10 lost=0 blk=3 corrupt=0 failed=false
[932/1500] pytest_13789_13801__steward__s1 n=13 done=2 lost=0 blk=11 corrupt=0 failed=false
[933/1500] pytest_13789_13801__steward__s3 n=13 done=13 lost=0 blk=0 corrupt=0 failed=false
[934/1500] pytest_13789_13801__steward__s2 n=13 done=2 lost=0 blk=11 corrupt=0 failed=false
[935/1500] pytest_13789_13801__steward__s4 n=13 done=2 lost=0 blk=11 corrupt=0 failed=false
[936/1500] pytest_11914_11916__steward__s0 n=48 done=48 lost=0 blk=0 corrupt=0 failed=false
[937/1500] pytest_11914_11916__steward__s1 n=48 done=48 lost=0 blk=0 corrupt=0 failed=false
[938/1500] pytest_11914_11916__steward__s2 n=48 done=48 lost=0 blk=0 corrupt=0 failed=false
[939/1500] pytest_9354_12232__steward__s0 n=10 done=5 lost=0 blk=5 corrupt=0 failed=false
[940/1500] pytest_11914_11916__steward__s3 n=48 done=48 lost=0 blk=0 corrupt=0 failed=false
[941/1500] pytest_11914_11916__steward__s4 n=48 done=48 lost=0 blk=0 corrupt=0 failed=false
[942/1500] pytest_9354_12232__steward__s2 n=10 done=5 lost=0 blk=5 corrupt=0 failed=false
[943/1500] pytest_9354_12232__steward__s1 n=10 done=5 lost=0 blk=5 corrupt=0 failed=false
[944/1500] pytest_9354_12232__steward__s3 n=10 done=5 lost=0 blk=5 corrupt=0 failed=false
[945/1500] pytest_9354_12232__steward__s4 n=10 done=5 lost=0 blk=5 corrupt=0 failed=false
[946/1500] pytest_13061_13126__steward__s0 n=10 done=10 lost=0 blk=0 corrupt=0 failed=false
[947/1500] pytest_13061_13126__steward__s1 n=10 done=10 lost=0 blk=0 corrupt=0 failed=false
[948/1500] pytest_13061_13126__steward__s2 n=10 done=10 lost=0 blk=0 corrupt=0 failed=false
[949/1500] pytest_13061_13126__steward__s3 n=10 done=10 lost=0 blk=0 corrupt=0 failed=false
[950/1500] pytest_13061_13126__steward__s4 n=10 done=10 lost=0 blk=0 corrupt=0 failed=false
[951/1500] pytest_12038_12048__steward__s0 n=12 done=12 lost=0 blk=0 corrupt=0 failed=false
[952/1500] pytest_12038_12048__steward__s1 n=12 done=12 lost=0 blk=0 corrupt=0 failed=false
[953/1500] pytest_12038_12048__steward__s2 n=12 done=12 lost=0 blk=0 corrupt=0 failed=false
[954/1500] pytest_12038_12048__steward__s3 n=12 done=12 lost=0 blk=0 corrupt=0 failed=false
[955/1500] pytest_12038_12048__steward__s4 n=12 done=12 lost=0 blk=0 corrupt=0 failed=false
[956/1500] pytest_12706_12744__steward__s0 n=14 done=14 lost=0 blk=0 corrupt=0 failed=false
[957/1500] pytest_12706_12744__steward__s1 n=14 done=14 lost=0 blk=0 corrupt=0 failed=false
[958/1500] pytest_12706_12744__steward__s2 n=14 done=14 lost=0 blk=0 corrupt=0 failed=false
[959/1500] pytest_12706_12744__steward__s3 n=14 done=14 lost=0 blk=0 corrupt=0 failed=false
[960/1500] pytest_12706_12744__steward__s4 n=14 done=14 lost=0 blk=0 corrupt=0 failed=false
[961/1500] pytest_12706_12769__steward__s0 n=13 done=13 lost=0 blk=0 corrupt=0 failed=false
[962/1500] pytest_12706_12769__steward__s1 n=13 done=13 lost=0 blk=0 corrupt=0 failed=false
[963/1500] pytest_12706_12769__steward__s2 n=13 done=13 lost=0 blk=0 corrupt=0 failed=false
[964/1500] pytest_12706_12769__steward__s3 n=13 done=13 lost=0 blk=0 corrupt=0 failed=false
[965/1500] pytest_12706_12769__steward__s4 n=13 done=12 lost=0 blk=1 corrupt=0 failed=false
[966/1500] pytest_11804_11920__steward__s0 n=3 done=1 lost=0 blk=2 corrupt=0 failed=false
[967/1500] pytest_11804_11920__steward__s1 n=3 done=2 lost=1 blk=0 corrupt=0 failed=true
[968/1500] pytest_11804_11920__steward__s2 n=3 done=1 lost=0 blk=2 corrupt=0 failed=false
[969/1500] pytest_11804_11920__steward__s3 n=3 done=2 lost=1 blk=0 corrupt=0 failed=true
[970/1500] pytest_11804_11920__steward__s4 n=3 done=1 lost=0 blk=2 corrupt=0 failed=false
[971/1500] pytest_13733_13741__steward__s0 n=17 done=17 lost=0 blk=0 corrupt=0 failed=false
[972/1500] pytest_13733_13741__steward__s1 n=17 done=17 lost=0 blk=0 corrupt=0 failed=false
[973/1500] pytest_13733_13741__steward__s2 n=17 done=17 lost=0 blk=0 corrupt=0 failed=false
[974/1500] pytest_13733_13741__steward__s4 n=17 done=17 lost=0 blk=0 corrupt=0 failed=false
[975/1500] pytest_13733_13741__steward__s3 n=17 done=17 lost=0 blk=0 corrupt=0 failed=false
[976/1500] pytest_9354_12665__steward__s0 n=6 done=6 lost=0 blk=0 corrupt=0 failed=false
[977/1500] pytest_9354_12665__steward__s2 n=6 done=6 lost=0 blk=0 corrupt=0 failed=false
[978/1500] pytest_9354_12665__steward__s1 n=6 done=6 lost=0 blk=0 corrupt=0 failed=false
[979/1500] pytest_9354_12665__steward__s3 n=6 done=6 lost=0 blk=0 corrupt=0 failed=false
[980/1500] pytest_11574_11653__steward__s0 n=18 done=10 lost=0 blk=8 corrupt=0 failed=false
[981/1500] pytest_9354_12665__steward__s4 n=6 done=6 lost=0 blk=0 corrupt=0 failed=false
[982/1500] pytest_11574_11653__steward__s1 n=18 done=18 lost=0 blk=0 corrupt=0 failed=false
[983/1500] pytest_11574_11653__steward__s3 n=18 done=18 lost=0 blk=0 corrupt=0 failed=false
[984/1500] pytest_11574_11653__steward__s2 n=18 done=10 lost=0 blk=8 corrupt=0 failed=false
[985/1500] pytest_11574_11653__steward__s4 n=18 done=9 lost=0 blk=9 corrupt=0 failed=false
[986/1500] pytest_12191_12264__steward__s0 n=9 done=9 lost=0 blk=0 corrupt=0 failed=false
[987/1500] pytest_12191_12264__steward__s1 n=9 done=9 lost=0 blk=0 corrupt=0 failed=false
[988/1500] pytest_12191_12264__steward__s2 n=9 done=9 lost=0 blk=0 corrupt=0 failed=false
[989/1500] pytest_12191_12264__steward__s3 n=9 done=9 lost=0 blk=0 corrupt=0 failed=false
[990/1500] pytest_12191_12264__steward__s4 n=9 done=9 lost=0 blk=0 corrupt=0 failed=false
[991/1500] pytest_12037_12038__steward__s0 n=10 done=10 lost=0 blk=0 corrupt=0 failed=false
[992/1500] pytest_12037_12038__steward__s1 n=10 done=10 lost=0 blk=0 corrupt=0 failed=false
[993/1500] pytest_12037_12038__steward__s2 n=10 done=10 lost=0 blk=0 corrupt=0 failed=false
[994/1500] pytest_12037_12038__steward__s3 n=10 done=10 lost=0 blk=0 corrupt=0 failed=false
[995/1500] pytest_12037_12038__steward__s4 n=10 done=10 lost=0 blk=0 corrupt=0 failed=false
[996/1500] pytest_12241_12380__steward__s0 n=12 done=12 lost=0 blk=0 corrupt=0 failed=false
[997/1500] pytest_12241_12380__steward__s1 n=12 done=12 lost=0 blk=0 corrupt=0 failed=false
[998/1500] pytest_12241_12380__steward__s2 n=12 done=12 lost=0 blk=0 corrupt=0 failed=false
[999/1500] pytest_12241_12380__steward__s3 n=12 done=12 lost=0 blk=0 corrupt=0 failed=false
[1000/1500] pytest_12241_12380__steward__s4 n=12 done=12 lost=0 blk=0 corrupt=0 failed=false
[1001/1500] sphinx_11842_11843__steward__s0 n=6 done=5 lost=0 blk=1 corrupt=0 failed=false
[1002/1500] sphinx_11842_11843__steward__s1 n=6 done=5 lost=0 blk=1 corrupt=0 failed=false
[1003/1500] sphinx_11842_11843__steward__s2 n=6 done=5 lost=0 blk=1 corrupt=0 failed=false
[1004/1500] sphinx_11842_11843__steward__s4 n=6 done=5 lost=0 blk=1 corrupt=0 failed=false
[1005/1500] sphinx_11842_11843__steward__s3 n=6 done=5 lost=0 blk=1 corrupt=0 failed=false
[1006/1500] sphinx_12197_12206__steward__s0 n=12 done=4 lost=0 blk=8 corrupt=0 failed=false
[1007/1500] sphinx_12197_12206__steward__s1 n=12 done=4 lost=0 blk=8 corrupt=0 failed=false
[1008/1500] sphinx_12197_12206__steward__s2 n=12 done=4 lost=0 blk=8 corrupt=0 failed=false
[1009/1500] sphinx_12197_12206__steward__s3 n=12 done=4 lost=0 blk=8 corrupt=0 failed=false
[1010/1500] sphinx_12197_12206__steward__s4 n=12 done=8 lost=0 blk=4 corrupt=0 failed=false
[1011/1500] sphinx_12507_12638__steward__s0 n=24 done=22 lost=0 blk=2 corrupt=0 failed=false
[1012/1500] sphinx_12507_12638__steward__s1 n=24 done=22 lost=0 blk=2 corrupt=0 failed=false
[1013/1500] sphinx_12507_12638__steward__s2 n=24 done=22 lost=0 blk=2 corrupt=0 failed=false
[1014/1500] sphinx_12507_12638__steward__s3 n=24 done=22 lost=0 blk=2 corrupt=0 failed=false
[1015/1500] sphinx_12507_12638__steward__s4 n=24 done=22 lost=0 blk=2 corrupt=0 failed=false
[1016/1500] sphinx_12657_12658__steward__s0 n=71 done=69 lost=0 blk=2 corrupt=0 failed=false
[1017/1500] sphinx_12657_12658__steward__s2 n=71 done=67 lost=0 blk=4 corrupt=0 failed=false
[1018/1500] sphinx_12657_12658__steward__s1 n=71 done=69 lost=0 blk=2 corrupt=0 failed=false
[1019/1500] sphinx_12657_12658__steward__s3 n=71 done=69 lost=0 blk=2 corrupt=0 failed=false
[1020/1500] sphinx_11677_12720__steward__s0 n=23 done=20 lost=0 blk=3 corrupt=0 failed=false
[1021/1500] sphinx_12657_12658__steward__s4 n=71 done=69 lost=0 blk=2 corrupt=0 failed=false
[1022/1500] sphinx_11677_12720__steward__s1 n=23 done=20 lost=0 blk=3 corrupt=0 failed=false
[1023/1500] sphinx_11677_12720__steward__s2 n=23 done=20 lost=0 blk=3 corrupt=0 failed=false
[1024/1500] sphinx_11677_12720__steward__s3 n=23 done=20 lost=0 blk=3 corrupt=0 failed=false
[1025/1500] sphinx_11677_12720__steward__s4 n=23 done=20 lost=0 blk=3 corrupt=0 failed=false
[1026/1500] sphinx_11766_11894__steward__s0 n=3 done=1 lost=0 blk=2 corrupt=0 failed=false
[1027/1500] sphinx_11766_11894__steward__s1 n=3 done=1 lost=0 blk=2 corrupt=0 failed=false
[1028/1500] sphinx_11766_11894__steward__s2 n=3 done=2 lost=0 blk=1 corrupt=0 failed=false
[1029/1500] sphinx_11766_11894__steward__s4 n=3 done=1 lost=0 blk=2 corrupt=0 failed=false
[1030/1500] sphinx_11766_11894__steward__s3 n=3 done=2 lost=0 blk=1 corrupt=0 failed=false
[1031/1500] sphinx_13172_13264__steward__s0 n=21 done=16 lost=0 blk=5 corrupt=0 failed=false
[1032/1500] sphinx_13172_13264__steward__s1 n=21 done=12 lost=0 blk=9 corrupt=0 failed=false
[1033/1500] sphinx_13172_13264__steward__s2 n=21 done=16 lost=0 blk=5 corrupt=0 failed=false
[1034/1500] sphinx_13172_13264__steward__s3 n=21 done=16 lost=0 blk=5 corrupt=0 failed=false
[1035/1500] sphinx_13802_13803__steward__s0 n=11 done=5 lost=0 blk=6 corrupt=0 failed=false
[1036/1500] sphinx_13172_13264__steward__s4 n=21 done=16 lost=0 blk=5 corrupt=0 failed=false
[1037/1500] sphinx_13802_13803__steward__s1 n=11 done=5 lost=0 blk=6 corrupt=0 failed=false
[1038/1500] sphinx_13802_13803__steward__s3 n=11 done=5 lost=0 blk=6 corrupt=0 failed=false
[1039/1500] sphinx_13802_13803__steward__s2 n=11 done=6 lost=0 blk=5 corrupt=0 failed=false
[1040/1500] sphinx_13802_13803__steward__s4 n=11 done=5 lost=0 blk=6 corrupt=0 failed=false
[1041/1500] sphinx_12197_12560__steward__s0 n=2 done=1 lost=0 blk=1 corrupt=0 failed=false
[1042/1500] sphinx_12197_12560__steward__s1 n=2 done=1 lost=0 blk=1 corrupt=0 failed=false
[1043/1500] sphinx_12197_12560__steward__s2 n=2 done=1 lost=0 blk=1 corrupt=0 failed=false
[1044/1500] sphinx_12197_12560__steward__s3 n=2 done=1 lost=0 blk=1 corrupt=0 failed=false
[1045/1500] sphinx_12197_12560__steward__s4 n=2 done=1 lost=0 blk=1 corrupt=0 failed=false
[1046/1500] sphinx_13037_13045__steward__s0 n=77 done=75 lost=0 blk=2 corrupt=0 failed=false
[1047/1500] sphinx_13037_13045__steward__s1 n=77 done=75 lost=0 blk=2 corrupt=0 failed=false
[1048/1500] sphinx_13037_13045__steward__s2 n=77 done=75 lost=0 blk=2 corrupt=0 failed=false
[1049/1500] sphinx_13037_13045__steward__s3 n=77 done=75 lost=0 blk=2 corrupt=0 failed=false
[1050/1500] sphinx_13037_13045__steward__s4 n=77 done=75 lost=0 blk=2 corrupt=0 failed=false
[1051/1500] sphinx_13960_13961__steward__s0 n=43 done=24 lost=0 blk=19 corrupt=0 failed=false
[1052/1500] sphinx_13960_13961__steward__s1 n=43 done=24 lost=0 blk=19 corrupt=0 failed=false
[1053/1500] sphinx_13960_13961__steward__s3 n=43 done=24 lost=0 blk=19 corrupt=0 failed=false
[1054/1500] sphinx_13960_13961__steward__s2 n=43 done=24 lost=0 blk=19 corrupt=0 failed=false
[1055/1500] sphinx_13960_13961__steward__s4 n=43 done=24 lost=0 blk=19 corrupt=0 failed=false
[1056/1500] sphinx_12083_12087__steward__s1 n=60 done=30 lost=0 blk=30 corrupt=0 failed=false
[1057/1500] sphinx_12083_12087__steward__s0 n=60 done=30 lost=0 blk=30 corrupt=0 failed=false
[1058/1500] sphinx_12083_12087__steward__s2 n=60 done=30 lost=0 blk=30 corrupt=0 failed=false
[1059/1500] sphinx_12083_12087__steward__s3 n=60 done=30 lost=0 blk=30 corrupt=0 failed=false
[1060/1500] sphinx_12083_12087__steward__s4 n=60 done=30 lost=0 blk=30 corrupt=0 failed=false
[1061/1500] sphinx_11898_12003__steward__s0 n=71 done=62 lost=0 blk=9 corrupt=0 failed=false
[1062/1500] sphinx_11898_12003__steward__s2 n=71 done=62 lost=0 blk=9 corrupt=0 failed=false
[1063/1500] sphinx_11898_12003__steward__s1 n=71 done=64 lost=0 blk=7 corrupt=0 failed=false
[1064/1500] sphinx_11898_12003__steward__s3 n=71 done=64 lost=0 blk=7 corrupt=0 failed=false
[1065/1500] sphinx_13333_13357__steward__s0 n=51 done=43 lost=0 blk=8 corrupt=0 failed=false
[1066/1500] sphinx_11898_12003__steward__s4 n=71 done=62 lost=0 blk=9 corrupt=0 failed=false
[1067/1500] sphinx_13333_13357__steward__s1 n=51 done=43 lost=0 blk=8 corrupt=0 failed=false
[1068/1500] sphinx_13333_13357__steward__s2 n=51 done=42 lost=0 blk=9 corrupt=0 failed=false
[1069/1500] sphinx_13333_13357__steward__s3 n=51 done=42 lost=0 blk=9 corrupt=0 failed=false
[1070/1500] sphinx_13333_13357__steward__s4 n=51 done=43 lost=0 blk=8 corrupt=0 failed=false
[1071/1500] sphinx_12003_12417__steward__s1 n=81 done=79 lost=0 blk=2 corrupt=0 failed=false
[1072/1500] sphinx_12003_12417__steward__s0 n=81 done=79 lost=0 blk=2 corrupt=0 failed=false
[1073/1500] sphinx_12003_12417__steward__s2 n=81 done=79 lost=0 blk=2 corrupt=0 failed=false
[1074/1500] sphinx_12003_12417__steward__s4 n=81 done=79 lost=0 blk=2 corrupt=0 failed=false
[1075/1500] sphinx_12003_12417__steward__s3 n=81 done=79 lost=0 blk=2 corrupt=0 failed=false
[1076/1500] sphinx_13508_13796__steward__s0 n=60 done=18 lost=0 blk=42 corrupt=0 failed=false
[1077/1500] sphinx_13508_13796__steward__s1 n=60 done=18 lost=0 blk=42 corrupt=0 failed=false
[1078/1500] sphinx_13508_13796__steward__s2 n=60 done=20 lost=0 blk=40 corrupt=0 failed=false
[1079/1500] sphinx_13508_13796__steward__s3 n=60 done=20 lost=0 blk=40 corrupt=0 failed=false
[1080/1500] sphinx_11824_12852__steward__s0 n=5 done=3 lost=0 blk=2 corrupt=0 failed=false
[1081/1500] sphinx_13508_13796__steward__s4 n=60 done=51 lost=0 blk=9 corrupt=0 failed=false
[1082/1500] sphinx_11824_12852__steward__s1 n=5 done=3 lost=0 blk=2 corrupt=0 failed=false
[1083/1500] sphinx_11824_12852__steward__s2 n=5 done=3 lost=0 blk=2 corrupt=0 failed=false
[1084/1500] sphinx_11824_12852__steward__s3 n=5 done=3 lost=0 blk=2 corrupt=0 failed=false
[1085/1500] sphinx_11824_12852__steward__s4 n=5 done=3 lost=0 blk=2 corrupt=0 failed=false
[1086/1500] sphinx_11766_11846__steward__s0 n=12 done=8 lost=0 blk=4 corrupt=0 failed=false
[1087/1500] sphinx_11766_11846__steward__s1 n=12 done=8 lost=0 blk=4 corrupt=0 failed=false
[1088/1500] sphinx_11766_11846__steward__s2 n=12 done=8 lost=0 blk=4 corrupt=0 failed=false
[1089/1500] sphinx_11936_12622__steward__s0 n=17 done=17 lost=0 blk=0 corrupt=0 failed=false
[1090/1500] sphinx_11766_11846__steward__s3 n=12 done=8 lost=0 blk=4 corrupt=0 failed=false
[1091/1500] sphinx_11766_11846__steward__s4 n=12 done=8 lost=0 blk=4 corrupt=0 failed=false
[1092/1500] sphinx_11936_12622__steward__s2 n=17 done=17 lost=0 blk=0 corrupt=0 failed=false
[1093/1500] sphinx_11936_12622__steward__s1 n=17 done=17 lost=0 blk=0 corrupt=0 failed=false
[1094/1500] sphinx_11936_12622__steward__s3 n=17 done=17 lost=0 blk=0 corrupt=0 failed=false
[1095/1500] sphinx_11936_12622__steward__s4 n=17 done=17 lost=0 blk=0 corrupt=0 failed=false
[1096/1500] sphinx_13144_13172__steward__s0 n=11 done=11 lost=0 blk=0 corrupt=0 failed=false
[1097/1500] sphinx_13144_13172__steward__s1 n=11 done=11 lost=0 blk=0 corrupt=0 failed=false
[1098/1500] sphinx_13144_13172__steward__s3 n=11 done=11 lost=0 blk=0 corrupt=0 failed=false
[1099/1500] sphinx_13144_13172__steward__s2 n=11 done=11 lost=0 blk=0 corrupt=0 failed=false
[1100/1500] sphinx_13144_13172__steward__s4 n=11 done=11 lost=0 blk=0 corrupt=0 failed=false
[1101/1500] sphinx_11898_11916__steward__s0 n=26 done=26 lost=0 blk=0 corrupt=0 failed=false
[1102/1500] sphinx_11898_11916__steward__s1 n=26 done=26 lost=0 blk=0 corrupt=0 failed=false
[1103/1500] sphinx_11898_11916__steward__s2 n=26 done=26 lost=0 blk=0 corrupt=0 failed=false
[1104/1500] sphinx_11898_11916__steward__s4 n=26 done=26 lost=0 blk=0 corrupt=0 failed=false
[1105/1500] sphinx_11898_11916__steward__s3 n=26 done=23 lost=0 blk=3 corrupt=0 failed=false
[1106/1500] sphinx_11677_12575__steward__s0 n=65 done=65 lost=0 blk=0 corrupt=0 failed=false
[1107/1500] sphinx_11677_12575__steward__s2 n=65 done=65 lost=0 blk=0 corrupt=0 failed=false
[1108/1500] sphinx_11677_12575__steward__s1 n=65 done=65 lost=0 blk=0 corrupt=0 failed=false
[1109/1500] sphinx_11677_12575__steward__s3 n=65 done=57 lost=0 blk=8 corrupt=0 failed=false
[1110/1500] sphinx_13262_13263__steward__s0 n=9 done=2 lost=0 blk=7 corrupt=0 failed=false
[1111/1500] sphinx_13262_13263__steward__s1 n=9 done=7 lost=0 blk=2 corrupt=0 failed=false
[1112/1500] sphinx_11677_12575__steward__s4 n=65 done=65 lost=0 blk=0 corrupt=0 failed=false
[1113/1500] sphinx_13262_13263__steward__s2 n=9 done=2 lost=0 blk=7 corrupt=0 failed=false
[1114/1500] sphinx_13262_13263__steward__s3 n=9 done=2 lost=0 blk=7 corrupt=0 failed=false
[1115/1500] sphinx_13262_13263__steward__s4 n=9 done=7 lost=0 blk=2 corrupt=0 failed=false
[1116/1500] sphinx_14126_14127__steward__s0 n=26 done=18 lost=0 blk=8 corrupt=0 failed=false
[1117/1500] sphinx_14126_14127__steward__s1 n=26 done=18 lost=0 blk=8 corrupt=0 failed=false
[1118/1500] sphinx_14126_14127__steward__s2 n=26 done=18 lost=0 blk=8 corrupt=0 failed=false
[1119/1500] sphinx_14126_14127__steward__s3 n=26 done=18 lost=0 blk=8 corrupt=0 failed=false
[1120/1500] sphinx_11696_11888__steward__s0 n=3 done=1 lost=0 blk=2 corrupt=0 failed=false
[1121/1500] sphinx_14126_14127__steward__s4 n=26 done=18 lost=0 blk=8 corrupt=0 failed=false
[1122/1500] sphinx_11696_11888__steward__s1 n=3 done=2 lost=0 blk=1 corrupt=0 failed=false
[1123/1500] sphinx_11696_11888__steward__s2 n=3 done=2 lost=1 blk=0 corrupt=0 failed=true
[1124/1500] sphinx_11696_11888__steward__s3 n=3 done=1 lost=0 blk=2 corrupt=0 failed=false
[1125/1500] sphinx_11696_11888__steward__s4 n=3 done=2 lost=0 blk=1 corrupt=0 failed=false
[1126/1500] sphinx_12506_12545__steward__s0 n=8 done=8 lost=0 blk=0 corrupt=0 failed=false
[1127/1500] sphinx_12506_12545__steward__s1 n=8 done=8 lost=0 blk=0 corrupt=0 failed=false
[1128/1500] sphinx_12506_12545__steward__s3 n=8 done=8 lost=0 blk=0 corrupt=0 failed=false
[1129/1500] sphinx_12506_12545__steward__s2 n=8 done=8 lost=0 blk=0 corrupt=0 failed=false
[1130/1500] sphinx_12506_12545__steward__s4 n=8 done=8 lost=0 blk=0 corrupt=0 failed=false
[1131/1500] sphinx_12206_12213__steward__s1 n=8 done=8 lost=0 blk=0 corrupt=0 failed=false
[1132/1500] sphinx_12206_12213__steward__s0 n=8 done=8 lost=0 blk=0 corrupt=0 failed=false
[1133/1500] sphinx_12206_12213__steward__s2 n=8 done=8 lost=0 blk=0 corrupt=0 failed=false
[1134/1500] sphinx_12206_12213__steward__s3 n=8 done=8 lost=0 blk=0 corrupt=0 failed=false
[1135/1500] sphinx_12206_12213__steward__s4 n=8 done=8 lost=0 blk=0 corrupt=0 failed=false
[1136/1500] sphinx_12425_12506__steward__s0 n=5 done=5 lost=0 blk=0 corrupt=0 failed=false
[1137/1500] sphinx_12425_12506__steward__s1 n=5 done=5 lost=0 blk=0 corrupt=0 failed=false
[1138/1500] sphinx_12425_12506__steward__s2 n=5 done=4 lost=0 blk=1 corrupt=0 failed=false
[1139/1500] sphinx_12425_12506__steward__s3 n=5 done=4 lost=0 blk=1 corrupt=0 failed=false
[1140/1500] sphinx_12425_12506__steward__s4 n=5 done=4 lost=0 blk=1 corrupt=0 failed=false
[1141/1500] sphinx_12083_12622__steward__s0 n=40 done=40 lost=0 blk=0 corrupt=0 failed=false
[1142/1500] sphinx_12083_12622__steward__s1 n=40 done=40 lost=0 blk=0 corrupt=0 failed=false
[1143/1500] sphinx_12083_12622__steward__s2 n=40 done=40 lost=0 blk=0 corrupt=0 failed=false
[1144/1500] sphinx_12083_12622__steward__s3 n=40 done=40 lost=0 blk=0 corrupt=0 failed=false
[1145/1500] sphinx_12083_12622__steward__s4 n=40 done=40 lost=0 blk=0 corrupt=0 failed=false
[1146/1500] sphinx_11781_12132__steward__s0 n=6 done=6 lost=0 blk=0 corrupt=0 failed=false
[1147/1500] sphinx_11781_12132__steward__s1 n=6 done=6 lost=0 blk=0 corrupt=0 failed=false
[1148/1500] sphinx_11781_12132__steward__s2 n=6 done=6 lost=0 blk=0 corrupt=0 failed=false
[1149/1500] sphinx_11781_12132__steward__s3 n=6 done=6 lost=0 blk=0 corrupt=0 failed=false
[1150/1500] sphinx_11781_12132__steward__s4 n=6 done=6 lost=0 blk=0 corrupt=0 failed=false
[1151/1500] sphinx_12364_12456__steward__s0 n=42 done=42 lost=0 blk=0 corrupt=0 failed=false
[1152/1500] sphinx_12364_12456__steward__s1 n=42 done=39 lost=0 blk=3 corrupt=0 failed=false
[1153/1500] sphinx_12364_12456__steward__s2 n=42 done=42 lost=0 blk=0 corrupt=0 failed=false
[1154/1500] sphinx_12364_12456__steward__s3 n=42 done=42 lost=0 blk=0 corrupt=0 failed=false
[1155/1500] sphinx_12364_12456__steward__s4 n=42 done=42 lost=0 blk=0 corrupt=0 failed=false
[1156/1500] sphinx_12507_12720__steward__s0 n=11 done=10 lost=0 blk=1 corrupt=0 failed=false
[1157/1500] sphinx_12507_12720__steward__s2 n=11 done=10 lost=0 blk=1 corrupt=0 failed=false
[1158/1500] sphinx_12507_12720__steward__s1 n=11 done=10 lost=0 blk=1 corrupt=0 failed=false
[1159/1500] sphinx_12507_12720__steward__s3 n=11 done=10 lost=0 blk=1 corrupt=0 failed=false
[1160/1500] sphinx_13616_13657__steward__s0 n=7 done=4 lost=0 blk=3 corrupt=0 failed=false
[1161/1500] sphinx_12507_12720__steward__s4 n=11 done=10 lost=0 blk=1 corrupt=0 failed=false
[1162/1500] sphinx_13616_13657__steward__s1 n=7 done=3 lost=0 blk=4 corrupt=0 failed=false
[1163/1500] sphinx_13616_13657__steward__s2 n=7 done=3 lost=0 blk=4 corrupt=0 failed=false
[1164/1500] sphinx_13616_13657__steward__s3 n=7 done=3 lost=0 blk=4 corrupt=0 failed=false
[1165/1500] sphinx_13616_13657__steward__s4 n=7 done=4 lost=0 blk=3 corrupt=0 failed=false
[1166/1500] sphinx_12425_12489__steward__s0 n=2 done=1 lost=0 blk=1 corrupt=0 failed=false
[1167/1500] sphinx_12425_12489__steward__s1 n=2 done=1 lost=0 blk=1 corrupt=0 failed=false
[1168/1500] sphinx_12425_12489__steward__s2 n=2 done=1 lost=0 blk=1 corrupt=0 failed=false
[1169/1500] sphinx_12425_12489__steward__s3 n=2 done=1 lost=0 blk=1 corrupt=0 failed=false
[1170/1500] sphinx_12425_12489__steward__s4 n=2 done=1 lost=0 blk=1 corrupt=0 failed=false
[1171/1500] sphinx_11785_12522__steward__s1 n=9 done=7 lost=0 blk=2 corrupt=0 failed=false
[1172/1500] sphinx_11785_12522__steward__s0 n=9 done=9 lost=0 blk=0 corrupt=0 failed=false
[1173/1500] sphinx_11785_12522__steward__s2 n=9 done=7 lost=0 blk=2 corrupt=0 failed=false
[1174/1500] sphinx_11785_12522__steward__s3 n=9 done=9 lost=0 blk=0 corrupt=0 failed=false
[1175/1500] sphinx_11785_12522__steward__s4 n=9 done=9 lost=0 blk=0 corrupt=0 failed=false
[1176/1500] sphinx_12637_12653__steward__s0 n=26 done=24 lost=0 blk=2 corrupt=0 failed=false
[1177/1500] sphinx_12637_12653__steward__s1 n=26 done=26 lost=0 blk=0 corrupt=0 failed=false
[1178/1500] sphinx_12637_12653__steward__s2 n=26 done=26 lost=0 blk=0 corrupt=0 failed=false
[1179/1500] sphinx_12637_12653__steward__s3 n=26 done=26 lost=0 blk=0 corrupt=0 failed=false
[1180/1500] sphinx_11735_11836__steward__s0 n=15 done=15 lost=0 blk=0 corrupt=0 failed=false
[1181/1500] sphinx_12637_12653__steward__s4 n=26 done=26 lost=0 blk=0 corrupt=0 failed=false
[1182/1500] sphinx_11735_11836__steward__s1 n=15 done=15 lost=0 blk=0 corrupt=0 failed=false
[1183/1500] sphinx_11735_11836__steward__s3 n=15 done=15 lost=0 blk=0 corrupt=0 failed=false
[1184/1500] sphinx_11735_11836__steward__s2 n=15 done=15 lost=0 blk=0 corrupt=0 failed=false
[1185/1500] sphinx_11735_11836__steward__s4 n=15 done=15 lost=0 blk=0 corrupt=0 failed=false
[1186/1500] sphinx_11781_11939__steward__s1 n=4 done=3 lost=0 blk=1 corrupt=0 failed=false
[1187/1500] sphinx_11781_11939__steward__s0 n=4 done=3 lost=0 blk=1 corrupt=0 failed=false
[1188/1500] sphinx_11781_11939__steward__s2 n=4 done=3 lost=0 blk=1 corrupt=0 failed=false
[1189/1500] sphinx_11781_11939__steward__s4 n=4 done=3 lost=0 blk=1 corrupt=0 failed=false
[1190/1500] sphinx_11781_11939__steward__s3 n=4 done=3 lost=0 blk=1 corrupt=0 failed=false
[1191/1500] sphinx_11891_11894__steward__s0 n=34 done=34 lost=0 blk=0 corrupt=0 failed=false
[1192/1500] sphinx_11891_11894__steward__s1 n=34 done=33 lost=0 blk=1 corrupt=0 failed=false
[1193/1500] sphinx_11891_11894__steward__s2 n=34 done=34 lost=0 blk=0 corrupt=0 failed=false
[1194/1500] sphinx_11891_11894__steward__s3 n=34 done=34 lost=0 blk=0 corrupt=0 failed=false
[1195/1500] sphinx_11891_11894__steward__s4 n=34 done=34 lost=0 blk=0 corrupt=0 failed=false
[1196/1500] sphinx_12160_12213__steward__s0 n=5 done=4 lost=0 blk=1 corrupt=0 failed=false
[1197/1500] sphinx_12160_12213__steward__s1 n=5 done=1 lost=0 blk=4 corrupt=0 failed=false
[1198/1500] sphinx_12160_12213__steward__s2 n=5 done=1 lost=0 blk=4 corrupt=0 failed=false
[1199/1500] sphinx_12160_12213__steward__s3 n=5 done=4 lost=0 blk=1 corrupt=0 failed=false
[1200/1500] sphinx_12160_12213__steward__s4 n=5 done=1 lost=0 blk=4 corrupt=0 failed=false
[1201/1500] sphinx_13136_13200__steward__s0 n=12 done=10 lost=0 blk=2 corrupt=0 failed=false
[1202/1500] sphinx_13136_13200__steward__s1 n=12 done=10 lost=2 blk=0 corrupt=0 failed=true
[1203/1500] sphinx_13136_13200__steward__s2 n=12 done=10 lost=0 blk=2 corrupt=0 failed=false
[1204/1500] sphinx_13136_13200__steward__s4 n=12 done=12 lost=0 blk=0 corrupt=0 failed=false
[1205/1500] sphinx_13136_13200__steward__s3 n=12 done=10 lost=0 blk=2 corrupt=0 failed=false
[1206/1500] sphinx_14025_14080__steward__s0 n=12 done=4 lost=0 blk=8 corrupt=0 failed=false
[1207/1500] sphinx_14025_14080__steward__s1 n=12 done=8 lost=0 blk=4 corrupt=0 failed=false
[1208/1500] sphinx_14025_14080__steward__s2 n=12 done=8 lost=0 blk=4 corrupt=0 failed=false
[1209/1500] sphinx_14025_14080__steward__s3 n=12 done=4 lost=0 blk=8 corrupt=0 failed=false
[1210/1500] sphinx_14025_14080__steward__s4 n=12 done=4 lost=0 blk=8 corrupt=0 failed=false
[1211/1500] sphinx_13356_13443__steward__s0 n=4 done=4 lost=0 blk=0 corrupt=0 failed=false
[1212/1500] sphinx_13356_13443__steward__s1 n=4 done=4 lost=0 blk=0 corrupt=0 failed=false
[1213/1500] sphinx_13356_13443__steward__s2 n=4 done=4 lost=0 blk=0 corrupt=0 failed=false
[1214/1500] sphinx_13356_13443__steward__s3 n=4 done=4 lost=0 blk=0 corrupt=0 failed=false
[1215/1500] sphinx_13356_13443__steward__s4 n=4 done=4 lost=0 blk=0 corrupt=0 failed=false
[1216/1500] sphinx_11916_12090__steward__s0 n=26 done=26 lost=0 blk=0 corrupt=0 failed=false
[1217/1500] sphinx_11916_12090__steward__s1 n=26 done=25 lost=0 blk=1 corrupt=0 failed=false
[1218/1500] sphinx_11916_12090__steward__s2 n=26 done=26 lost=0 blk=0 corrupt=0 failed=false
[1219/1500] sphinx_11916_12090__steward__s3 n=26 done=26 lost=0 blk=0 corrupt=0 failed=false
[1220/1500] sphinx_11916_12090__steward__s4 n=26 done=26 lost=0 blk=0 corrupt=0 failed=false
[1221/1500] sphinx_12011_12523__steward__s0 n=8 done=8 lost=0 blk=0 corrupt=0 failed=false
[1222/1500] sphinx_12011_12523__steward__s1 n=8 done=8 lost=0 blk=0 corrupt=0 failed=false
[1223/1500] sphinx_12011_12523__steward__s2 n=8 done=8 lost=0 blk=0 corrupt=0 failed=false
[1224/1500] sphinx_12011_12523__steward__s3 n=8 done=8 lost=0 blk=0 corrupt=0 failed=false
[1225/1500] sphinx_12011_12523__steward__s4 n=8 done=6 lost=0 blk=2 corrupt=0 failed=false
[1226/1500] sphinx_9731_12958__steward__s0 n=4 done=4 lost=0 blk=0 corrupt=0 failed=false
[1227/1500] sphinx_9731_12958__steward__s1 n=4 done=4 lost=0 blk=0 corrupt=0 failed=false
[1228/1500] sphinx_9731_12958__steward__s2 n=4 done=4 lost=0 blk=0 corrupt=0 failed=false
[1229/1500] sphinx_9731_12958__steward__s3 n=4 done=4 lost=0 blk=0 corrupt=0 failed=false
[1230/1500] sphinx_9731_12958__steward__s4 n=4 done=4 lost=0 blk=0 corrupt=0 failed=false
[1231/1500] sphinx_11280_11841__steward__s0 n=4 done=4 lost=0 blk=0 corrupt=0 failed=false
[1232/1500] sphinx_11280_11841__steward__s1 n=4 done=2 lost=0 blk=2 corrupt=0 failed=false
[1233/1500] sphinx_11280_11841__steward__s2 n=4 done=3 lost=0 blk=1 corrupt=0 failed=false
[1234/1500] sphinx_11280_11841__steward__s4 n=4 done=4 lost=0 blk=0 corrupt=0 failed=false
[1235/1500] sphinx_11280_11841__steward__s3 n=4 done=3 lost=0 blk=1 corrupt=0 failed=false
[1236/1500] sphinx_12516_12523__steward__s0 n=12 done=3 lost=0 blk=9 corrupt=0 failed=false
[1237/1500] sphinx_12516_12523__steward__s2 n=12 done=12 lost=0 blk=0 corrupt=0 failed=false
[1238/1500] sphinx_12516_12523__steward__s1 n=12 done=12 lost=0 blk=0 corrupt=0 failed=false
[1239/1500] sphinx_12516_12523__steward__s3 n=12 done=12 lost=0 blk=0 corrupt=0 failed=false
[1240/1500] sphinx_12516_12523__steward__s4 n=12 done=12 lost=0 blk=0 corrupt=0 failed=false
[1241/1500] sphinx_11936_12959__steward__s0 n=8 done=8 lost=0 blk=0 corrupt=0 failed=false
[1242/1500] sphinx_11936_12959__steward__s1 n=8 done=7 lost=0 blk=1 corrupt=0 failed=false
[1243/1500] sphinx_11936_12959__steward__s2 n=8 done=7 lost=1 blk=0 corrupt=1 failed=true
[1244/1500] sphinx_11936_12959__steward__s3 n=8 done=7 lost=0 blk=1 corrupt=0 failed=false
[1245/1500] sphinx_11936_12959__steward__s4 n=8 done=8 lost=0 blk=0 corrupt=0 failed=false
[1246/1500] sphinx_11840_11846__steward__s1 n=16 done=16 lost=0 blk=0 corrupt=0 failed=false
[1247/1500] sphinx_11840_11846__steward__s0 n=16 done=16 lost=0 blk=0 corrupt=0 failed=false
[1248/1500] sphinx_11840_11846__steward__s2 n=16 done=16 lost=0 blk=0 corrupt=0 failed=false
[1249/1500] sphinx_11840_11846__steward__s3 n=16 done=16 lost=0 blk=0 corrupt=0 failed=false
[1250/1500] sphinx_11840_11846__steward__s4 n=16 done=16 lost=0 blk=0 corrupt=0 failed=false
[1251/1500] fastapi_13537_14371__steward__s0 n=18 done=10 lost=0 blk=8 corrupt=0 failed=false
[1252/1500] fastapi_13537_14371__steward__s2 n=18 done=10 lost=0 blk=8 corrupt=0 failed=false
[1253/1500] fastapi_13537_14371__steward__s1 n=18 done=10 lost=0 blk=8 corrupt=0 failed=false
[1254/1500] fastapi_13537_14371__steward__s3 n=18 done=10 lost=0 blk=8 corrupt=0 failed=false
[1255/1500] fastapi_13537_14303__steward__s0 n=4 done=2 lost=0 blk=2 corrupt=0 failed=false
[1256/1500] fastapi_13537_14371__steward__s4 n=18 done=10 lost=0 blk=8 corrupt=0 failed=false
[1257/1500] fastapi_13537_14303__steward__s1 n=4 done=2 lost=0 blk=2 corrupt=0 failed=false
[1258/1500] fastapi_13537_14303__steward__s2 n=4 done=2 lost=0 blk=2 corrupt=0 failed=false
[1259/1500] fastapi_13537_14303__steward__s3 n=4 done=2 lost=0 blk=2 corrupt=0 failed=false
[1260/1500] fastapi_13537_14303__steward__s4 n=4 done=2 lost=0 blk=2 corrupt=0 failed=false
[1261/1500] fastapi_5077_11355__steward__s1 n=6 done=3 lost=0 blk=3 corrupt=0 failed=false
[1262/1500] fastapi_5077_11355__steward__s0 n=6 done=3 lost=0 blk=3 corrupt=0 failed=false
[1263/1500] fastapi_5077_11355__steward__s2 n=6 done=3 lost=0 blk=3 corrupt=0 failed=false
[1264/1500] fastapi_5077_11355__steward__s3 n=6 done=3 lost=0 blk=3 corrupt=0 failed=false
[1265/1500] fastapi_5077_11355__steward__s4 n=6 done=3 lost=0 blk=3 corrupt=0 failed=false
[1266/1500] fastapi_14033_14055__steward__s0 n=9 done=3 lost=0 blk=6 corrupt=0 failed=false
[1267/1500] fastapi_14033_14055__steward__s1 n=9 done=6 lost=0 blk=3 corrupt=0 failed=false
[1268/1500] fastapi_14033_14055__steward__s2 n=9 done=3 lost=0 blk=6 corrupt=0 failed=false
[1269/1500] fastapi_14033_14055__steward__s3 n=9 done=3 lost=0 blk=6 corrupt=0 failed=false
[1270/1500] fastapi_14033_14055__steward__s4 n=9 done=6 lost=0 blk=3 corrupt=0 failed=false
[1271/1500] fastapi_14033_14375__steward__s0 n=12 done=7 lost=0 blk=5 corrupt=0 failed=false
[1272/1500] fastapi_14033_14375__steward__s1 n=12 done=5 lost=0 blk=7 corrupt=0 failed=false
[1273/1500] fastapi_14033_14375__steward__s2 n=12 done=5 lost=0 blk=7 corrupt=0 failed=false
[1274/1500] fastapi_14033_14375__steward__s3 n=12 done=7 lost=0 blk=5 corrupt=0 failed=false
[1275/1500] fastapi_14033_14375__steward__s4 n=12 done=7 lost=0 blk=5 corrupt=0 failed=false
[1276/1500] fastapi_13786_14081__steward__s0 n=48 done=45 lost=0 blk=3 corrupt=0 failed=false
[1277/1500] fastapi_13786_14081__steward__s1 n=48 done=26 lost=0 blk=22 corrupt=0 failed=false
[1278/1500] fastapi_13786_14081__steward__s2 n=48 done=26 lost=0 blk=22 corrupt=0 failed=false
[1279/1500] fastapi_5624_14254__steward__s0 n=7 done=6 lost=0 blk=1 corrupt=0 failed=false
[1280/1500] fastapi_13786_14081__steward__s3 n=48 done=26 lost=0 blk=22 corrupt=0 failed=false
[1281/1500] fastapi_13786_14081__steward__s4 n=48 done=26 lost=0 blk=22 corrupt=0 failed=false
[1282/1500] fastapi_5624_14254__steward__s1 n=7 done=6 lost=0 blk=1 corrupt=0 failed=false
[1283/1500] fastapi_5624_14254__steward__s2 n=7 done=6 lost=0 blk=1 corrupt=0 failed=false
[1284/1500] fastapi_5624_14254__steward__s3 n=7 done=6 lost=0 blk=1 corrupt=0 failed=false
[1285/1500] fastapi_5624_14254__steward__s4 n=7 done=6 lost=0 blk=1 corrupt=0 failed=false
[1286/1500] fastapi_10895_12103__steward__s0 n=11 done=8 lost=0 blk=3 corrupt=0 failed=false
[1287/1500] fastapi_10895_12103__steward__s1 n=11 done=8 lost=0 blk=3 corrupt=0 failed=false
[1288/1500] fastapi_10895_12103__steward__s2 n=11 done=8 lost=0 blk=3 corrupt=0 failed=false
[1289/1500] fastapi_10895_12103__steward__s3 n=11 done=8 lost=0 blk=3 corrupt=0 failed=false
[1290/1500] fastapi_10895_12103__steward__s4 n=11 done=10 lost=0 blk=1 corrupt=0 failed=false
[1291/1500] fastapi_14262_14266__steward__s0 n=27 done=15 lost=0 blk=12 corrupt=0 failed=false
[1292/1500] fastapi_14262_14266__steward__s1 n=27 done=15 lost=0 blk=12 corrupt=0 failed=false
[1293/1500] fastapi_14262_14266__steward__s2 n=27 done=15 lost=0 blk=12 corrupt=0 failed=false
[1294/1500] fastapi_14262_14266__steward__s4 n=27 done=15 lost=0 blk=12 corrupt=0 failed=false
[1295/1500] fastapi_14262_14266__steward__s3 n=27 done=15 lost=0 blk=12 corrupt=0 failed=false
[1296/1500] fastapi_13207_14246__steward__s0 n=6 done=4 lost=0 blk=2 corrupt=0 failed=false
[1297/1500] fastapi_13207_14246__steward__s1 n=6 done=4 lost=0 blk=2 corrupt=0 failed=false
[1298/1500] fastapi_13207_14246__steward__s2 n=6 done=4 lost=2 blk=0 corrupt=0 failed=true
[1299/1500] fastapi_13207_14246__steward__s3 n=6 done=2 lost=0 blk=4 corrupt=0 failed=false
[1300/1500] fastapi_13207_14246__steward__s4 n=6 done=2 lost=0 blk=4 corrupt=0 failed=false
[1301/1500] fastapi_3142_11049__steward__s0 n=16 done=15 lost=0 blk=1 corrupt=0 failed=false
[1302/1500] fastapi_3142_11049__steward__s1 n=16 done=16 lost=0 blk=0 corrupt=0 failed=false
[1303/1500] fastapi_3142_11049__steward__s2 n=16 done=16 lost=0 blk=0 corrupt=0 failed=false
[1304/1500] fastapi_14356_14360__steward__s0 n=4 done=2 lost=0 blk=2 corrupt=0 failed=false
[1305/1500] fastapi_3142_11049__steward__s3 n=16 done=16 lost=0 blk=0 corrupt=0 failed=false
[1306/1500] fastapi_3142_11049__steward__s4 n=16 done=16 lost=0 blk=0 corrupt=0 failed=false
[1307/1500] fastapi_14356_14360__steward__s1 n=4 done=2 lost=0 blk=2 corrupt=0 failed=false
[1308/1500] fastapi_14356_14360__steward__s2 n=4 done=2 lost=0 blk=2 corrupt=0 failed=false
[1309/1500] fastapi_14356_14360__steward__s3 n=4 done=2 lost=0 blk=2 corrupt=0 failed=false
[1310/1500] fastapi_14356_14360__steward__s4 n=4 done=2 lost=0 blk=2 corrupt=0 failed=false
[1311/1500] fastapi_11355_12099__steward__s0 n=14 done=11 lost=0 blk=3 corrupt=0 failed=false
[1312/1500] fastapi_11355_12099__steward__s1 n=14 done=11 lost=0 blk=3 corrupt=0 failed=false
[1313/1500] fastapi_11355_12099__steward__s2 n=14 done=3 lost=0 blk=11 corrupt=0 failed=false
[1314/1500] fastapi_11355_12099__steward__s3 n=14 done=11 lost=0 blk=3 corrupt=0 failed=false
[1315/1500] fastapi_11355_12099__steward__s4 n=14 done=11 lost=0 blk=3 corrupt=0 failed=false
[1316/1500] fastapi_5624_14262__steward__s0 n=43 done=40 lost=0 blk=3 corrupt=0 failed=false
[1317/1500] fastapi_5624_14262__steward__s1 n=43 done=40 lost=0 blk=3 corrupt=0 failed=false
[1318/1500] fastapi_5624_14262__steward__s2 n=43 done=40 lost=0 blk=3 corrupt=0 failed=false
[1319/1500] fastapi_5624_14262__steward__s3 n=43 done=40 lost=0 blk=3 corrupt=0 failed=false
[1320/1500] fastapi_11189_11589__steward__s0 n=45 done=28 lost=0 blk=17 corrupt=0 failed=false
[1321/1500] fastapi_5624_14262__steward__s4 n=43 done=40 lost=0 blk=3 corrupt=0 failed=false
[1322/1500] fastapi_11189_11589__steward__s1 n=45 done=28 lost=0 blk=17 corrupt=0 failed=false
[1323/1500] fastapi_11189_11589__steward__s2 n=45 done=29 lost=0 blk=16 corrupt=0 failed=false
[1324/1500] fastapi_11189_11589__steward__s3 n=45 done=29 lost=0 blk=16 corrupt=0 failed=false
[1325/1500] fastapi_11189_11589__steward__s4 n=45 done=29 lost=0 blk=16 corrupt=0 failed=false
[1326/1500] fastapi_14356_14371__steward__s0 n=18 done=16 lost=0 blk=2 corrupt=0 failed=false
[1327/1500] fastapi_14356_14371__steward__s1 n=18 done=10 lost=0 blk=8 corrupt=0 failed=false
[1328/1500] fastapi_14356_14371__steward__s2 n=18 done=10 lost=0 blk=8 corrupt=0 failed=false
[1329/1500] fastapi_14356_14371__steward__s4 n=18 done=10 lost=0 blk=8 corrupt=0 failed=false
[1330/1500] fastapi_14356_14371__steward__s3 n=18 done=16 lost=0 blk=2 corrupt=0 failed=false
[1331/1500] fastapi_10895_11049__steward__s0 n=13 done=13 lost=0 blk=0 corrupt=0 failed=false
[1332/1500] fastapi_10895_11049__steward__s1 n=13 done=13 lost=0 blk=0 corrupt=0 failed=false
[1333/1500] fastapi_10895_11049__steward__s3 n=13 done=13 lost=0 blk=0 corrupt=0 failed=false
[1334/1500] fastapi_10895_11049__steward__s2 n=13 done=13 lost=0 blk=0 corrupt=0 failed=false
[1335/1500] fastapi_11530_11593__steward__s0 n=4 done=1 lost=0 blk=3 corrupt=0 failed=false
[1336/1500] fastapi_10895_11049__steward__s4 n=13 done=13 lost=0 blk=0 corrupt=0 failed=false
[1337/1500] fastapi_11530_11593__steward__s1 n=4 done=3 lost=0 blk=1 corrupt=0 failed=false
[1338/1500] fastapi_11530_11593__steward__s2 n=4 done=1 lost=3 blk=0 corrupt=0 failed=true
[1339/1500] fastapi_11530_11593__steward__s3 n=4 done=1 lost=0 blk=3 corrupt=0 failed=false
[1340/1500] fastapi_11530_11593__steward__s4 n=4 done=3 lost=0 blk=1 corrupt=0 failed=false
[1341/1500] fastapi_6039_12971__steward__s0 n=5 done=3 lost=0 blk=2 corrupt=0 failed=false
[1342/1500] fastapi_6039_12971__steward__s1 n=5 done=2 lost=0 blk=3 corrupt=0 failed=false
[1343/1500] fastapi_6039_12971__steward__s2 n=5 done=2 lost=0 blk=3 corrupt=0 failed=false
[1344/1500] fastapi_6039_12971__steward__s3 n=5 done=2 lost=0 blk=3 corrupt=0 failed=false
[1345/1500] fastapi_6039_12971__steward__s4 n=5 done=2 lost=0 blk=3 corrupt=0 failed=false
[1346/1500] fastapi_11530_13713__steward__s0 n=8 done=5 lost=0 blk=3 corrupt=0 failed=false
[1347/1500] fastapi_11530_13713__steward__s1 n=8 done=5 lost=0 blk=3 corrupt=0 failed=false
[1348/1500] fastapi_11530_13713__steward__s2 n=8 done=5 lost=0 blk=3 corrupt=0 failed=false
[1349/1500] fastapi_11530_13713__steward__s3 n=8 done=8 lost=0 blk=0 corrupt=0 failed=false
[1350/1500] fastapi_11530_13713__steward__s4 n=8 done=5 lost=0 blk=3 corrupt=0 failed=false
[1351/1500] fastapi_9425_12106__steward__s1 n=18 done=18 lost=0 blk=0 corrupt=0 failed=false
[1352/1500] fastapi_9425_12106__steward__s0 n=18 done=18 lost=0 blk=0 corrupt=0 failed=false
[1353/1500] fastapi_9425_12106__steward__s2 n=18 done=18 lost=0 blk=0 corrupt=0 failed=false
[1354/1500] fastapi_9425_12106__steward__s4 n=18 done=18 lost=0 blk=0 corrupt=0 failed=false
[1355/1500] fastapi_9425_12106__steward__s3 n=18 done=18 lost=0 blk=0 corrupt=0 failed=false
[1356/1500] fastapi_11194_12127__steward__s0 n=14 done=10 lost=0 blk=4 corrupt=0 failed=false
[1357/1500] fastapi_11194_12127__steward__s2 n=14 done=10 lost=0 blk=4 corrupt=0 failed=false
[1358/1500] fastapi_11194_12127__steward__s1 n=14 done=10 lost=0 blk=4 corrupt=0 failed=false
[1359/1500] fastapi_11194_12127__steward__s3 n=14 done=10 lost=0 blk=4 corrupt=0 failed=false
[1360/1500] fastapi_9425_12032__steward__s0 n=5 done=5 lost=0 blk=0 corrupt=0 failed=false
[1361/1500] fastapi_11194_12127__steward__s4 n=14 done=10 lost=0 blk=4 corrupt=0 failed=false
[1362/1500] fastapi_9425_12032__steward__s1 n=5 done=5 lost=0 blk=0 corrupt=0 failed=false
[1363/1500] fastapi_9425_12032__steward__s2 n=5 done=4 lost=0 blk=1 corrupt=0 failed=false
[1364/1500] fastapi_9425_12032__steward__s3 n=5 done=5 lost=0 blk=0 corrupt=0 failed=false
[1365/1500] fastapi_9425_12032__steward__s4 n=5 done=5 lost=0 blk=0 corrupt=0 failed=false
[1366/1500] fastapi_5077_12098__steward__s1 n=9 done=8 lost=0 blk=1 corrupt=0 failed=false
[1367/1500] fastapi_5077_12098__steward__s0 n=9 done=6 lost=0 blk=3 corrupt=0 failed=false
[1368/1500] fastapi_5077_12098__steward__s2 n=9 done=8 lost=0 blk=1 corrupt=0 failed=false
[1369/1500] fastapi_5077_12098__steward__s3 n=9 done=8 lost=0 blk=1 corrupt=0 failed=false
[1370/1500] fastapi_5077_12098__steward__s4 n=9 done=9 lost=0 blk=0 corrupt=0 failed=false
[1371/1500] fastapi_11194_12627__steward__s0 n=9 done=5 lost=0 blk=4 corrupt=0 failed=false
[1372/1500] fastapi_11194_12627__steward__s1 n=9 done=5 lost=0 blk=4 corrupt=0 failed=false
[1373/1500] fastapi_11194_12627__steward__s2 n=9 done=4 lost=0 blk=5 corrupt=0 failed=false
[1374/1500] fastapi_11194_12627__steward__s3 n=9 done=4 lost=0 blk=5 corrupt=0 failed=false
[1375/1500] fastapi_11194_12627__steward__s4 n=9 done=5 lost=0 blk=4 corrupt=0 failed=false
[1376/1500] fastapi_12942_14036__steward__s0 n=11 done=10 lost=0 blk=1 corrupt=0 failed=false
[1377/1500] fastapi_12942_14036__steward__s1 n=11 done=11 lost=0 blk=0 corrupt=0 failed=false
[1378/1500] fastapi_12942_14036__steward__s3 n=11 done=10 lost=0 blk=1 corrupt=0 failed=false
[1379/1500] fastapi_12942_14036__steward__s2 n=11 done=11 lost=0 blk=0 corrupt=0 failed=false
[1380/1500] fastapi_12942_14036__steward__s4 n=11 done=9 lost=0 blk=2 corrupt=0 failed=false
[1381/1500] fastapi_6039_11461__steward__s0 n=29 done=25 lost=0 blk=4 corrupt=0 failed=false
[1382/1500] fastapi_6039_11461__steward__s1 n=29 done=29 lost=0 blk=0 corrupt=0 failed=false
[1383/1500] fastapi_6039_11461__steward__s2 n=29 done=29 lost=0 blk=0 corrupt=0 failed=false
[1384/1500] fastapi_9783_11295__steward__s0 n=5 done=5 lost=0 blk=0 corrupt=0 failed=false
[1385/1500] fastapi_6039_11461__steward__s3 n=29 done=29 lost=0 blk=0 corrupt=0 failed=false
[1386/1500] fastapi_6039_11461__steward__s4 n=29 done=29 lost=0 blk=0 corrupt=0 failed=false
[1387/1500] fastapi_9783_11295__steward__s1 n=5 done=3 lost=0 blk=2 corrupt=0 failed=false
[1388/1500] fastapi_9783_11295__steward__s2 n=5 done=3 lost=0 blk=2 corrupt=0 failed=false
[1389/1500] fastapi_9783_11295__steward__s3 n=5 done=5 lost=0 blk=0 corrupt=0 failed=false
[1390/1500] fastapi_9783_11295__steward__s4 n=5 done=3 lost=0 blk=2 corrupt=0 failed=false
[1391/1500] fastapi_4972_12970__steward__s0 n=3 done=2 lost=0 blk=1 corrupt=0 failed=false
[1392/1500] fastapi_4972_12970__steward__s1 n=3 done=2 lost=0 blk=1 corrupt=0 failed=false
[1393/1500] fastapi_4972_12970__steward__s2 n=3 done=3 lost=0 blk=0 corrupt=0 failed=false
[1394/1500] fastapi_4972_12970__steward__s3 n=3 done=3 lost=0 blk=0 corrupt=0 failed=false
[1395/1500] fastapi_4972_12970__steward__s4 n=3 done=2 lost=0 blk=1 corrupt=0 failed=false
[1396/1500] fastapi_9783_11460__steward__s1 n=4 done=2 lost=0 blk=2 corrupt=0 failed=false
[1397/1500] fastapi_9783_11460__steward__s0 n=4 done=2 lost=0 blk=2 corrupt=0 failed=false
[1398/1500] fastapi_9783_11460__steward__s2 n=4 done=2 lost=0 blk=2 corrupt=0 failed=false
[1399/1500] fastapi_9783_11460__steward__s3 n=4 done=2 lost=0 blk=2 corrupt=0 failed=false
[1400/1500] fastapi_9783_11460__steward__s4 n=4 done=2 lost=0 blk=2 corrupt=0 failed=false
[1401/1500] fastapi_13299_13314__steward__s0 n=19 done=19 lost=0 blk=0 corrupt=0 failed=false
[1402/1500] fastapi_13299_13314__steward__s1 n=19 done=19 lost=0 blk=0 corrupt=0 failed=false
[1403/1500] fastapi_13299_13314__steward__s2 n=19 done=19 lost=0 blk=0 corrupt=0 failed=false
[1404/1500] fastapi_13299_13314__steward__s3 n=19 done=19 lost=0 blk=0 corrupt=0 failed=false
[1405/1500] fastapi_13299_13314__steward__s4 n=19 done=19 lost=0 blk=0 corrupt=0 failed=false
[1406/1500] fastapi_4972_9929__steward__s0 n=3 done=3 lost=0 blk=0 corrupt=0 failed=false
[1407/1500] fastapi_4972_9929__steward__s1 n=3 done=3 lost=0 blk=0 corrupt=0 failed=false
[1408/1500] fastapi_4972_9929__steward__s2 n=3 done=3 lost=0 blk=0 corrupt=0 failed=false
[1409/1500] fastapi_4972_9929__steward__s3 n=3 done=3 lost=0 blk=0 corrupt=0 failed=false
[1410/1500] fastapi_4972_9929__steward__s4 n=3 done=3 lost=0 blk=0 corrupt=0 failed=false
[1411/1500] fastapi_9704_12032__steward__s0 n=5 done=5 lost=0 blk=0 corrupt=0 failed=false
[1412/1500] fastapi_9704_12032__steward__s1 n=5 done=5 lost=0 blk=0 corrupt=0 failed=false
[1413/1500] fastapi_9704_12032__steward__s2 n=5 done=4 lost=0 blk=1 corrupt=0 failed=false
[1414/1500] fastapi_9704_12032__steward__s3 n=5 done=5 lost=0 blk=0 corrupt=0 failed=false
[1415/1500] fastapi_9704_12032__steward__s4 n=5 done=4 lost=0 blk=1 corrupt=0 failed=false
[1416/1500] fastapi_13713_14077__steward__s0 n=11 done=11 lost=0 blk=0 corrupt=0 failed=false
[1417/1500] fastapi_13713_14077__steward__s1 n=11 done=11 lost=0 blk=0 corrupt=0 failed=false
[1418/1500] fastapi_13713_14077__steward__s3 n=11 done=11 lost=0 blk=0 corrupt=0 failed=false
[1419/1500] fastapi_13713_14077__steward__s2 n=11 done=11 lost=0 blk=0 corrupt=0 failed=false
[1420/1500] fastapi_13713_14077__steward__s4 n=11 done=9 lost=0 blk=2 corrupt=0 failed=false
[1421/1500] fastapi_10505_10950__steward__s1 n=3 done=3 lost=0 blk=0 corrupt=0 failed=false
[1422/1500] fastapi_10505_10950__steward__s0 n=3 done=3 lost=0 blk=0 corrupt=0 failed=false
[1423/1500] fastapi_10505_10950__steward__s2 n=3 done=3 lost=0 blk=0 corrupt=0 failed=false
[1424/1500] fastapi_10505_10950__steward__s4 n=3 done=3 lost=0 blk=0 corrupt=0 failed=false
[1425/1500] fastapi_10505_10950__steward__s3 n=3 done=3 lost=0 blk=0 corrupt=0 failed=false
[1426/1500] fastapi_10240_11099__steward__s0 n=2 done=1 lost=1 blk=0 corrupt=0 failed=true
[1427/1500] fastapi_10240_11099__steward__s1 n=2 done=1 lost=0 blk=1 corrupt=0 failed=false
[1428/1500] fastapi_10240_11099__steward__s2 n=2 done=1 lost=0 blk=1 corrupt=0 failed=false
[1429/1500] fastapi_10240_11099__steward__s3 n=2 done=1 lost=1 blk=0 corrupt=0 failed=true
[1430/1500] fastapi_10240_11099__steward__s4 n=2 done=1 lost=0 blk=1 corrupt=0 failed=false
[1431/1500] fastapi_13786_14112__steward__s0 n=47 done=47 lost=0 blk=0 corrupt=0 failed=false
[1432/1500] fastapi_13786_14112__steward__s1 n=47 done=47 lost=0 blk=0 corrupt=0 failed=false
[1433/1500] fastapi_13786_14112__steward__s2 n=47 done=47 lost=0 blk=0 corrupt=0 failed=false
[1434/1500] fastapi_13786_14112__steward__s3 n=47 done=47 lost=0 blk=0 corrupt=0 failed=false
[1435/1500] fastapi_13786_14112__steward__s4 n=47 done=47 lost=0 blk=0 corrupt=0 failed=false
[1436/1500] fastapi_14306_14435__steward__s1 n=22 done=22 lost=0 blk=0 corrupt=0 failed=false
[1437/1500] fastapi_14306_14435__steward__s0 n=22 done=22 lost=0 blk=0 corrupt=0 failed=false
[1438/1500] fastapi_14306_14435__steward__s2 n=22 done=22 lost=0 blk=0 corrupt=0 failed=false
[1439/1500] fastapi_14306_14435__steward__s3 n=22 done=22 lost=0 blk=0 corrupt=0 failed=false
[1440/1500] fastapi_14306_14435__steward__s4 n=22 done=22 lost=0 blk=0 corrupt=0 failed=false
[1441/1500] fastapi_13207_14430__steward__s0 n=6 done=6 lost=0 blk=0 corrupt=0 failed=false
[1442/1500] fastapi_13207_14430__steward__s2 n=6 done=6 lost=0 blk=0 corrupt=0 failed=false
[1443/1500] fastapi_13207_14430__steward__s1 n=6 done=6 lost=0 blk=0 corrupt=0 failed=false
[1444/1500] fastapi_13207_14430__steward__s3 n=6 done=6 lost=0 blk=0 corrupt=0 failed=false
[1445/1500] fastapi_9704_10969__steward__s0 n=2 done=1 lost=0 blk=1 corrupt=0 failed=false
[1446/1500] fastapi_13207_14430__steward__s4 n=6 done=6 lost=0 blk=0 corrupt=0 failed=false
[1447/1500] fastapi_9704_10969__steward__s1 n=2 done=1 lost=0 blk=1 corrupt=0 failed=false
[1448/1500] fastapi_9704_10969__steward__s3 n=2 done=1 lost=0 blk=1 corrupt=0 failed=false
[1449/1500] fastapi_9704_10969__steward__s2 n=2 done=1 lost=0 blk=1 corrupt=0 failed=false
[1450/1500] fastapi_9704_10969__steward__s4 n=2 done=1 lost=0 blk=1 corrupt=0 failed=false
[1451/1500] fastapi_12197_12407__steward__s0 n=17 done=17 lost=0 blk=0 corrupt=0 failed=false
[1452/1500] fastapi_12197_12407__steward__s1 n=17 done=17 lost=0 blk=0 corrupt=0 failed=false
[1453/1500] fastapi_12197_12407__steward__s2 n=17 done=17 lost=0 blk=0 corrupt=0 failed=false
[1454/1500] fastapi_12197_12407__steward__s3 n=17 done=17 lost=0 blk=0 corrupt=0 failed=false
[1455/1500] fastapi_12197_12407__steward__s4 n=17 done=17 lost=0 blk=0 corrupt=0 failed=false
[1456/1500] fastapi_13694_13827__steward__s0 n=4 done=3 lost=0 blk=1 corrupt=0 failed=false
[1457/1500] fastapi_13694_13827__steward__s1 n=4 done=1 lost=0 blk=3 corrupt=0 failed=false
[1458/1500] fastapi_13694_13827__steward__s2 n=4 done=1 lost=0 blk=3 corrupt=0 failed=false
[1459/1500] fastapi_13694_13827__steward__s3 n=4 done=3 lost=0 blk=1 corrupt=0 failed=false
[1460/1500] fastapi_13694_13827__steward__s4 n=4 done=3 lost=0 blk=1 corrupt=0 failed=false
[1461/1500] fastapi_11189_13917__steward__s0 n=73 done=71 lost=0 blk=2 corrupt=0 failed=false
[1462/1500] fastapi_11189_13917__steward__s1 n=73 done=73 lost=0 blk=0 corrupt=0 failed=false
[1463/1500] fastapi_11189_13917__steward__s2 n=73 done=73 lost=0 blk=0 corrupt=0 failed=false
[1464/1500] fastapi_11189_13917__steward__s3 n=73 done=73 lost=0 blk=0 corrupt=0 failed=false
[1465/1500] fastapi_11189_13917__steward__s4 n=73 done=73 lost=0 blk=0 corrupt=0 failed=false
[1466/1500] fastapi_13532_13600__steward__s0 n=19 done=18 lost=0 blk=1 corrupt=0 failed=false
[1467/1500] fastapi_13532_13600__steward__s1 n=19 done=18 lost=1 blk=0 corrupt=0 failed=true
[1468/1500] fastapi_13532_13600__steward__s2 n=19 done=18 lost=0 blk=1 corrupt=0 failed=false
[1469/1500] fastapi_13532_13600__steward__s3 n=19 done=19 lost=0 blk=0 corrupt=0 failed=false
[1470/1500] fastapi_13532_13600__steward__s4 n=19 done=10 lost=0 blk=9 corrupt=0 failed=false
[1471/1500] fastapi_13689_13827__steward__s0 n=5 done=2 lost=0 blk=3 corrupt=0 failed=false
[1472/1500] fastapi_13689_13827__steward__s1 n=5 done=3 lost=0 blk=2 corrupt=0 failed=false
[1473/1500] fastapi_13689_13827__steward__s2 n=5 done=3 lost=0 blk=2 corrupt=0 failed=false
[1474/1500] fastapi_13689_13827__steward__s3 n=5 done=2 lost=0 blk=3 corrupt=0 failed=false
[1475/1500] fastapi_13689_13827__steward__s4 n=5 done=2 lost=0 blk=3 corrupt=0 failed=false
[1476/1500] fastapi_3142_11481__steward__s0 n=5 done=5 lost=0 blk=0 corrupt=0 failed=false
[1477/1500] fastapi_3142_11481__steward__s1 n=5 done=5 lost=0 blk=0 corrupt=0 failed=false
[1478/1500] fastapi_3142_11481__steward__s2 n=5 done=5 lost=0 blk=0 corrupt=0 failed=false
[1479/1500] fastapi_3142_11481__steward__s3 n=5 done=5 lost=0 blk=0 corrupt=0 failed=false
[1480/1500] fastapi_3142_11481__steward__s4 n=5 done=5 lost=0 blk=0 corrupt=0 failed=false
[1481/1500] fastapi_9700_11459__steward__s0 n=5 done=5 lost=0 blk=0 corrupt=0 failed=false
[1482/1500] fastapi_9700_11459__steward__s1 n=5 done=5 lost=0 blk=0 corrupt=0 failed=false
[1483/1500] fastapi_9700_11459__steward__s2 n=5 done=5 lost=0 blk=0 corrupt=0 failed=false
[1484/1500] fastapi_9700_11459__steward__s3 n=5 done=4 lost=0 blk=1 corrupt=0 failed=false
[1485/1500] fastapi_9700_11459__steward__s4 n=5 done=2 lost=0 blk=3 corrupt=0 failed=false
[1486/1500] fastapi_9313_10666__steward__s0 n=61 done=59 lost=0 blk=2 corrupt=0 failed=false
[1487/1500] fastapi_9313_10666__steward__s1 n=61 done=61 lost=0 blk=0 corrupt=0 failed=false
[1488/1500] fastapi_9313_10666__steward__s2 n=61 done=61 lost=0 blk=0 corrupt=0 failed=false
[1489/1500] fastapi_9313_10666__steward__s3 n=61 done=61 lost=0 blk=0 corrupt=0 failed=false
[1490/1500] fastapi_14360_14372__steward__s0 n=6 done=4 lost=0 blk=2 corrupt=0 failed=false
[1491/1500] fastapi_9313_10666__steward__s4 n=61 done=61 lost=0 blk=0 corrupt=0 failed=false
[1492/1500] fastapi_14360_14372__steward__s1 n=6 done=4 lost=0 blk=2 corrupt=0 failed=false
[1493/1500] fastapi_14360_14372__steward__s2 n=6 done=4 lost=0 blk=2 corrupt=0 failed=false
[1494/1500] fastapi_14360_14372__steward__s3 n=6 done=4 lost=0 blk=2 corrupt=0 failed=false
[1495/1500] fastapi_14360_14372__steward__s4 n=6 done=6 lost=0 blk=0 corrupt=0 failed=false
[1496/1500] fastapi_14297_14349__steward__s0 n=2 done=1 lost=0 blk=1 corrupt=0 failed=false
[1497/1500] fastapi_14297_14349__steward__s1 n=2 done=1 lost=0 blk=1 corrupt=0 failed=false
[1498/1500] fastapi_14297_14349__steward__s2 n=2 done=1 lost=0 blk=1 corrupt=0 failed=false
[1499/1500] fastapi_14297_14349__steward__s3 n=2 done=1 lost=0 blk=1 corrupt=0 failed=false
[1500/1500] fastapi_14297_14349__steward__s4 n=2 done=1 lost=0 blk=1 corrupt=0 failed=false
