[1/1250] django_19745_19756__file_lock__s0 n=28 done=20 lost=0 blk=8 corrupt=0 failed=false
[2/1250] django_19745_19756__occ__s0 n=28 done=20 lost=0 blk=8 corrupt=0 failed=false
[3/1250] django_19745_19756__steward__s0 n=28 done=20 lost=0 blk=8 corrupt=0 failed=false
[4/1250] django_19745_19756__git_three_way__s0 n=28 done=20 lost=0 blk=8 corrupt=0 failed=false
[5/1250] django_19745_19756__bare_composer__s0 n=28 done=20 lost=0 blk=8 corrupt=0 failed=false
[6/1250] django_19745_19756__steward__s1 n=28 done=20 lost=0 blk=8 corrupt=0 failed=false
[7/1250] django_19745_19756__file_lock__s1 n=28 done=20 lost=0 blk=8 corrupt=0 failed=false
[8/1250] django_19745_19756__occ__s1 n=28 done=20 lost=0 blk=8 corrupt=0 failed=false
[9/1250] django_19745_19756__git_three_way__s1 n=28 done=20 lost=0 blk=8 corrupt=0 failed=false
[10/1250] django_19745_19756__bare_composer__s1 n=28 done=20 lost=0 blk=8 corrupt=0 failed=false
[11/1250] django_19745_19756__steward__s2 n=28 done=20 lost=0 blk=8 corrupt=0 failed=false
[12/1250] django_19745_19756__file_lock__s2 n=28 done=20 lost=0 blk=8 corrupt=0 failed=false
[13/1250] django_19745_19756__occ__s2 n=28 done=20 lost=0 blk=8 corrupt=0 failed=false
[14/1250] django_19745_19756__git_three_way__s2 n=28 done=20 lost=0 blk=8 corrupt=0 failed=false
[15/1250] django_19745_19756__bare_composer__s2 n=28 done=20 lost=0 blk=8 corrupt=0 failed=false
[16/1250] django_19745_19756__file_lock__s3 n=28 done=26 lost=0 blk=2 corrupt=0 failed=false
[17/1250] django_19745_19756__steward__s3 n=28 done=26 lost=0 blk=2 corrupt=0 failed=false
[18/1250] django_19745_19756__occ__s3 n=28 done=20 lost=0 blk=8 corrupt=0 failed=false
[19/1250] django_19745_19756__git_three_way__s3 n=28 done=26 lost=0 blk=2 corrupt=0 failed=false
[20/1250] django_19745_19756__bare_composer__s3 n=28 done=20 lost=0 blk=8 corrupt=0 failed=false
[21/1250] django_19745_19756__steward__s4 n=28 done=20 lost=0 blk=8 corrupt=0 failed=false
[22/1250] django_19745_19756__file_lock__s4 n=28 done=20 lost=0 blk=8 corrupt=0 failed=false
[23/1250] django_19745_19756__occ__s4 n=28 done=20 lost=0 blk=8 corrupt=0 failed=false
[24/1250] django_19745_19756__git_three_way__s4 n=28 done=20 lost=0 blk=8 corrupt=0 failed=false
[25/1250] django_19745_19756__bare_composer__s4 n=28 done=20 lost=0 blk=8 corrupt=0 failed=false
[26/1250] django_18368_19167__steward__s0 n=11 done=5 lost=0 blk=6 corrupt=0 failed=false
[27/1250] django_18368_19167__file_lock__s0 n=11 done=5 lost=0 blk=6 corrupt=0 failed=false
[28/1250] django_18368_19167__occ__s0 n=11 done=5 lost=0 blk=6 corrupt=0 failed=false
[29/1250] django_18368_19167__git_three_way__s0 n=11 done=5 lost=0 blk=6 corrupt=0 failed=false
[30/1250] django_18368_19167__bare_composer__s0 n=11 done=6 lost=0 blk=5 corrupt=0 failed=false
[31/1250] django_18368_19167__steward__s1 n=11 done=6 lost=0 blk=5 corrupt=0 failed=false
[32/1250] django_18368_19167__file_lock__s1 n=11 done=6 lost=0 blk=5 corrupt=0 failed=false
[33/1250] django_18368_19167__occ__s1 n=11 done=6 lost=0 blk=5 corrupt=0 failed=false
[34/1250] django_18368_19167__git_three_way__s1 n=11 done=6 lost=0 blk=5 corrupt=0 failed=false
[35/1250] django_18368_19167__bare_composer__s1 n=11 done=6 lost=0 blk=5 corrupt=0 failed=false
[36/1250] django_18368_19167__file_lock__s2 n=11 done=5 lost=0 blk=6 corrupt=0 failed=false
[37/1250] django_18368_19167__steward__s2 n=11 done=6 lost=0 blk=5 corrupt=0 failed=false
[38/1250] django_18368_19167__occ__s2 n=11 done=5 lost=0 blk=6 corrupt=0 failed=false
[39/1250] django_18368_19167__git_three_way__s2 n=11 done=6 lost=0 blk=5 corrupt=0 failed=false
[40/1250] django_18368_19167__bare_composer__s2 n=11 done=6 lost=0 blk=5 corrupt=0 failed=false
[41/1250] django_18368_19167__steward__s3 n=11 done=5 lost=0 blk=6 corrupt=0 failed=false
[42/1250] django_18368_19167__file_lock__s3 n=11 done=5 lost=0 blk=6 corrupt=0 failed=false
[43/1250] django_18368_19167__occ__s3 n=11 done=5 lost=0 blk=6 corrupt=0 failed=false
[44/1250] django_18368_19167__git_three_way__s3 n=11 done=5 lost=0 blk=6 corrupt=0 failed=false
[45/1250] django_18368_19167__bare_composer__s3 n=11 done=5 lost=0 blk=6 corrupt=0 failed=false
[46/1250] django_18368_19167__steward__s4 n=11 done=6 lost=0 blk=5 corrupt=0 failed=false
[47/1250] django_18368_19167__file_lock__s4 n=11 done=6 lost=0 blk=5 corrupt=0 failed=false
[48/1250] django_18368_19167__occ__s4 n=11 done=6 lost=0 blk=5 corrupt=0 failed=false
[49/1250] django_18368_19167__git_three_way__s4 n=11 done=6 lost=0 blk=5 corrupt=0 failed=false
[50/1250] django_18368_19167__bare_composer__s4 n=11 done=6 lost=0 blk=5 corrupt=0 failed=false
[51/1250] django_20101_20282__steward__s0 n=26 done=12 lost=0 blk=14 corrupt=0 failed=false
[52/1250] django_20101_20282__file_lock__s0 n=26 done=14 lost=0 blk=12 corrupt=0 failed=false
[53/1250] django_20101_20282__occ__s0 n=26 done=14 lost=0 blk=12 corrupt=0 failed=false
[54/1250] django_20101_20282__git_three_way__s0 n=26 done=23 lost=0 blk=3 corrupt=0 failed=false
[55/1250] django_20101_20282__bare_composer__s0 n=26 done=12 lost=0 blk=13 corrupt=1 failed=true
[56/1250] django_20101_20282__steward__s1 n=26 done=12 lost=0 blk=14 corrupt=0 failed=false
[57/1250] django_20101_20282__file_lock__s1 n=26 done=14 lost=0 blk=12 corrupt=0 failed=false
[58/1250] django_20101_20282__occ__s1 n=26 done=14 lost=0 blk=12 corrupt=0 failed=false
[59/1250] django_20101_20282__git_three_way__s1 n=26 done=23 lost=0 blk=3 corrupt=0 failed=false
[60/1250] django_20101_20282__bare_composer__s1 n=26 done=12 lost=0 blk=12 corrupt=2 failed=true
[61/1250] django_20101_20282__steward__s2 n=26 done=12 lost=0 blk=14 corrupt=0 failed=false
[62/1250] django_20101_20282__file_lock__s2 n=26 done=14 lost=0 blk=12 corrupt=0 failed=false
[63/1250] django_20101_20282__occ__s2 n=26 done=14 lost=0 blk=12 corrupt=0 failed=false
[64/1250] django_20101_20282__git_three_way__s2 n=26 done=23 lost=0 blk=3 corrupt=0 failed=false
[65/1250] django_20101_20282__bare_composer__s2 n=26 done=12 lost=0 blk=14 corrupt=0 failed=false
[66/1250] django_20101_20282__steward__s3 n=26 done=12 lost=0 blk=14 corrupt=0 failed=false
[67/1250] django_20101_20282__file_lock__s3 n=26 done=14 lost=0 blk=12 corrupt=0 failed=false
[68/1250] django_20101_20282__occ__s3 n=26 done=14 lost=0 blk=12 corrupt=0 failed=false
[69/1250] django_20101_20282__git_three_way__s3 n=26 done=23 lost=0 blk=3 corrupt=0 failed=false
[70/1250] django_20101_20282__bare_composer__s3 n=26 done=12 lost=0 blk=14 corrupt=0 failed=false
[71/1250] django_20101_20282__file_lock__s4 n=26 done=14 lost=0 blk=12 corrupt=0 failed=false
[72/1250] django_20101_20282__occ__s4 n=26 done=14 lost=0 blk=12 corrupt=0 failed=false
[73/1250] django_20101_20282__steward__s4 n=26 done=12 lost=0 blk=14 corrupt=0 failed=false
[74/1250] django_20101_20282__git_three_way__s4 n=26 done=23 lost=0 blk=3 corrupt=0 failed=false
[75/1250] django_20101_20282__bare_composer__s4 n=26 done=12 lost=0 blk=14 corrupt=0 failed=false
[76/1250] django_19794_20005__steward__s0 n=19 done=10 lost=0 blk=9 corrupt=0 failed=false
[77/1250] django_19794_20005__occ__s0 n=19 done=10 lost=0 blk=9 corrupt=0 failed=false
[78/1250] django_19794_20005__file_lock__s0 n=19 done=10 lost=0 blk=9 corrupt=0 failed=false
[79/1250] django_19794_20005__git_three_way__s0 n=19 done=10 lost=0 blk=9 corrupt=0 failed=false
[80/1250] django_19794_20005__bare_composer__s0 n=19 done=17 lost=0 blk=2 corrupt=0 failed=false
[81/1250] django_19794_20005__steward__s1 n=19 done=10 lost=0 blk=9 corrupt=0 failed=false
[82/1250] django_19794_20005__file_lock__s1 n=19 done=10 lost=0 blk=9 corrupt=0 failed=false
[83/1250] django_19794_20005__occ__s1 n=19 done=10 lost=0 blk=9 corrupt=0 failed=false
[84/1250] django_19794_20005__git_three_way__s1 n=19 done=10 lost=0 blk=9 corrupt=0 failed=false
[85/1250] django_19794_20005__bare_composer__s1 n=19 done=10 lost=0 blk=9 corrupt=0 failed=false
[86/1250] django_19794_20005__file_lock__s2 n=19 done=17 lost=0 blk=2 corrupt=0 failed=false
[87/1250] django_19794_20005__steward__s2 n=19 done=17 lost=0 blk=2 corrupt=0 failed=false
[88/1250] django_19794_20005__occ__s2 n=19 done=10 lost=0 blk=9 corrupt=0 failed=false
[89/1250] django_19794_20005__git_three_way__s2 n=19 done=17 lost=0 blk=2 corrupt=0 failed=false
[90/1250] django_19794_20005__bare_composer__s2 n=19 done=17 lost=0 blk=2 corrupt=0 failed=false
[91/1250] django_19794_20005__steward__s3 n=19 done=17 lost=0 blk=2 corrupt=0 failed=false
[92/1250] django_19794_20005__occ__s3 n=19 done=17 lost=0 blk=2 corrupt=0 failed=false
[93/1250] django_19794_20005__file_lock__s3 n=19 done=17 lost=0 blk=2 corrupt=0 failed=false
[94/1250] django_19794_20005__git_three_way__s3 n=19 done=17 lost=0 blk=2 corrupt=0 failed=false
[95/1250] django_19794_20005__file_lock__s4 n=19 done=17 lost=0 blk=2 corrupt=0 failed=false
[96/1250] django_19794_20005__bare_composer__s3 n=19 done=17 lost=0 blk=2 corrupt=0 failed=false
[97/1250] django_19794_20005__steward__s4 n=19 done=17 lost=0 blk=2 corrupt=0 failed=false
[98/1250] django_19794_20005__occ__s4 n=19 done=17 lost=0 blk=2 corrupt=0 failed=false
[99/1250] django_19794_20005__git_three_way__s4 n=19 done=17 lost=0 blk=2 corrupt=0 failed=false
[100/1250] django_19794_20005__bare_composer__s4 n=19 done=17 lost=0 blk=2 corrupt=0 failed=false
[101/1250] django_20101_20362__file_lock__s0 n=22 done=18 lost=0 blk=4 corrupt=0 failed=false
[102/1250] django_20101_20362__occ__s0 n=22 done=18 lost=0 blk=4 corrupt=0 failed=false
[103/1250] django_20101_20362__steward__s0 n=22 done=17 lost=0 blk=5 corrupt=0 failed=false
[104/1250] django_20101_20362__git_three_way__s0 n=22 done=18 lost=0 blk=4 corrupt=0 failed=false
[105/1250] django_20101_20362__bare_composer__s0 n=22 done=17 lost=0 blk=5 corrupt=0 failed=false
[106/1250] django_20101_20362__steward__s1 n=22 done=20 lost=0 blk=2 corrupt=0 failed=false
[107/1250] django_20101_20362__file_lock__s1 n=22 done=21 lost=0 blk=1 corrupt=0 failed=false
[108/1250] django_20101_20362__occ__s1 n=22 done=21 lost=0 blk=1 corrupt=0 failed=false
[109/1250] django_20101_20362__git_three_way__s1 n=22 done=21 lost=0 blk=1 corrupt=0 failed=false
[110/1250] django_20101_20362__file_lock__s2 n=22 done=21 lost=0 blk=1 corrupt=0 failed=false
[111/1250] django_20101_20362__bare_composer__s1 n=22 done=20 lost=0 blk=2 corrupt=0 failed=false
[112/1250] django_20101_20362__steward__s2 n=22 done=20 lost=0 blk=2 corrupt=0 failed=false
[113/1250] django_20101_20362__occ__s2 n=22 done=21 lost=0 blk=1 corrupt=0 failed=false
[114/1250] django_20101_20362__git_three_way__s2 n=22 done=21 lost=0 blk=1 corrupt=0 failed=false
[115/1250] django_20101_20362__bare_composer__s2 n=22 done=20 lost=0 blk=2 corrupt=0 failed=false
[116/1250] django_20101_20362__file_lock__s3 n=22 done=21 lost=0 blk=1 corrupt=0 failed=false
[117/1250] django_20101_20362__steward__s3 n=22 done=20 lost=0 blk=2 corrupt=0 failed=false
[118/1250] django_20101_20362__occ__s3 n=22 done=21 lost=0 blk=1 corrupt=0 failed=false
[119/1250] django_20101_20362__bare_composer__s3 n=22 done=20 lost=0 blk=2 corrupt=0 failed=false
[120/1250] django_20101_20362__git_three_way__s3 n=22 done=21 lost=0 blk=1 corrupt=0 failed=false
[121/1250] django_20101_20362__steward__s4 n=22 done=20 lost=0 blk=2 corrupt=0 failed=false
[122/1250] django_20101_20362__file_lock__s4 n=22 done=21 lost=0 blk=1 corrupt=0 failed=false
[123/1250] django_20101_20362__occ__s4 n=22 done=21 lost=0 blk=1 corrupt=0 failed=false
[124/1250] django_20101_20362__git_three_way__s4 n=22 done=21 lost=0 blk=1 corrupt=0 failed=false
[125/1250] django_20101_20362__bare_composer__s4 n=22 done=20 lost=0 blk=2 corrupt=0 failed=false
[126/1250] django_17554_19381__file_lock__s0 n=93 done=68 lost=0 blk=25 corrupt=0 failed=false
[127/1250] django_17554_19381__steward__s0 n=93 done=67 lost=0 blk=26 corrupt=0 failed=false
[128/1250] django_17554_19381__occ__s0 n=93 done=68 lost=0 blk=25 corrupt=0 failed=false
[129/1250] django_17554_19381__git_three_way__s0 n=93 done=72 lost=0 blk=21 corrupt=0 failed=false
[130/1250] django_17554_19381__bare_composer__s0 n=93 done=67 lost=0 blk=26 corrupt=0 failed=false
[131/1250] django_17554_19381__steward__s1 n=93 done=67 lost=0 blk=26 corrupt=0 failed=false
[132/1250] django_17554_19381__file_lock__s1 n=93 done=68 lost=0 blk=25 corrupt=0 failed=false
[133/1250] django_17554_19381__occ__s1 n=93 done=68 lost=0 blk=25 corrupt=0 failed=false
[134/1250] django_17554_19381__git_three_way__s1 n=93 done=72 lost=0 blk=21 corrupt=0 failed=false
[135/1250] django_17554_19381__bare_composer__s1 n=93 done=67 lost=0 blk=26 corrupt=0 failed=false
[136/1250] django_17554_19381__steward__s2 n=93 done=67 lost=0 blk=26 corrupt=0 failed=false
[137/1250] django_17554_19381__file_lock__s2 n=93 done=68 lost=0 blk=25 corrupt=0 failed=false
[138/1250] django_17554_19381__occ__s2 n=93 done=68 lost=0 blk=25 corrupt=0 failed=false
[139/1250] django_17554_19381__git_three_way__s2 n=93 done=72 lost=0 blk=21 corrupt=0 failed=false
[140/1250] django_17554_19381__bare_composer__s2 n=93 done=67 lost=0 blk=26 corrupt=0 failed=false
[141/1250] django_17554_19381__file_lock__s3 n=93 done=68 lost=0 blk=25 corrupt=0 failed=false
[142/1250] django_17554_19381__steward__s3 n=93 done=67 lost=0 blk=26 corrupt=0 failed=false
[143/1250] django_17554_19381__occ__s3 n=93 done=68 lost=0 blk=25 corrupt=0 failed=false
[144/1250] django_17554_19381__git_three_way__s3 n=93 done=72 lost=0 blk=21 corrupt=0 failed=false
[145/1250] django_17554_19381__bare_composer__s3 n=93 done=67 lost=0 blk=26 corrupt=0 failed=false
[146/1250] django_17554_19381__steward__s4 n=93 done=67 lost=0 blk=26 corrupt=0 failed=false
[147/1250] django_17554_19381__file_lock__s4 n=93 done=68 lost=0 blk=25 corrupt=0 failed=false
[148/1250] django_17554_19381__occ__s4 n=93 done=68 lost=0 blk=25 corrupt=0 failed=false
[149/1250] django_17554_19381__git_three_way__s4 n=93 done=72 lost=0 blk=21 corrupt=0 failed=false
[150/1250] django_17554_19381__bare_composer__s4 n=93 done=67 lost=0 blk=26 corrupt=0 failed=false
[151/1250] django_20055_20070__steward__s0 n=20 done=19 lost=0 blk=1 corrupt=0 failed=false
[152/1250] django_20055_20070__file_lock__s0 n=20 done=19 lost=0 blk=1 corrupt=0 failed=false
[153/1250] django_20055_20070__git_three_way__s0 n=20 done=20 lost=0 blk=0 corrupt=0 failed=false
[154/1250] django_20055_20070__occ__s0 n=20 done=19 lost=0 blk=1 corrupt=0 failed=false
[155/1250] django_20055_20070__bare_composer__s0 n=20 done=19 lost=0 blk=1 corrupt=0 failed=false
[156/1250] django_20055_20070__file_lock__s1 n=20 done=19 lost=0 blk=1 corrupt=0 failed=false
[157/1250] django_20055_20070__occ__s1 n=20 done=19 lost=0 blk=1 corrupt=0 failed=false
[158/1250] django_20055_20070__steward__s1 n=20 done=19 lost=0 blk=1 corrupt=0 failed=false
[159/1250] django_20055_20070__git_three_way__s1 n=20 done=20 lost=0 blk=0 corrupt=0 failed=false
[160/1250] django_20055_20070__bare_composer__s1 n=20 done=19 lost=0 blk=1 corrupt=0 failed=false
[161/1250] django_20055_20070__steward__s2 n=20 done=19 lost=0 blk=1 corrupt=0 failed=false
[162/1250] django_20055_20070__file_lock__s2 n=20 done=19 lost=0 blk=1 corrupt=0 failed=false
[163/1250] django_20055_20070__occ__s2 n=20 done=19 lost=0 blk=1 corrupt=0 failed=false
[164/1250] django_20055_20070__git_three_way__s2 n=20 done=20 lost=0 blk=0 corrupt=0 failed=false
[165/1250] django_20055_20070__bare_composer__s2 n=20 done=19 lost=0 blk=1 corrupt=0 failed=false
[166/1250] django_20055_20070__steward__s3 n=20 done=19 lost=0 blk=1 corrupt=0 failed=false
[167/1250] django_20055_20070__file_lock__s3 n=20 done=19 lost=0 blk=1 corrupt=0 failed=false
[168/1250] django_20055_20070__occ__s3 n=20 done=19 lost=0 blk=1 corrupt=0 failed=false
[169/1250] django_20055_20070__git_three_way__s3 n=20 done=20 lost=0 blk=0 corrupt=0 failed=false
[170/1250] django_20055_20070__bare_composer__s3 n=20 done=19 lost=0 blk=1 corrupt=0 failed=false
[171/1250] django_20055_20070__file_lock__s4 n=20 done=19 lost=0 blk=1 corrupt=0 failed=false
[172/1250] django_20055_20070__steward__s4 n=20 done=19 lost=0 blk=1 corrupt=0 failed=false
[173/1250] django_20055_20070__occ__s4 n=20 done=19 lost=0 blk=1 corrupt=0 failed=false
[174/1250] django_20055_20070__git_three_way__s4 n=20 done=20 lost=0 blk=0 corrupt=0 failed=false
[175/1250] django_20055_20070__bare_composer__s4 n=20 done=19 lost=0 blk=1 corrupt=0 failed=false
[176/1250] django_20086_20340__steward__s0 n=22 done=18 lost=0 blk=4 corrupt=0 failed=false
[177/1250] django_20086_20340__file_lock__s0 n=22 done=18 lost=0 blk=4 corrupt=0 failed=false
[178/1250] django_20086_20340__occ__s0 n=22 done=18 lost=0 blk=4 corrupt=0 failed=false
[179/1250] django_20086_20340__git_three_way__s0 n=22 done=22 lost=0 blk=0 corrupt=0 failed=false
[180/1250] django_20086_20340__bare_composer__s0 n=22 done=18 lost=0 blk=4 corrupt=0 failed=false
[181/1250] django_20086_20340__steward__s1 n=22 done=11 lost=0 blk=11 corrupt=0 failed=false
[182/1250] django_20086_20340__file_lock__s1 n=22 done=11 lost=0 blk=11 corrupt=0 failed=false
[183/1250] django_20086_20340__occ__s1 n=22 done=11 lost=0 blk=11 corrupt=0 failed=false
[184/1250] django_20086_20340__git_three_way__s1 n=22 done=22 lost=0 blk=0 corrupt=0 failed=false
[185/1250] django_20086_20340__bare_composer__s1 n=22 done=18 lost=0 blk=4 corrupt=0 failed=false
[186/1250] django_20086_20340__file_lock__s2 n=22 done=11 lost=0 blk=11 corrupt=0 failed=false
[187/1250] django_20086_20340__occ__s2 n=22 done=11 lost=0 blk=11 corrupt=0 failed=false
[188/1250] django_20086_20340__steward__s2 n=22 done=11 lost=0 blk=11 corrupt=0 failed=false
[189/1250] django_20086_20340__git_three_way__s2 n=22 done=22 lost=0 blk=0 corrupt=0 failed=false
[190/1250] django_20086_20340__bare_composer__s2 n=22 done=11 lost=0 blk=11 corrupt=0 failed=false
[191/1250] django_20086_20340__steward__s3 n=22 done=18 lost=0 blk=4 corrupt=0 failed=false
[192/1250] django_20086_20340__file_lock__s3 n=22 done=18 lost=0 blk=4 corrupt=0 failed=false
[193/1250] django_20086_20340__occ__s3 n=22 done=18 lost=0 blk=4 corrupt=0 failed=false
[194/1250] django_20086_20340__git_three_way__s3 n=22 done=22 lost=0 blk=0 corrupt=0 failed=false
[195/1250] django_20086_20340__bare_composer__s3 n=22 done=18 lost=0 blk=4 corrupt=0 failed=false
[196/1250] django_20086_20340__steward__s4 n=22 done=18 lost=0 blk=4 corrupt=0 failed=false
[197/1250] django_20086_20340__file_lock__s4 n=22 done=18 lost=0 blk=4 corrupt=0 failed=false
[198/1250] django_20086_20340__occ__s4 n=22 done=18 lost=0 blk=4 corrupt=0 failed=false
[199/1250] django_20086_20340__git_three_way__s4 n=22 done=22 lost=0 blk=0 corrupt=0 failed=false
[200/1250] django_20086_20340__bare_composer__s4 n=22 done=18 lost=0 blk=4 corrupt=0 failed=false
[201/1250] django_19522_19685__file_lock__s0 n=6 done=6 lost=0 blk=0 corrupt=0 failed=false
[202/1250] django_19522_19685__steward__s0 n=6 done=6 lost=0 blk=0 corrupt=0 failed=false
[203/1250] django_19522_19685__occ__s0 n=6 done=6 lost=0 blk=0 corrupt=0 failed=false
[204/1250] django_19522_19685__git_three_way__s0 n=6 done=6 lost=0 blk=0 corrupt=0 failed=false
[205/1250] django_19522_19685__bare_composer__s0 n=6 done=6 lost=0 blk=0 corrupt=0 failed=false
[206/1250] django_19522_19685__steward__s1 n=6 done=4 lost=0 blk=2 corrupt=0 failed=false
[207/1250] django_19522_19685__occ__s1 n=6 done=6 lost=0 blk=0 corrupt=0 failed=false
[208/1250] django_19522_19685__file_lock__s1 n=6 done=6 lost=0 blk=0 corrupt=0 failed=false
[209/1250] django_19522_19685__git_three_way__s1 n=6 done=6 lost=0 blk=0 corrupt=0 failed=false
[210/1250] django_19522_19685__bare_composer__s1 n=6 done=6 lost=0 blk=0 corrupt=0 failed=false
[211/1250] django_19522_19685__steward__s2 n=6 done=6 lost=0 blk=0 corrupt=0 failed=false
[212/1250] django_19522_19685__file_lock__s2 n=6 done=6 lost=0 blk=0 corrupt=0 failed=false
[213/1250] django_19522_19685__occ__s2 n=6 done=6 lost=0 blk=0 corrupt=0 failed=false
[214/1250] django_19522_19685__git_three_way__s2 n=6 done=6 lost=0 blk=0 corrupt=0 failed=false
[215/1250] django_19522_19685__bare_composer__s2 n=6 done=6 lost=0 blk=0 corrupt=0 failed=false
[216/1250] django_19522_19685__file_lock__s3 n=6 done=6 lost=0 blk=0 corrupt=0 failed=false
[217/1250] django_19522_19685__steward__s3 n=6 done=4 lost=0 blk=2 corrupt=0 failed=false
[218/1250] django_19522_19685__occ__s3 n=6 done=6 lost=0 blk=0 corrupt=0 failed=false
[219/1250] django_19522_19685__git_three_way__s3 n=6 done=6 lost=0 blk=0 corrupt=0 failed=false
[220/1250] django_19522_19685__bare_composer__s3 n=6 done=4 lost=0 blk=2 corrupt=0 failed=false
[221/1250] django_19522_19685__steward__s4 n=6 done=4 lost=0 blk=2 corrupt=0 failed=false
[222/1250] django_19522_19685__file_lock__s4 n=6 done=6 lost=0 blk=0 corrupt=0 failed=false
[223/1250] django_19522_19685__occ__s4 n=6 done=6 lost=0 blk=0 corrupt=0 failed=false
[224/1250] django_19522_19685__git_three_way__s4 n=6 done=6 lost=0 blk=0 corrupt=0 failed=false
[225/1250] django_19522_19685__bare_composer__s4 n=6 done=4 lost=0 blk=2 corrupt=0 failed=false
[226/1250] django_17723_18425__file_lock__s0 n=12 done=12 lost=0 blk=0 corrupt=0 failed=false
[227/1250] django_17723_18425__steward__s0 n=12 done=12 lost=0 blk=0 corrupt=0 failed=false
[228/1250] django_17723_18425__occ__s0 n=12 done=12 lost=0 blk=0 corrupt=0 failed=false
[229/1250] django_17723_18425__git_three_way__s0 n=12 done=12 lost=0 blk=0 corrupt=0 failed=false
[230/1250] django_17723_18425__bare_composer__s0 n=12 done=9 lost=0 blk=3 corrupt=0 failed=false
[231/1250] django_17723_18425__file_lock__s1 n=12 done=12 lost=0 blk=0 corrupt=0 failed=false
[232/1250] django_17723_18425__steward__s1 n=12 done=12 lost=0 blk=0 corrupt=0 failed=false
[233/1250] django_17723_18425__occ__s1 n=12 done=12 lost=0 blk=0 corrupt=0 failed=false
[234/1250] django_17723_18425__git_three_way__s1 n=12 done=12 lost=0 blk=0 corrupt=0 failed=false
[235/1250] django_17723_18425__bare_composer__s1 n=12 done=12 lost=0 blk=0 corrupt=0 failed=false
[236/1250] django_17723_18425__steward__s2 n=12 done=12 lost=0 blk=0 corrupt=0 failed=false
[237/1250] django_17723_18425__file_lock__s2 n=12 done=12 lost=0 blk=0 corrupt=0 failed=false
[238/1250] django_17723_18425__occ__s2 n=12 done=12 lost=0 blk=0 corrupt=0 failed=false
[239/1250] django_17723_18425__git_three_way__s2 n=12 done=12 lost=0 blk=0 corrupt=0 failed=false
[240/1250] django_17723_18425__bare_composer__s2 n=12 done=12 lost=0 blk=0 corrupt=0 failed=false
[241/1250] django_17723_18425__steward__s3 n=12 done=12 lost=0 blk=0 corrupt=0 failed=false
[242/1250] django_17723_18425__file_lock__s3 n=12 done=12 lost=0 blk=0 corrupt=0 failed=false
[243/1250] django_17723_18425__occ__s3 n=12 done=12 lost=0 blk=0 corrupt=0 failed=false
[244/1250] django_17723_18425__git_three_way__s3 n=12 done=12 lost=0 blk=0 corrupt=0 failed=false
[245/1250] django_17723_18425__bare_composer__s3 n=12 done=12 lost=0 blk=0 corrupt=0 failed=false
[246/1250] django_17723_18425__file_lock__s4 n=12 done=12 lost=0 blk=0 corrupt=0 failed=false
[247/1250] django_17723_18425__steward__s4 n=12 done=12 lost=0 blk=0 corrupt=0 failed=false
[248/1250] django_17723_18425__occ__s4 n=12 done=12 lost=0 blk=0 corrupt=0 failed=false
[249/1250] django_17723_18425__git_three_way__s4 n=12 done=12 lost=0 blk=0 corrupt=0 failed=false
[250/1250] django_17723_18425__bare_composer__s4 n=12 done=9 lost=0 blk=3 corrupt=0 failed=false
[251/1250] django_17723_18356__steward__s0 n=10 done=10 lost=0 blk=0 corrupt=0 failed=false
[252/1250] django_17723_18356__file_lock__s0 n=10 done=10 lost=0 blk=0 corrupt=0 failed=false
[253/1250] django_17723_18356__occ__s0 n=10 done=10 lost=0 blk=0 corrupt=0 failed=false
[254/1250] django_17723_18356__git_three_way__s0 n=10 done=10 lost=0 blk=0 corrupt=0 failed=false
[255/1250] django_17723_18356__file_lock__s1 n=10 done=10 lost=0 blk=0 corrupt=0 failed=false
[256/1250] django_17723_18356__bare_composer__s0 n=10 done=10 lost=0 blk=0 corrupt=0 failed=false
[257/1250] django_17723_18356__steward__s1 n=10 done=10 lost=0 blk=0 corrupt=0 failed=false
[258/1250] django_17723_18356__occ__s1 n=10 done=10 lost=0 blk=0 corrupt=0 failed=false
[259/1250] django_17723_18356__git_three_way__s1 n=10 done=6 lost=0 blk=4 corrupt=0 failed=false
[260/1250] django_17723_18356__bare_composer__s1 n=10 done=6 lost=0 blk=4 corrupt=0 failed=false
[261/1250] django_17723_18356__file_lock__s2 n=10 done=10 lost=0 blk=0 corrupt=0 failed=false
[262/1250] django_17723_18356__steward__s2 n=10 done=10 lost=0 blk=0 corrupt=0 failed=false
[263/1250] django_17723_18356__occ__s2 n=10 done=10 lost=0 blk=0 corrupt=0 failed=false
[264/1250] django_17723_18356__git_three_way__s2 n=10 done=10 lost=0 blk=0 corrupt=0 failed=false
[265/1250] django_17723_18356__bare_composer__s2 n=10 done=6 lost=0 blk=4 corrupt=0 failed=false
[266/1250] django_17723_18356__steward__s3 n=10 done=10 lost=0 blk=0 corrupt=0 failed=false
[267/1250] django_17723_18356__file_lock__s3 n=10 done=10 lost=0 blk=0 corrupt=0 failed=false
[268/1250] django_17723_18356__occ__s3 n=10 done=10 lost=0 blk=0 corrupt=0 failed=false
[269/1250] django_17723_18356__git_three_way__s3 n=10 done=10 lost=0 blk=0 corrupt=0 failed=false
[270/1250] django_17723_18356__bare_composer__s3 n=10 done=10 lost=0 blk=0 corrupt=0 failed=false
[271/1250] django_17723_18356__file_lock__s4 n=10 done=10 lost=0 blk=0 corrupt=0 failed=false
[272/1250] django_17723_18356__steward__s4 n=10 done=10 lost=0 blk=0 corrupt=0 failed=false
[273/1250] django_17723_18356__occ__s4 n=10 done=10 lost=0 blk=0 corrupt=0 failed=false
[274/1250] django_17723_18356__git_three_way__s4 n=10 done=10 lost=0 blk=0 corrupt=0 failed=false
[275/1250] django_17723_18356__bare_composer__s4 n=10 done=10 lost=0 blk=0 corrupt=0 failed=false
[276/1250] django_19753_19798__steward__s0 n=6 done=6 lost=0 blk=0 corrupt=0 failed=false
[277/1250] django_19753_19798__file_lock__s0 n=6 done=6 lost=0 blk=0 corrupt=0 failed=false
[278/1250] django_19753_19798__occ__s0 n=6 done=6 lost=0 blk=0 corrupt=0 failed=false
[279/1250] django_19753_19798__git_three_way__s0 n=6 done=6 lost=0 blk=0 corrupt=0 failed=false
[280/1250] django_19753_19798__bare_composer__s0 n=6 done=6 lost=0 blk=0 corrupt=0 failed=false
[281/1250] django_19753_19798__file_lock__s1 n=6 done=6 lost=0 blk=0 corrupt=0 failed=false
[282/1250] django_19753_19798__steward__s1 n=6 done=4 lost=0 blk=2 corrupt=0 failed=false
[283/1250] django_19753_19798__occ__s1 n=6 done=6 lost=0 blk=0 corrupt=0 failed=false
[284/1250] django_19753_19798__git_three_way__s1 n=6 done=6 lost=0 blk=0 corrupt=0 failed=false
[285/1250] django_19753_19798__bare_composer__s1 n=6 done=4 lost=0 blk=2 corrupt=0 failed=false
[286/1250] django_19753_19798__file_lock__s2 n=6 done=6 lost=0 blk=0 corrupt=0 failed=false
[287/1250] django_19753_19798__steward__s2 n=6 done=6 lost=0 blk=0 corrupt=0 failed=false
[288/1250] django_19753_19798__occ__s2 n=6 done=6 lost=0 blk=0 corrupt=0 failed=false
[289/1250] django_19753_19798__git_three_way__s2 n=6 done=6 lost=0 blk=0 corrupt=0 failed=false
[290/1250] django_19753_19798__bare_composer__s2 n=6 done=6 lost=0 blk=0 corrupt=0 failed=false
[291/1250] django_19753_19798__steward__s3 n=6 done=6 lost=0 blk=0 corrupt=0 failed=false
[292/1250] django_19753_19798__file_lock__s3 n=6 done=6 lost=0 blk=0 corrupt=0 failed=false
[293/1250] django_19753_19798__occ__s3 n=6 done=6 lost=0 blk=0 corrupt=0 failed=false
[294/1250] django_19753_19798__git_three_way__s3 n=6 done=6 lost=0 blk=0 corrupt=0 failed=false
[295/1250] django_19753_19798__bare_composer__s3 n=6 done=6 lost=0 blk=0 corrupt=0 failed=false
[296/1250] django_19753_19798__steward__s4 n=6 done=4 lost=0 blk=2 corrupt=0 failed=false
[297/1250] django_19753_19798__file_lock__s4 n=6 done=6 lost=0 blk=0 corrupt=0 failed=false
[298/1250] django_19753_19798__occ__s4 n=6 done=6 lost=0 blk=0 corrupt=0 failed=false
[299/1250] django_19753_19798__git_three_way__s4 n=6 done=6 lost=0 blk=0 corrupt=0 failed=false
[300/1250] django_19753_19798__bare_composer__s4 n=6 done=4 lost=0 blk=2 corrupt=0 failed=false
[301/1250] django_20055_20074__steward__s0 n=18 done=18 lost=0 blk=0 corrupt=0 failed=false
[302/1250] django_20055_20074__file_lock__s0 n=18 done=18 lost=0 blk=0 corrupt=0 failed=false
[303/1250] django_20055_20074__occ__s0 n=18 done=18 lost=0 blk=0 corrupt=0 failed=false
[304/1250] django_20055_20074__git_three_way__s0 n=18 done=18 lost=0 blk=0 corrupt=0 failed=false
[305/1250] django_20055_20074__bare_composer__s0 n=18 done=18 lost=0 blk=0 corrupt=0 failed=false
[306/1250] django_20055_20074__steward__s1 n=18 done=18 lost=0 blk=0 corrupt=0 failed=false
[307/1250] django_20055_20074__file_lock__s1 n=18 done=18 lost=0 blk=0 corrupt=0 failed=false
[308/1250] django_20055_20074__occ__s1 n=18 done=18 lost=0 blk=0 corrupt=0 failed=false
[309/1250] django_20055_20074__git_three_way__s1 n=18 done=18 lost=0 blk=0 corrupt=0 failed=false
[310/1250] django_20055_20074__bare_composer__s1 n=18 done=18 lost=0 blk=0 corrupt=0 failed=false
[311/1250] django_20055_20074__file_lock__s2 n=18 done=18 lost=0 blk=0 corrupt=0 failed=false
[312/1250] django_20055_20074__steward__s2 n=18 done=18 lost=0 blk=0 corrupt=0 failed=false
[313/1250] django_20055_20074__occ__s2 n=18 done=18 lost=0 blk=0 corrupt=0 failed=false
[314/1250] django_20055_20074__git_three_way__s2 n=18 done=18 lost=0 blk=0 corrupt=0 failed=false
[315/1250] django_20055_20074__bare_composer__s2 n=18 done=18 lost=0 blk=0 corrupt=0 failed=false
[316/1250] django_20055_20074__steward__s3 n=18 done=18 lost=0 blk=0 corrupt=0 failed=false
[317/1250] django_20055_20074__file_lock__s3 n=18 done=18 lost=0 blk=0 corrupt=0 failed=false
[318/1250] django_20055_20074__occ__s3 n=18 done=18 lost=0 blk=0 corrupt=0 failed=false
[319/1250] django_20055_20074__git_three_way__s3 n=18 done=18 lost=0 blk=0 corrupt=0 failed=false
[320/1250] django_20055_20074__bare_composer__s3 n=18 done=18 lost=0 blk=0 corrupt=0 failed=false
[321/1250] django_20055_20074__steward__s4 n=18 done=18 lost=0 blk=0 corrupt=0 failed=false
[322/1250] django_20055_20074__file_lock__s4 n=18 done=18 lost=0 blk=0 corrupt=0 failed=false
[323/1250] django_20055_20074__occ__s4 n=18 done=18 lost=0 blk=0 corrupt=0 failed=false
[324/1250] django_20055_20074__git_three_way__s4 n=18 done=18 lost=0 blk=0 corrupt=0 failed=false
[325/1250] django_19519_19771__file_lock__s0 n=2 done=2 lost=0 blk=0 corrupt=0 failed=false
[326/1250] django_19519_19771__steward__s0 n=2 done=1 lost=0 blk=1 corrupt=0 failed=false
[327/1250] django_20055_20074__bare_composer__s4 n=18 done=18 lost=0 blk=0 corrupt=0 failed=false
[328/1250] django_19519_19771__occ__s0 n=2 done=2 lost=0 blk=0 corrupt=0 failed=false
[329/1250] django_19519_19771__git_three_way__s0 n=2 done=1 lost=0 blk=1 corrupt=0 failed=false
[330/1250] django_19519_19771__bare_composer__s0 n=2 done=2 lost=0 blk=0 corrupt=0 failed=false
[331/1250] django_19519_19771__file_lock__s1 n=2 done=2 lost=0 blk=0 corrupt=0 failed=false
[332/1250] django_19519_19771__steward__s1 n=2 done=1 lost=0 blk=1 corrupt=0 failed=false
[333/1250] django_19519_19771__occ__s1 n=2 done=2 lost=0 blk=0 corrupt=0 failed=false
[334/1250] django_19519_19771__git_three_way__s1 n=2 done=1 lost=0 blk=1 corrupt=0 failed=false
[335/1250] django_19519_19771__bare_composer__s1 n=2 done=1 lost=0 blk=1 corrupt=0 failed=false
[336/1250] django_19519_19771__steward__s2 n=2 done=2 lost=0 blk=0 corrupt=0 failed=false
[337/1250] django_19519_19771__file_lock__s2 n=2 done=2 lost=0 blk=0 corrupt=0 failed=false
[338/1250] django_19519_19771__occ__s2 n=2 done=2 lost=0 blk=0 corrupt=0 failed=false
[339/1250] django_19519_19771__git_three_way__s2 n=2 done=1 lost=1 blk=0 corrupt=0 failed=true
[340/1250] django_19519_19771__bare_composer__s2 n=2 done=1 lost=0 blk=1 corrupt=0 failed=false
[341/1250] django_19519_19771__steward__s3 n=2 done=2 lost=0 blk=0 corrupt=0 failed=false
[342/1250] django_19519_19771__file_lock__s3 n=2 done=2 lost=0 blk=0 corrupt=0 failed=false
[343/1250] django_19519_19771__occ__s3 n=2 done=2 lost=0 blk=0 corrupt=0 failed=false
[344/1250] django_19519_19771__git_three_way__s3 n=2 done=1 lost=0 blk=1 corrupt=0 failed=false
[345/1250] django_19519_19771__bare_composer__s3 n=2 done=2 lost=0 blk=0 corrupt=0 failed=false
[346/1250] django_19519_19771__file_lock__s4 n=2 done=2 lost=0 blk=0 corrupt=0 failed=false
[347/1250] django_19519_19771__steward__s4 n=2 done=1 lost=0 blk=1 corrupt=0 failed=false
[348/1250] django_19519_19771__occ__s4 n=2 done=2 lost=0 blk=0 corrupt=0 failed=false
[349/1250] django_19519_19771__git_three_way__s4 n=2 done=2 lost=0 blk=0 corrupt=0 failed=false
[350/1250] django_19519_19771__bare_composer__s4 n=2 done=1 lost=0 blk=1 corrupt=0 failed=false
[351/1250] django_19793_20009__steward__s0 n=11 done=4 lost=0 blk=7 corrupt=0 failed=false
[352/1250] django_19793_20009__file_lock__s0 n=11 done=11 lost=0 blk=0 corrupt=0 failed=false
[353/1250] django_19793_20009__occ__s0 n=11 done=11 lost=0 blk=0 corrupt=0 failed=false
[354/1250] django_19793_20009__git_three_way__s0 n=11 done=4 lost=0 blk=7 corrupt=0 failed=false
[355/1250] django_19793_20009__bare_composer__s0 n=11 done=11 lost=0 blk=0 corrupt=0 failed=false
[356/1250] django_19793_20009__steward__s1 n=11 done=11 lost=0 blk=0 corrupt=0 failed=false
[357/1250] django_19793_20009__file_lock__s1 n=11 done=11 lost=0 blk=0 corrupt=0 failed=false
[358/1250] django_19793_20009__occ__s1 n=11 done=11 lost=0 blk=0 corrupt=0 failed=false
[359/1250] django_19793_20009__git_three_way__s1 n=11 done=10 lost=0 blk=1 corrupt=0 failed=false
[360/1250] django_19793_20009__bare_composer__s1 n=11 done=4 lost=0 blk=7 corrupt=0 failed=false
[361/1250] django_19793_20009__file_lock__s2 n=11 done=11 lost=0 blk=0 corrupt=0 failed=false
[362/1250] django_19793_20009__steward__s2 n=11 done=10 lost=0 blk=1 corrupt=0 failed=false
[363/1250] django_19793_20009__occ__s2 n=11 done=11 lost=0 blk=0 corrupt=0 failed=false
[364/1250] django_19793_20009__git_three_way__s2 n=11 done=11 lost=0 blk=0 corrupt=0 failed=false
[365/1250] django_19793_20009__bare_composer__s2 n=11 done=4 lost=0 blk=7 corrupt=0 failed=false
[366/1250] django_19793_20009__steward__s3 n=11 done=10 lost=0 blk=1 corrupt=0 failed=false
[367/1250] django_19793_20009__file_lock__s3 n=11 done=11 lost=0 blk=0 corrupt=0 failed=false
[368/1250] django_19793_20009__occ__s3 n=11 done=11 lost=0 blk=0 corrupt=0 failed=false
[369/1250] django_19793_20009__git_three_way__s3 n=11 done=11 lost=0 blk=0 corrupt=0 failed=false
[370/1250] django_19793_20009__bare_composer__s3 n=11 done=11 lost=0 blk=0 corrupt=0 failed=false
[371/1250] django_19793_20009__steward__s4 n=11 done=10 lost=0 blk=1 corrupt=0 failed=false
[372/1250] django_19793_20009__file_lock__s4 n=11 done=11 lost=0 blk=0 corrupt=0 failed=false
[373/1250] django_19793_20009__occ__s4 n=11 done=11 lost=0 blk=0 corrupt=0 failed=false
[374/1250] django_19793_20009__git_three_way__s4 n=11 done=11 lost=0 blk=0 corrupt=0 failed=false
[375/1250] django_19793_20009__bare_composer__s4 n=11 done=4 lost=0 blk=7 corrupt=0 failed=false
[376/1250] django_18209_19021__steward__s0 n=28 done=28 lost=0 blk=0 corrupt=0 failed=false
[377/1250] django_18209_19021__file_lock__s0 n=28 done=28 lost=0 blk=0 corrupt=0 failed=false
[378/1250] django_18209_19021__occ__s0 n=28 done=28 lost=0 blk=0 corrupt=0 failed=false
[379/1250] django_18209_19021__git_three_way__s0 n=28 done=28 lost=0 blk=0 corrupt=0 failed=false
[380/1250] django_18209_19021__bare_composer__s0 n=28 done=28 lost=0 blk=0 corrupt=0 failed=false
[381/1250] django_18209_19021__steward__s1 n=28 done=26 lost=0 blk=2 corrupt=0 failed=false
[382/1250] django_18209_19021__file_lock__s1 n=28 done=28 lost=0 blk=0 corrupt=0 failed=false
[383/1250] django_18209_19021__occ__s1 n=28 done=28 lost=0 blk=0 corrupt=0 failed=false
[384/1250] django_18209_19021__git_three_way__s1 n=28 done=27 lost=0 blk=1 corrupt=0 failed=false
[385/1250] django_18209_19021__bare_composer__s1 n=28 done=26 lost=0 blk=2 corrupt=0 failed=false
[386/1250] django_18209_19021__steward__s2 n=28 done=28 lost=0 blk=0 corrupt=0 failed=false
[387/1250] django_18209_19021__file_lock__s2 n=28 done=28 lost=0 blk=0 corrupt=0 failed=false
[388/1250] django_18209_19021__occ__s2 n=28 done=27 lost=1 blk=0 corrupt=0 failed=true
[389/1250] django_18209_19021__git_three_way__s2 n=28 done=28 lost=0 blk=0 corrupt=0 failed=false
[390/1250] django_18209_19021__bare_composer__s2 n=28 done=28 lost=0 blk=0 corrupt=0 failed=false
[391/1250] django_18209_19021__file_lock__s3 n=28 done=28 lost=0 blk=0 corrupt=0 failed=false
[392/1250] django_18209_19021__steward__s3 n=28 done=28 lost=0 blk=0 corrupt=0 failed=false
[393/1250] django_18209_19021__occ__s3 n=28 done=28 lost=0 blk=0 corrupt=0 failed=false
[394/1250] django_18209_19021__git_three_way__s3 n=28 done=28 lost=0 blk=0 corrupt=0 failed=false
[395/1250] django_18209_19021__bare_composer__s3 n=28 done=26 lost=0 blk=2 corrupt=0 failed=false
[396/1250] django_18209_19021__steward__s4 n=28 done=28 lost=0 blk=0 corrupt=0 failed=false
[397/1250] django_18209_19021__file_lock__s4 n=28 done=28 lost=0 blk=0 corrupt=0 failed=false
[398/1250] django_18209_19021__occ__s4 n=28 done=28 lost=0 blk=0 corrupt=0 failed=false
[399/1250] django_18209_19021__git_three_way__s4 n=28 done=28 lost=0 blk=0 corrupt=0 failed=false
[400/1250] django_19395_19445__file_lock__s0 n=8 done=8 lost=0 blk=0 corrupt=0 failed=false
[401/1250] django_18209_19021__bare_composer__s4 n=28 done=28 lost=0 blk=0 corrupt=0 failed=false
[402/1250] django_19395_19445__steward__s0 n=8 done=7 lost=0 blk=1 corrupt=0 failed=false
[403/1250] django_19395_19445__occ__s0 n=8 done=8 lost=0 blk=0 corrupt=0 failed=false
[404/1250] django_19395_19445__git_three_way__s0 n=8 done=5 lost=0 blk=3 corrupt=0 failed=false
[405/1250] django_19395_19445__bare_composer__s0 n=8 done=8 lost=0 blk=0 corrupt=0 failed=false
[406/1250] django_19395_19445__file_lock__s1 n=8 done=8 lost=0 blk=0 corrupt=0 failed=false
[407/1250] django_19395_19445__steward__s1 n=8 done=7 lost=0 blk=1 corrupt=0 failed=false
[408/1250] django_19395_19445__occ__s1 n=8 done=8 lost=0 blk=0 corrupt=0 failed=false
[409/1250] django_19395_19445__git_three_way__s1 n=8 done=8 lost=0 blk=0 corrupt=0 failed=false
[410/1250] django_19395_19445__bare_composer__s1 n=8 done=8 lost=0 blk=0 corrupt=0 failed=false
[411/1250] django_19395_19445__steward__s2 n=8 done=8 lost=0 blk=0 corrupt=0 failed=false
[412/1250] django_19395_19445__occ__s2 n=8 done=8 lost=0 blk=0 corrupt=0 failed=false
[413/1250] django_19395_19445__file_lock__s2 n=8 done=8 lost=0 blk=0 corrupt=0 failed=false
[414/1250] django_19395_19445__git_three_way__s2 n=8 done=8 lost=0 blk=0 corrupt=0 failed=false
[415/1250] django_19395_19445__bare_composer__s2 n=8 done=8 lost=0 blk=0 corrupt=0 failed=false
[416/1250] django_19395_19445__steward__s3 n=8 done=8 lost=0 blk=0 corrupt=0 failed=false
[417/1250] django_19395_19445__file_lock__s3 n=8 done=8 lost=0 blk=0 corrupt=0 failed=false
[418/1250] django_19395_19445__occ__s3 n=8 done=8 lost=0 blk=0 corrupt=0 failed=false
[419/1250] django_19395_19445__git_three_way__s3 n=8 done=8 lost=0 blk=0 corrupt=0 failed=false
[420/1250] django_19395_19445__bare_composer__s3 n=8 done=8 lost=0 blk=0 corrupt=0 failed=false
[421/1250] django_19395_19445__file_lock__s4 n=8 done=8 lost=0 blk=0 corrupt=0 failed=false
[422/1250] django_19395_19445__occ__s4 n=8 done=8 lost=0 blk=0 corrupt=0 failed=false
[423/1250] django_19395_19445__steward__s4 n=8 done=7 lost=0 blk=1 corrupt=0 failed=false
[424/1250] django_19395_19445__git_three_way__s4 n=8 done=5 lost=0 blk=3 corrupt=0 failed=false
[425/1250] django_19395_19445__bare_composer__s4 n=8 done=5 lost=0 blk=3 corrupt=0 failed=false
[426/1250] django_19012_19472__steward__s0 n=7 done=7 lost=0 blk=0 corrupt=0 failed=false
[427/1250] django_19012_19472__file_lock__s0 n=7 done=7 lost=0 blk=0 corrupt=0 failed=false
[428/1250] django_19012_19472__occ__s0 n=7 done=7 lost=0 blk=0 corrupt=0 failed=false
[429/1250] django_19012_19472__git_three_way__s0 n=7 done=7 lost=0 blk=0 corrupt=0 failed=false
[430/1250] django_19012_19472__bare_composer__s0 n=7 done=7 lost=0 blk=0 corrupt=0 failed=false
[431/1250] django_19012_19472__steward__s1 n=7 done=7 lost=0 blk=0 corrupt=0 failed=false
[432/1250] django_19012_19472__file_lock__s1 n=7 done=7 lost=0 blk=0 corrupt=0 failed=false
[433/1250] django_19012_19472__occ__s1 n=7 done=7 lost=0 blk=0 corrupt=0 failed=false
[434/1250] django_19012_19472__git_three_way__s1 n=7 done=7 lost=0 blk=0 corrupt=0 failed=false
[435/1250] django_19012_19472__bare_composer__s1 n=7 done=7 lost=0 blk=0 corrupt=0 failed=false
[436/1250] django_19012_19472__file_lock__s2 n=7 done=7 lost=0 blk=0 corrupt=0 failed=false
[437/1250] django_19012_19472__steward__s2 n=7 done=7 lost=0 blk=0 corrupt=0 failed=false
[438/1250] django_19012_19472__occ__s2 n=7 done=7 lost=0 blk=0 corrupt=0 failed=false
[439/1250] django_19012_19472__git_three_way__s2 n=7 done=7 lost=0 blk=0 corrupt=0 failed=false
[440/1250] django_19012_19472__bare_composer__s2 n=7 done=7 lost=0 blk=0 corrupt=0 failed=false
[441/1250] django_19012_19472__steward__s3 n=7 done=3 lost=0 blk=4 corrupt=0 failed=false
[442/1250] django_19012_19472__file_lock__s3 n=7 done=7 lost=0 blk=0 corrupt=0 failed=false
[443/1250] django_19012_19472__occ__s3 n=7 done=7 lost=0 blk=0 corrupt=0 failed=false
[444/1250] django_19012_19472__git_three_way__s3 n=7 done=7 lost=0 blk=0 corrupt=0 failed=false
[445/1250] django_19012_19472__bare_composer__s3 n=7 done=3 lost=0 blk=4 corrupt=0 failed=false
[446/1250] django_19012_19472__steward__s4 n=7 done=7 lost=0 blk=0 corrupt=0 failed=false
[447/1250] django_19012_19472__file_lock__s4 n=7 done=7 lost=0 blk=0 corrupt=0 failed=false
[448/1250] django_19012_19472__occ__s4 n=7 done=7 lost=0 blk=0 corrupt=0 failed=false
[449/1250] django_19012_19472__git_three_way__s4 n=7 done=7 lost=0 blk=0 corrupt=0 failed=false
[450/1250] django_19012_19472__bare_composer__s4 n=7 done=3 lost=0 blk=4 corrupt=0 failed=false
[451/1250] django_17554_19844__file_lock__s0 n=73 done=73 lost=0 blk=0 corrupt=0 failed=false
[452/1250] django_17554_19844__steward__s0 n=73 done=72 lost=0 blk=1 corrupt=0 failed=false
[453/1250] django_17554_19844__occ__s0 n=73 done=73 lost=0 blk=0 corrupt=0 failed=false
[454/1250] django_17554_19844__git_three_way__s0 n=73 done=73 lost=0 blk=0 corrupt=0 failed=false
[455/1250] django_17554_19844__bare_composer__s0 n=73 done=72 lost=0 blk=1 corrupt=0 failed=false
[456/1250] django_17554_19844__steward__s1 n=73 done=72 lost=0 blk=1 corrupt=0 failed=false
[457/1250] django_17554_19844__file_lock__s1 n=73 done=73 lost=0 blk=0 corrupt=0 failed=false
[458/1250] django_17554_19844__occ__s1 n=73 done=73 lost=0 blk=0 corrupt=0 failed=false
[459/1250] django_17554_19844__git_three_way__s1 n=73 done=73 lost=0 blk=0 corrupt=0 failed=false
[460/1250] django_17554_19844__bare_composer__s1 n=73 done=72 lost=0 blk=1 corrupt=0 failed=false
[461/1250] django_17554_19844__steward__s2 n=73 done=72 lost=0 blk=1 corrupt=0 failed=false
[462/1250] django_17554_19844__file_lock__s2 n=73 done=73 lost=0 blk=0 corrupt=0 failed=false
[463/1250] django_17554_19844__occ__s2 n=73 done=73 lost=0 blk=0 corrupt=0 failed=false
[464/1250] django_17554_19844__git_three_way__s2 n=73 done=73 lost=0 blk=0 corrupt=0 failed=false
[465/1250] django_17554_19844__bare_composer__s2 n=73 done=72 lost=0 blk=1 corrupt=0 failed=false
[466/1250] django_17554_19844__file_lock__s3 n=73 done=73 lost=0 blk=0 corrupt=0 failed=false
[467/1250] django_17554_19844__steward__s3 n=73 done=72 lost=0 blk=1 corrupt=0 failed=false
[468/1250] django_17554_19844__occ__s3 n=73 done=73 lost=0 blk=0 corrupt=0 failed=false
[469/1250] django_17554_19844__git_three_way__s3 n=73 done=73 lost=0 blk=0 corrupt=0 failed=false
[470/1250] django_17554_19844__bare_composer__s3 n=73 done=72 lost=0 blk=1 corrupt=0 failed=false
[471/1250] django_17554_19844__steward__s4 n=73 done=72 lost=0 blk=1 corrupt=0 failed=false
[472/1250] django_17554_19844__file_lock__s4 n=73 done=73 lost=0 blk=0 corrupt=0 failed=false
[473/1250] django_17554_19844__occ__s4 n=73 done=73 lost=0 blk=0 corrupt=0 failed=false
[474/1250] django_17554_19844__git_three_way__s4 n=73 done=73 lost=0 blk=0 corrupt=0 failed=false
[475/1250] django_18786_19023__file_lock__s0 n=11 done=11 lost=0 blk=0 corrupt=0 failed=false
[476/1250] django_17554_19844__bare_composer__s4 n=73 done=71 lost=0 blk=2 corrupt=0 failed=false
[477/1250] django_18786_19023__steward__s0 n=11 done=11 lost=0 blk=0 corrupt=0 failed=false
[478/1250] django_18786_19023__occ__s0 n=11 done=11 lost=0 blk=0 corrupt=0 failed=false
[479/1250] django_18786_19023__git_three_way__s0 n=11 done=11 lost=0 blk=0 corrupt=0 failed=false
[480/1250] django_18786_19023__bare_composer__s0 n=11 done=9 lost=0 blk=2 corrupt=0 failed=false
[481/1250] django_18786_19023__file_lock__s1 n=11 done=11 lost=0 blk=0 corrupt=0 failed=false
[482/1250] django_18786_19023__occ__s1 n=11 done=11 lost=0 blk=0 corrupt=0 failed=false
[483/1250] django_18786_19023__steward__s1 n=11 done=11 lost=0 blk=0 corrupt=0 failed=false
[484/1250] django_18786_19023__git_three_way__s1 n=11 done=11 lost=0 blk=0 corrupt=0 failed=false
[485/1250] django_18786_19023__bare_composer__s1 n=11 done=11 lost=0 blk=0 corrupt=0 failed=false
[486/1250] django_18786_19023__steward__s2 n=11 done=11 lost=0 blk=0 corrupt=0 failed=false
[487/1250] django_18786_19023__file_lock__s2 n=11 done=11 lost=0 blk=0 corrupt=0 failed=false
[488/1250] django_18786_19023__occ__s2 n=11 done=11 lost=0 blk=0 corrupt=0 failed=false
[489/1250] django_18786_19023__git_three_way__s2 n=11 done=11 lost=0 blk=0 corrupt=0 failed=false
[490/1250] django_18786_19023__bare_composer__s2 n=11 done=11 lost=0 blk=0 corrupt=0 failed=false
[491/1250] django_18786_19023__file_lock__s3 n=11 done=11 lost=0 blk=0 corrupt=0 failed=false
[492/1250] django_18786_19023__steward__s3 n=11 done=11 lost=0 blk=0 corrupt=0 failed=false
[493/1250] django_18786_19023__occ__s3 n=11 done=11 lost=0 blk=0 corrupt=0 failed=false
[494/1250] django_18786_19023__git_three_way__s3 n=11 done=11 lost=0 blk=0 corrupt=0 failed=false
[495/1250] django_18786_19023__bare_composer__s3 n=11 done=11 lost=0 blk=0 corrupt=0 failed=false
[496/1250] django_18786_19023__steward__s4 n=11 done=11 lost=0 blk=0 corrupt=0 failed=false
[497/1250] django_18786_19023__file_lock__s4 n=11 done=11 lost=0 blk=0 corrupt=0 failed=false
[498/1250] django_18786_19023__occ__s4 n=11 done=11 lost=0 blk=0 corrupt=0 failed=false
[499/1250] django_18786_19023__git_three_way__s4 n=11 done=11 lost=0 blk=0 corrupt=0 failed=false
[500/1250] django_18786_19023__bare_composer__s4 n=11 done=11 lost=0 blk=0 corrupt=0 failed=false
[501/1250] django_17831_17920__steward__s0 n=14 done=14 lost=0 blk=0 corrupt=0 failed=false
[502/1250] django_17831_17920__file_lock__s0 n=14 done=14 lost=0 blk=0 corrupt=0 failed=false
[503/1250] django_17831_17920__occ__s0 n=14 done=14 lost=0 blk=0 corrupt=0 failed=false
[504/1250] django_17831_17920__git_three_way__s0 n=14 done=14 lost=0 blk=0 corrupt=0 failed=false
[505/1250] django_17831_17920__bare_composer__s0 n=14 done=14 lost=0 blk=0 corrupt=0 failed=false
[506/1250] django_17831_17920__steward__s1 n=14 done=14 lost=0 blk=0 corrupt=0 failed=false
[507/1250] django_17831_17920__file_lock__s1 n=14 done=14 lost=0 blk=0 corrupt=0 failed=false
[508/1250] django_17831_17920__occ__s1 n=14 done=14 lost=0 blk=0 corrupt=0 failed=false
[509/1250] django_17831_17920__git_three_way__s1 n=14 done=14 lost=0 blk=0 corrupt=0 failed=false
[510/1250] django_17831_17920__bare_composer__s1 n=14 done=10 lost=0 blk=4 corrupt=0 failed=false
[511/1250] django_17831_17920__file_lock__s2 n=14 done=14 lost=0 blk=0 corrupt=0 failed=false
[512/1250] django_17831_17920__occ__s2 n=14 done=14 lost=0 blk=0 corrupt=0 failed=false
[513/1250] django_17831_17920__steward__s2 n=14 done=14 lost=0 blk=0 corrupt=0 failed=false
[514/1250] django_17831_17920__git_three_way__s2 n=14 done=14 lost=0 blk=0 corrupt=0 failed=false
[515/1250] django_17831_17920__bare_composer__s2 n=14 done=10 lost=0 blk=4 corrupt=0 failed=false
[516/1250] django_17831_17920__steward__s3 n=14 done=14 lost=0 blk=0 corrupt=0 failed=false
[517/1250] django_17831_17920__file_lock__s3 n=14 done=14 lost=0 blk=0 corrupt=0 failed=false
[518/1250] django_17831_17920__occ__s3 n=14 done=14 lost=0 blk=0 corrupt=0 failed=false
[519/1250] django_17831_17920__git_three_way__s3 n=14 done=14 lost=0 blk=0 corrupt=0 failed=false
[520/1250] django_17831_17920__bare_composer__s3 n=14 done=10 lost=0 blk=4 corrupt=0 failed=false
[521/1250] django_17831_17920__steward__s4 n=14 done=14 lost=0 blk=0 corrupt=0 failed=false
[522/1250] django_17831_17920__file_lock__s4 n=14 done=14 lost=0 blk=0 corrupt=0 failed=false
[523/1250] django_17831_17920__occ__s4 n=14 done=14 lost=0 blk=0 corrupt=0 failed=false
[524/1250] django_17831_17920__git_three_way__s4 n=14 done=14 lost=0 blk=0 corrupt=0 failed=false
[525/1250] django_17831_17920__bare_composer__s4 n=14 done=9 lost=0 blk=5 corrupt=0 failed=false
[526/1250] django_20282_20286__steward__s0 n=21 done=20 lost=0 blk=1 corrupt=0 failed=false
[527/1250] django_20282_20286__file_lock__s0 n=21 done=21 lost=0 blk=0 corrupt=0 failed=false
[528/1250] django_20282_20286__occ__s0 n=21 done=21 lost=0 blk=0 corrupt=0 failed=false
[529/1250] django_20282_20286__git_three_way__s0 n=21 done=21 lost=0 blk=0 corrupt=0 failed=false
[530/1250] django_20282_20286__bare_composer__s0 n=21 done=20 lost=0 blk=1 corrupt=0 failed=false
[531/1250] django_20282_20286__file_lock__s1 n=21 done=21 lost=0 blk=0 corrupt=0 failed=false
[532/1250] django_20282_20286__steward__s1 n=21 done=20 lost=0 blk=1 corrupt=0 failed=false
[533/1250] django_20282_20286__occ__s1 n=21 done=21 lost=0 blk=0 corrupt=0 failed=false
[534/1250] django_20282_20286__git_three_way__s1 n=21 done=21 lost=0 blk=0 corrupt=0 failed=false
[535/1250] django_20282_20286__bare_composer__s1 n=21 done=20 lost=0 blk=1 corrupt=0 failed=false
[536/1250] django_20282_20286__file_lock__s2 n=21 done=21 lost=0 blk=0 corrupt=0 failed=false
[537/1250] django_20282_20286__steward__s2 n=21 done=20 lost=0 blk=1 corrupt=0 failed=false
[538/1250] django_20282_20286__occ__s2 n=21 done=21 lost=0 blk=0 corrupt=0 failed=false
[539/1250] django_20282_20286__git_three_way__s2 n=21 done=21 lost=0 blk=0 corrupt=0 failed=false
[540/1250] django_20282_20286__bare_composer__s2 n=21 done=20 lost=0 blk=1 corrupt=0 failed=false
[541/1250] django_20282_20286__steward__s3 n=21 done=20 lost=0 blk=1 corrupt=0 failed=false
[542/1250] django_20282_20286__file_lock__s3 n=21 done=21 lost=0 blk=0 corrupt=0 failed=false
[543/1250] django_20282_20286__occ__s3 n=21 done=21 lost=0 blk=0 corrupt=0 failed=false
[544/1250] django_20282_20286__git_three_way__s3 n=21 done=21 lost=0 blk=0 corrupt=0 failed=false
[545/1250] django_20282_20286__bare_composer__s3 n=21 done=20 lost=0 blk=1 corrupt=0 failed=false
[546/1250] django_20282_20286__file_lock__s4 n=21 done=21 lost=0 blk=0 corrupt=0 failed=false
[547/1250] django_20282_20286__steward__s4 n=21 done=20 lost=0 blk=1 corrupt=0 failed=false
[548/1250] django_20282_20286__occ__s4 n=21 done=21 lost=0 blk=0 corrupt=0 failed=false
[549/1250] django_20282_20286__git_three_way__s4 n=21 done=21 lost=0 blk=0 corrupt=0 failed=false
[550/1250] django_20282_20286__bare_composer__s4 n=21 done=20 lost=0 blk=1 corrupt=0 failed=false
[551/1250] django_20045_20065__steward__s0 n=24 done=24 lost=0 blk=0 corrupt=0 failed=false
[552/1250] django_20045_20065__file_lock__s0 n=24 done=24 lost=0 blk=0 corrupt=0 failed=false
[553/1250] django_20045_20065__occ__s0 n=24 done=24 lost=0 blk=0 corrupt=0 failed=false
[554/1250] django_20045_20065__git_three_way__s0 n=24 done=24 lost=0 blk=0 corrupt=0 failed=false
[555/1250] django_20045_20065__bare_composer__s0 n=24 done=24 lost=0 blk=0 corrupt=0 failed=false
[556/1250] django_20045_20065__file_lock__s1 n=24 done=24 lost=0 blk=0 corrupt=0 failed=false
[557/1250] django_20045_20065__occ__s1 n=24 done=24 lost=0 blk=0 corrupt=0 failed=false
[558/1250] django_20045_20065__steward__s1 n=24 done=24 lost=0 blk=0 corrupt=0 failed=false
[559/1250] django_20045_20065__git_three_way__s1 n=24 done=24 lost=0 blk=0 corrupt=0 failed=false
[560/1250] django_20045_20065__bare_composer__s1 n=24 done=24 lost=0 blk=0 corrupt=0 failed=false
[561/1250] django_20045_20065__steward__s2 n=24 done=24 lost=0 blk=0 corrupt=0 failed=false
[562/1250] django_20045_20065__file_lock__s2 n=24 done=24 lost=0 blk=0 corrupt=0 failed=false
[563/1250] django_20045_20065__occ__s2 n=24 done=24 lost=0 blk=0 corrupt=0 failed=false
[564/1250] django_20045_20065__git_three_way__s2 n=24 done=24 lost=0 blk=0 corrupt=0 failed=false
[565/1250] django_20045_20065__bare_composer__s2 n=24 done=24 lost=0 blk=0 corrupt=0 failed=false
[566/1250] django_20045_20065__file_lock__s3 n=24 done=24 lost=0 blk=0 corrupt=0 failed=false
[567/1250] django_20045_20065__steward__s3 n=24 done=24 lost=0 blk=0 corrupt=0 failed=false
[568/1250] django_20045_20065__occ__s3 n=24 done=24 lost=0 blk=0 corrupt=0 failed=false
[569/1250] django_20045_20065__git_three_way__s3 n=24 done=24 lost=0 blk=0 corrupt=0 failed=false
[570/1250] django_20045_20065__bare_composer__s3 n=24 done=23 lost=0 blk=1 corrupt=0 failed=false
[571/1250] django_20045_20065__file_lock__s4 n=24 done=24 lost=0 blk=0 corrupt=0 failed=false
[572/1250] django_20045_20065__steward__s4 n=24 done=24 lost=0 blk=0 corrupt=0 failed=false
[573/1250] django_20045_20065__occ__s4 n=24 done=24 lost=0 blk=0 corrupt=0 failed=false
[574/1250] django_20045_20065__git_three_way__s4 n=24 done=24 lost=0 blk=0 corrupt=0 failed=false
[575/1250] django_20045_20065__bare_composer__s4 n=24 done=24 lost=0 blk=0 corrupt=0 failed=false
[576/1250] django_19602_19685__file_lock__s0 n=11 done=11 lost=0 blk=0 corrupt=0 failed=false
[577/1250] django_19602_19685__steward__s0 n=11 done=11 lost=0 blk=0 corrupt=0 failed=false
[578/1250] django_19602_19685__occ__s0 n=11 done=11 lost=0 blk=0 corrupt=0 failed=false
[579/1250] django_19602_19685__git_three_way__s0 n=11 done=11 lost=0 blk=0 corrupt=0 failed=false
[580/1250] django_19602_19685__bare_composer__s0 n=11 done=11 lost=0 blk=0 corrupt=0 failed=false
[581/1250] django_19602_19685__steward__s1 n=11 done=9 lost=0 blk=2 corrupt=0 failed=false
[582/1250] django_19602_19685__file_lock__s1 n=11 done=11 lost=0 blk=0 corrupt=0 failed=false
[583/1250] django_19602_19685__occ__s1 n=11 done=11 lost=0 blk=0 corrupt=0 failed=false
[584/1250] django_19602_19685__git_three_way__s1 n=11 done=11 lost=0 blk=0 corrupt=0 failed=false
[585/1250] django_19602_19685__bare_composer__s1 n=11 done=11 lost=0 blk=0 corrupt=0 failed=false
[586/1250] django_19602_19685__steward__s2 n=11 done=11 lost=0 blk=0 corrupt=0 failed=false
[587/1250] django_19602_19685__file_lock__s2 n=11 done=11 lost=0 blk=0 corrupt=0 failed=false
[588/1250] django_19602_19685__occ__s2 n=11 done=11 lost=0 blk=0 corrupt=0 failed=false
[589/1250] django_19602_19685__git_three_way__s2 n=11 done=11 lost=0 blk=0 corrupt=0 failed=false
[590/1250] django_19602_19685__bare_composer__s2 n=11 done=11 lost=0 blk=0 corrupt=0 failed=false
[591/1250] django_19602_19685__file_lock__s3 n=11 done=11 lost=0 blk=0 corrupt=0 failed=false
[592/1250] django_19602_19685__steward__s3 n=11 done=11 lost=0 blk=0 corrupt=0 failed=false
[593/1250] django_19602_19685__occ__s3 n=11 done=11 lost=0 blk=0 corrupt=0 failed=false
[594/1250] django_19602_19685__git_three_way__s3 n=11 done=11 lost=0 blk=0 corrupt=0 failed=false
[595/1250] django_19602_19685__bare_composer__s3 n=11 done=11 lost=0 blk=0 corrupt=0 failed=false
[596/1250] django_19602_19685__steward__s4 n=11 done=11 lost=0 blk=0 corrupt=0 failed=false
[597/1250] django_19602_19685__file_lock__s4 n=11 done=11 lost=0 blk=0 corrupt=0 failed=false
[598/1250] django_19602_19685__occ__s4 n=11 done=11 lost=0 blk=0 corrupt=0 failed=false
[599/1250] django_19602_19685__git_three_way__s4 n=11 done=11 lost=0 blk=0 corrupt=0 failed=false
[600/1250] django_19794_19873__file_lock__s0 n=11 done=11 lost=0 blk=0 corrupt=0 failed=false
[601/1250] django_19602_19685__bare_composer__s4 n=11 done=11 lost=0 blk=0 corrupt=0 failed=false
[602/1250] django_19794_19873__steward__s0 n=11 done=11 lost=0 blk=0 corrupt=0 failed=false
[603/1250] django_19794_19873__occ__s0 n=11 done=11 lost=0 blk=0 corrupt=0 failed=false
[604/1250] django_19794_19873__git_three_way__s0 n=11 done=11 lost=0 blk=0 corrupt=0 failed=false
[605/1250] django_19794_19873__bare_composer__s0 n=11 done=10 lost=0 blk=1 corrupt=0 failed=false
[606/1250] django_19794_19873__steward__s1 n=11 done=11 lost=0 blk=0 corrupt=0 failed=false
[607/1250] django_19794_19873__file_lock__s1 n=11 done=11 lost=0 blk=0 corrupt=0 failed=false
[608/1250] django_19794_19873__occ__s1 n=11 done=11 lost=0 blk=0 corrupt=0 failed=false
[609/1250] django_19794_19873__git_three_way__s1 n=11 done=11 lost=0 blk=0 corrupt=0 failed=false
[610/1250] django_19794_19873__bare_composer__s1 n=11 done=11 lost=0 blk=0 corrupt=0 failed=false
[611/1250] django_19794_19873__steward__s2 n=11 done=11 lost=0 blk=0 corrupt=0 failed=false
[612/1250] django_19794_19873__file_lock__s2 n=11 done=11 lost=0 blk=0 corrupt=0 failed=false
[613/1250] django_19794_19873__occ__s2 n=11 done=11 lost=0 blk=0 corrupt=0 failed=false
[614/1250] django_19794_19873__git_three_way__s2 n=11 done=11 lost=0 blk=0 corrupt=0 failed=false
[615/1250] django_19794_19873__bare_composer__s2 n=11 done=3 lost=0 blk=8 corrupt=0 failed=false
[616/1250] django_19794_19873__steward__s3 n=11 done=11 lost=0 blk=0 corrupt=0 failed=false
[617/1250] django_19794_19873__file_lock__s3 n=11 done=11 lost=0 blk=0 corrupt=0 failed=false
[618/1250] django_19794_19873__occ__s3 n=11 done=11 lost=0 blk=0 corrupt=0 failed=false
[619/1250] django_19794_19873__git_three_way__s3 n=11 done=11 lost=0 blk=0 corrupt=0 failed=false
[620/1250] django_19794_19873__bare_composer__s3 n=11 done=11 lost=0 blk=0 corrupt=0 failed=false
[621/1250] django_19794_19873__steward__s4 n=11 done=11 lost=0 blk=0 corrupt=0 failed=false
[622/1250] django_19794_19873__file_lock__s4 n=11 done=11 lost=0 blk=0 corrupt=0 failed=false
[623/1250] django_19794_19873__occ__s4 n=11 done=11 lost=0 blk=0 corrupt=0 failed=false
[624/1250] django_19794_19873__git_three_way__s4 n=11 done=11 lost=0 blk=0 corrupt=0 failed=false
[625/1250] django_19794_19873__bare_composer__s4 n=11 done=11 lost=0 blk=0 corrupt=0 failed=false
[626/1250] django_18127_18157__file_lock__s0 n=6 done=6 lost=0 blk=0 corrupt=0 failed=false
[627/1250] django_18127_18157__steward__s0 n=6 done=6 lost=0 blk=0 corrupt=0 failed=false
[628/1250] django_18127_18157__occ__s0 n=6 done=6 lost=0 blk=0 corrupt=0 failed=false
[629/1250] django_18127_18157__git_three_way__s0 n=6 done=6 lost=0 blk=0 corrupt=0 failed=false
[630/1250] django_18127_18157__bare_composer__s0 n=6 done=6 lost=0 blk=0 corrupt=0 failed=false
[631/1250] django_18127_18157__steward__s1 n=6 done=5 lost=0 blk=1 corrupt=0 failed=false
[632/1250] django_18127_18157__file_lock__s1 n=6 done=6 lost=0 blk=0 corrupt=0 failed=false
[633/1250] django_18127_18157__occ__s1 n=6 done=6 lost=0 blk=0 corrupt=0 failed=false
[634/1250] django_18127_18157__git_three_way__s1 n=6 done=6 lost=0 blk=0 corrupt=0 failed=false
[635/1250] django_18127_18157__bare_composer__s1 n=6 done=5 lost=0 blk=1 corrupt=0 failed=false
[636/1250] django_18127_18157__steward__s2 n=6 done=6 lost=0 blk=0 corrupt=0 failed=false
[637/1250] django_18127_18157__file_lock__s2 n=6 done=6 lost=0 blk=0 corrupt=0 failed=false
[638/1250] django_18127_18157__occ__s2 n=6 done=6 lost=0 blk=0 corrupt=0 failed=false
[639/1250] django_18127_18157__git_three_way__s2 n=6 done=6 lost=0 blk=0 corrupt=0 failed=false
[640/1250] django_18127_18157__bare_composer__s2 n=6 done=6 lost=0 blk=0 corrupt=0 failed=false
[641/1250] django_18127_18157__file_lock__s3 n=6 done=6 lost=0 blk=0 corrupt=0 failed=false
[642/1250] django_18127_18157__steward__s3 n=6 done=6 lost=0 blk=0 corrupt=0 failed=false
[643/1250] django_18127_18157__occ__s3 n=6 done=6 lost=0 blk=0 corrupt=0 failed=false
[644/1250] django_18127_18157__git_three_way__s3 n=6 done=6 lost=0 blk=0 corrupt=0 failed=false
[645/1250] django_18127_18157__bare_composer__s3 n=6 done=6 lost=0 blk=0 corrupt=0 failed=false
[646/1250] django_18127_18157__file_lock__s4 n=6 done=6 lost=0 blk=0 corrupt=0 failed=false
[647/1250] django_18127_18157__steward__s4 n=6 done=6 lost=0 blk=0 corrupt=0 failed=false
[648/1250] django_18127_18157__occ__s4 n=6 done=6 lost=0 blk=0 corrupt=0 failed=false
[649/1250] django_18127_18157__git_three_way__s4 n=6 done=6 lost=0 blk=0 corrupt=0 failed=false
[650/1250] django_18127_18157__bare_composer__s4 n=6 done=6 lost=0 blk=0 corrupt=0 failed=false
[651/1250] django_18293_18353__steward__s0 n=6 done=6 lost=0 blk=0 corrupt=0 failed=false
[652/1250] django_18293_18353__file_lock__s0 n=6 done=6 lost=0 blk=0 corrupt=0 failed=false
[653/1250] django_18293_18353__occ__s0 n=6 done=6 lost=0 blk=0 corrupt=0 failed=false
[654/1250] django_18293_18353__git_three_way__s0 n=6 done=4 lost=0 blk=2 corrupt=0 failed=false
[655/1250] django_18293_18353__bare_composer__s0 n=6 done=6 lost=0 blk=0 corrupt=0 failed=false
[656/1250] django_18293_18353__steward__s1 n=6 done=4 lost=0 blk=2 corrupt=0 failed=false
[657/1250] django_18293_18353__file_lock__s1 n=6 done=6 lost=0 blk=0 corrupt=0 failed=false
[658/1250] django_18293_18353__occ__s1 n=6 done=6 lost=0 blk=0 corrupt=0 failed=false
[659/1250] django_18293_18353__git_three_way__s1 n=6 done=6 lost=0 blk=0 corrupt=0 failed=false
[660/1250] django_18293_18353__bare_composer__s1 n=6 done=6 lost=0 blk=0 corrupt=0 failed=false
[661/1250] django_18293_18353__steward__s2 n=6 done=6 lost=0 blk=0 corrupt=0 failed=false
[662/1250] django_18293_18353__file_lock__s2 n=6 done=6 lost=0 blk=0 corrupt=0 failed=false
[663/1250] django_18293_18353__occ__s2 n=6 done=6 lost=0 blk=0 corrupt=0 failed=false
[664/1250] django_18293_18353__git_three_way__s2 n=6 done=6 lost=0 blk=0 corrupt=0 failed=false
[665/1250] django_18293_18353__bare_composer__s2 n=6 done=4 lost=0 blk=2 corrupt=0 failed=false
[666/1250] django_18293_18353__file_lock__s3 n=6 done=6 lost=0 blk=0 corrupt=0 failed=false
[667/1250] django_18293_18353__steward__s3 n=6 done=6 lost=0 blk=0 corrupt=0 failed=false
[668/1250] django_18293_18353__occ__s3 n=6 done=6 lost=0 blk=0 corrupt=0 failed=false
[669/1250] django_18293_18353__git_three_way__s3 n=6 done=6 lost=0 blk=0 corrupt=0 failed=false
[670/1250] django_18293_18353__bare_composer__s3 n=6 done=6 lost=0 blk=0 corrupt=0 failed=false
[671/1250] django_18293_18353__steward__s4 n=6 done=2 lost=0 blk=4 corrupt=0 failed=false
[672/1250] django_18293_18353__file_lock__s4 n=6 done=6 lost=0 blk=0 corrupt=0 failed=false
[673/1250] django_18293_18353__occ__s4 n=6 done=6 lost=0 blk=0 corrupt=0 failed=false
[674/1250] django_18293_18353__git_three_way__s4 n=6 done=2 lost=4 blk=0 corrupt=0 failed=true
[675/1250] django_18293_18353__bare_composer__s4 n=6 done=6 lost=0 blk=0 corrupt=0 failed=false
[676/1250] django_19190_19445__steward__s0 n=5 done=3 lost=0 blk=2 corrupt=0 failed=false
[677/1250] django_19190_19445__file_lock__s0 n=5 done=5 lost=0 blk=0 corrupt=0 failed=false
[678/1250] django_19190_19445__git_three_way__s0 n=5 done=5 lost=0 blk=0 corrupt=0 failed=false
[679/1250] django_19190_19445__occ__s0 n=5 done=5 lost=0 blk=0 corrupt=0 failed=false
[680/1250] django_19190_19445__bare_composer__s0 n=5 done=3 lost=0 blk=2 corrupt=0 failed=false
[681/1250] django_19190_19445__file_lock__s1 n=5 done=5 lost=0 blk=0 corrupt=0 failed=false
[682/1250] django_19190_19445__steward__s1 n=5 done=5 lost=0 blk=0 corrupt=0 failed=false
[683/1250] django_19190_19445__occ__s1 n=5 done=5 lost=0 blk=0 corrupt=0 failed=false
[684/1250] django_19190_19445__git_three_way__s1 n=5 done=5 lost=0 blk=0 corrupt=0 failed=false
[685/1250] django_19190_19445__bare_composer__s1 n=5 done=5 lost=0 blk=0 corrupt=0 failed=false
[686/1250] django_19190_19445__steward__s2 n=5 done=5 lost=0 blk=0 corrupt=0 failed=false
[687/1250] django_19190_19445__file_lock__s2 n=5 done=5 lost=0 blk=0 corrupt=0 failed=false
[688/1250] django_19190_19445__occ__s2 n=5 done=5 lost=0 blk=0 corrupt=0 failed=false
[689/1250] django_19190_19445__git_three_way__s2 n=5 done=5 lost=0 blk=0 corrupt=0 failed=false
[690/1250] django_19190_19445__bare_composer__s2 n=5 done=5 lost=0 blk=0 corrupt=0 failed=false
[691/1250] django_19190_19445__steward__s3 n=5 done=3 lost=0 blk=2 corrupt=0 failed=false
[692/1250] django_19190_19445__file_lock__s3 n=5 done=5 lost=0 blk=0 corrupt=0 failed=false
[693/1250] django_19190_19445__occ__s3 n=5 done=5 lost=0 blk=0 corrupt=0 failed=false
[694/1250] django_19190_19445__git_three_way__s3 n=5 done=5 lost=0 blk=0 corrupt=0 failed=false
[695/1250] django_19190_19445__bare_composer__s3 n=5 done=5 lost=0 blk=0 corrupt=0 failed=false
[696/1250] django_19190_19445__file_lock__s4 n=5 done=5 lost=0 blk=0 corrupt=0 failed=false
[697/1250] django_19190_19445__steward__s4 n=5 done=5 lost=0 blk=0 corrupt=0 failed=false
[698/1250] django_19190_19445__occ__s4 n=5 done=5 lost=0 blk=0 corrupt=0 failed=false
[699/1250] django_19190_19445__git_three_way__s4 n=5 done=5 lost=0 blk=0 corrupt=0 failed=false
[700/1250] django_19190_19445__bare_composer__s4 n=5 done=5 lost=0 blk=0 corrupt=0 failed=false
[701/1250] django_19011_19018__steward__s0 n=8 done=8 lost=0 blk=0 corrupt=0 failed=false
[702/1250] django_19011_19018__file_lock__s0 n=8 done=8 lost=0 blk=0 corrupt=0 failed=false
[703/1250] django_19011_19018__occ__s0 n=8 done=8 lost=0 blk=0 corrupt=0 failed=false
[704/1250] django_19011_19018__git_three_way__s0 n=8 done=8 lost=0 blk=0 corrupt=0 failed=false
[705/1250] django_19011_19018__bare_composer__s0 n=8 done=5 lost=0 blk=3 corrupt=0 failed=false
[706/1250] django_19011_19018__steward__s1 n=8 done=8 lost=0 blk=0 corrupt=0 failed=false
[707/1250] django_19011_19018__file_lock__s1 n=8 done=8 lost=0 blk=0 corrupt=0 failed=false
[708/1250] django_19011_19018__occ__s1 n=8 done=8 lost=0 blk=0 corrupt=0 failed=false
[709/1250] django_19011_19018__git_three_way__s1 n=8 done=8 lost=0 blk=0 corrupt=0 failed=false
[710/1250] django_19011_19018__bare_composer__s1 n=8 done=5 lost=0 blk=3 corrupt=0 failed=false
[711/1250] django_19011_19018__file_lock__s2 n=8 done=8 lost=0 blk=0 corrupt=0 failed=false
[712/1250] django_19011_19018__steward__s2 n=8 done=8 lost=0 blk=0 corrupt=0 failed=false
[713/1250] django_19011_19018__occ__s2 n=8 done=8 lost=0 blk=0 corrupt=0 failed=false
[714/1250] django_19011_19018__git_three_way__s2 n=8 done=8 lost=0 blk=0 corrupt=0 failed=false
[715/1250] django_19011_19018__bare_composer__s2 n=8 done=5 lost=0 blk=3 corrupt=0 failed=false
[716/1250] django_19011_19018__steward__s3 n=8 done=8 lost=0 blk=0 corrupt=0 failed=false
[717/1250] django_19011_19018__file_lock__s3 n=8 done=8 lost=0 blk=0 corrupt=0 failed=false
[718/1250] django_19011_19018__occ__s3 n=8 done=8 lost=0 blk=0 corrupt=0 failed=false
[719/1250] django_19011_19018__git_three_way__s3 n=8 done=8 lost=0 blk=0 corrupt=0 failed=false
[720/1250] django_19011_19018__bare_composer__s3 n=8 done=8 lost=0 blk=0 corrupt=0 failed=false
[721/1250] django_19011_19018__steward__s4 n=8 done=8 lost=0 blk=0 corrupt=0 failed=false
[722/1250] django_19011_19018__file_lock__s4 n=8 done=8 lost=0 blk=0 corrupt=0 failed=false
[723/1250] django_19011_19018__occ__s4 n=8 done=8 lost=0 blk=0 corrupt=0 failed=false
[724/1250] django_19011_19018__git_three_way__s4 n=8 done=8 lost=0 blk=0 corrupt=0 failed=false
[725/1250] django_19011_19018__bare_composer__s4 n=8 done=8 lost=0 blk=0 corrupt=0 failed=false
[726/1250] django_19088_19113__file_lock__s0 n=11 done=11 lost=0 blk=0 corrupt=0 failed=false
[727/1250] django_19088_19113__steward__s0 n=11 done=11 lost=0 blk=0 corrupt=0 failed=false
[728/1250] django_19088_19113__occ__s0 n=11 done=11 lost=0 blk=0 corrupt=0 failed=false
[729/1250] django_19088_19113__git_three_way__s0 n=11 done=11 lost=0 blk=0 corrupt=0 failed=false
[730/1250] django_19088_19113__bare_composer__s0 n=11 done=11 lost=0 blk=0 corrupt=0 failed=false
[731/1250] django_19088_19113__steward__s1 n=11 done=11 lost=0 blk=0 corrupt=0 failed=false
[732/1250] django_19088_19113__file_lock__s1 n=11 done=11 lost=0 blk=0 corrupt=0 failed=false
[733/1250] django_19088_19113__occ__s1 n=11 done=11 lost=0 blk=0 corrupt=0 failed=false
[734/1250] django_19088_19113__git_three_way__s1 n=11 done=11 lost=0 blk=0 corrupt=0 failed=false
[735/1250] django_19088_19113__bare_composer__s1 n=11 done=11 lost=0 blk=0 corrupt=0 failed=false
[736/1250] django_19088_19113__steward__s2 n=11 done=11 lost=0 blk=0 corrupt=0 failed=false
[737/1250] django_19088_19113__file_lock__s2 n=11 done=11 lost=0 blk=0 corrupt=0 failed=false
[738/1250] django_19088_19113__occ__s2 n=11 done=11 lost=0 blk=0 corrupt=0 failed=false
[739/1250] django_19088_19113__git_three_way__s2 n=11 done=11 lost=0 blk=0 corrupt=0 failed=false
[740/1250] django_19088_19113__bare_composer__s2 n=11 done=11 lost=0 blk=0 corrupt=0 failed=false
[741/1250] django_19088_19113__file_lock__s3 n=11 done=11 lost=0 blk=0 corrupt=0 failed=false
[742/1250] django_19088_19113__steward__s3 n=11 done=11 lost=0 blk=0 corrupt=0 failed=false
[743/1250] django_19088_19113__occ__s3 n=11 done=11 lost=0 blk=0 corrupt=0 failed=false
[744/1250] django_19088_19113__git_three_way__s3 n=11 done=11 lost=0 blk=0 corrupt=0 failed=false
[745/1250] django_19088_19113__bare_composer__s3 n=11 done=11 lost=0 blk=0 corrupt=0 failed=false
[746/1250] django_19088_19113__steward__s4 n=11 done=11 lost=0 blk=0 corrupt=0 failed=false
[747/1250] django_19088_19113__file_lock__s4 n=11 done=11 lost=0 blk=0 corrupt=0 failed=false
[748/1250] django_19088_19113__occ__s4 n=11 done=11 lost=0 blk=0 corrupt=0 failed=false
[749/1250] django_19088_19113__git_three_way__s4 n=11 done=11 lost=0 blk=0 corrupt=0 failed=false
[750/1250] django_18909_19113__file_lock__s0 n=9 done=9 lost=0 blk=0 corrupt=0 failed=false
[751/1250] django_19088_19113__bare_composer__s4 n=11 done=11 lost=0 blk=0 corrupt=0 failed=false
[752/1250] django_18909_19113__steward__s0 n=9 done=7 lost=0 blk=2 corrupt=0 failed=false
[753/1250] django_18909_19113__occ__s0 n=9 done=9 lost=0 blk=0 corrupt=0 failed=false
[754/1250] django_18909_19113__git_three_way__s0 n=9 done=7 lost=0 blk=2 corrupt=0 failed=false
[755/1250] django_18909_19113__bare_composer__s0 n=9 done=9 lost=0 blk=0 corrupt=0 failed=false
[756/1250] django_18909_19113__file_lock__s1 n=9 done=9 lost=0 blk=0 corrupt=0 failed=false
[757/1250] django_18909_19113__steward__s1 n=9 done=7 lost=0 blk=2 corrupt=0 failed=false
[758/1250] django_18909_19113__occ__s1 n=9 done=9 lost=0 blk=0 corrupt=0 failed=false
[759/1250] django_18909_19113__git_three_way__s1 n=9 done=9 lost=0 blk=0 corrupt=0 failed=false
[760/1250] django_18909_19113__bare_composer__s1 n=9 done=7 lost=0 blk=2 corrupt=0 failed=false
[761/1250] django_18909_19113__steward__s2 n=9 done=7 lost=0 blk=2 corrupt=0 failed=false
[762/1250] django_18909_19113__file_lock__s2 n=9 done=9 lost=0 blk=0 corrupt=0 failed=false
[763/1250] django_18909_19113__occ__s2 n=9 done=9 lost=0 blk=0 corrupt=0 failed=false
[764/1250] django_18909_19113__git_three_way__s2 n=9 done=9 lost=0 blk=0 corrupt=0 failed=false
[765/1250] django_18909_19113__file_lock__s3 n=9 done=9 lost=0 blk=0 corrupt=0 failed=false
[766/1250] django_18909_19113__bare_composer__s2 n=9 done=7 lost=0 blk=2 corrupt=0 failed=false
[767/1250] django_18909_19113__steward__s3 n=9 done=9 lost=0 blk=0 corrupt=0 failed=false
[768/1250] django_18909_19113__occ__s3 n=9 done=9 lost=0 blk=0 corrupt=0 failed=false
[769/1250] django_18909_19113__git_three_way__s3 n=9 done=9 lost=0 blk=0 corrupt=0 failed=false
[770/1250] django_18909_19113__bare_composer__s3 n=9 done=9 lost=0 blk=0 corrupt=0 failed=false
[771/1250] django_18909_19113__file_lock__s4 n=9 done=9 lost=0 blk=0 corrupt=0 failed=false
[772/1250] django_18909_19113__steward__s4 n=9 done=9 lost=0 blk=0 corrupt=0 failed=false
[773/1250] django_18909_19113__occ__s4 n=9 done=9 lost=0 blk=0 corrupt=0 failed=false
[774/1250] django_18909_19113__git_three_way__s4 n=9 done=9 lost=0 blk=0 corrupt=0 failed=false
[775/1250] django_18909_19113__bare_composer__s4 n=9 done=7 lost=0 blk=2 corrupt=0 failed=false
[776/1250] django_16703_17730__steward__s0 n=43 done=43 lost=0 blk=0 corrupt=0 failed=false
[777/1250] django_16703_17730__file_lock__s0 n=43 done=43 lost=0 blk=0 corrupt=0 failed=false
[778/1250] django_16703_17730__occ__s0 n=43 done=43 lost=0 blk=0 corrupt=0 failed=false
[779/1250] django_16703_17730__git_three_way__s0 n=43 done=43 lost=0 blk=0 corrupt=0 failed=false
[780/1250] django_16703_17730__bare_composer__s0 n=43 done=43 lost=0 blk=0 corrupt=0 failed=false
[781/1250] django_16703_17730__steward__s1 n=43 done=43 lost=0 blk=0 corrupt=0 failed=false
[782/1250] django_16703_17730__file_lock__s1 n=43 done=43 lost=0 blk=0 corrupt=0 failed=false
[783/1250] django_16703_17730__git_three_way__s1 n=43 done=43 lost=0 blk=0 corrupt=0 failed=false
[784/1250] django_16703_17730__occ__s1 n=43 done=43 lost=0 blk=0 corrupt=0 failed=false
[785/1250] django_16703_17730__bare_composer__s1 n=43 done=43 lost=0 blk=0 corrupt=0 failed=false
[786/1250] django_16703_17730__file_lock__s2 n=43 done=43 lost=0 blk=0 corrupt=0 failed=false
[787/1250] django_16703_17730__steward__s2 n=43 done=43 lost=0 blk=0 corrupt=0 failed=false
[788/1250] django_16703_17730__occ__s2 n=43 done=43 lost=0 blk=0 corrupt=0 failed=false
[789/1250] django_16703_17730__git_three_way__s2 n=43 done=43 lost=0 blk=0 corrupt=0 failed=false
[790/1250] django_16703_17730__bare_composer__s2 n=43 done=43 lost=0 blk=0 corrupt=0 failed=false
[791/1250] django_16703_17730__steward__s3 n=43 done=43 lost=0 blk=0 corrupt=0 failed=false
[792/1250] django_16703_17730__file_lock__s3 n=43 done=43 lost=0 blk=0 corrupt=0 failed=false
[793/1250] django_16703_17730__occ__s3 n=43 done=43 lost=0 blk=0 corrupt=0 failed=false
[794/1250] django_16703_17730__git_three_way__s3 n=43 done=43 lost=0 blk=0 corrupt=0 failed=false
[795/1250] django_16703_17730__file_lock__s4 n=43 done=43 lost=0 blk=0 corrupt=0 failed=false
[796/1250] django_16703_17730__bare_composer__s3 n=43 done=42 lost=0 blk=1 corrupt=0 failed=false
[797/1250] django_16703_17730__steward__s4 n=43 done=43 lost=0 blk=0 corrupt=0 failed=false
[798/1250] django_16703_17730__occ__s4 n=43 done=43 lost=0 blk=0 corrupt=0 failed=false
[799/1250] django_16703_17730__git_three_way__s4 n=43 done=43 lost=0 blk=0 corrupt=0 failed=false
[800/1250] django_16703_17730__bare_composer__s4 n=43 done=43 lost=0 blk=0 corrupt=0 failed=false
[801/1250] django_17357_17702__file_lock__s0 n=12 done=12 lost=0 blk=0 corrupt=0 failed=false
[802/1250] django_17357_17702__occ__s0 n=12 done=12 lost=0 blk=0 corrupt=0 failed=false
[803/1250] django_17357_17702__steward__s0 n=12 done=12 lost=0 blk=0 corrupt=0 failed=false
[804/1250] django_17357_17702__git_three_way__s0 n=12 done=11 lost=0 blk=1 corrupt=0 failed=false
[805/1250] django_17357_17702__bare_composer__s0 n=12 done=11 lost=0 blk=1 corrupt=0 failed=false
[806/1250] django_17357_17702__steward__s1 n=12 done=12 lost=0 blk=0 corrupt=0 failed=false
[807/1250] django_17357_17702__file_lock__s1 n=12 done=12 lost=0 blk=0 corrupt=0 failed=false
[808/1250] django_17357_17702__occ__s1 n=12 done=12 lost=0 blk=0 corrupt=0 failed=false
[809/1250] django_17357_17702__git_three_way__s1 n=12 done=12 lost=0 blk=0 corrupt=0 failed=false
[810/1250] django_17357_17702__bare_composer__s1 n=12 done=12 lost=0 blk=0 corrupt=0 failed=false
[811/1250] django_17357_17702__steward__s2 n=12 done=12 lost=0 blk=0 corrupt=0 failed=false
[812/1250] django_17357_17702__file_lock__s2 n=12 done=12 lost=0 blk=0 corrupt=0 failed=false
[813/1250] django_17357_17702__occ__s2 n=12 done=12 lost=0 blk=0 corrupt=0 failed=false
[814/1250] django_17357_17702__git_three_way__s2 n=12 done=12 lost=0 blk=0 corrupt=0 failed=false
[815/1250] django_17357_17702__bare_composer__s2 n=12 done=12 lost=0 blk=0 corrupt=0 failed=false
[816/1250] django_17357_17702__file_lock__s3 n=12 done=12 lost=0 blk=0 corrupt=0 failed=false
[817/1250] django_17357_17702__steward__s3 n=12 done=12 lost=0 blk=0 corrupt=0 failed=false
[818/1250] django_17357_17702__occ__s3 n=12 done=12 lost=0 blk=0 corrupt=0 failed=false
[819/1250] django_17357_17702__git_three_way__s3 n=12 done=11 lost=0 blk=1 corrupt=0 failed=false
[820/1250] django_17357_17702__bare_composer__s3 n=12 done=12 lost=0 blk=0 corrupt=0 failed=false
[821/1250] django_17357_17702__steward__s4 n=12 done=12 lost=0 blk=0 corrupt=0 failed=false
[822/1250] django_17357_17702__file_lock__s4 n=12 done=12 lost=0 blk=0 corrupt=0 failed=false
[823/1250] django_17357_17702__occ__s4 n=12 done=12 lost=0 blk=0 corrupt=0 failed=false
[824/1250] django_17357_17702__git_three_way__s4 n=12 done=12 lost=0 blk=0 corrupt=0 failed=false
[825/1250] django_19187_19531__file_lock__s0 n=7 done=7 lost=0 blk=0 corrupt=0 failed=false
[826/1250] django_17357_17702__bare_composer__s4 n=12 done=12 lost=0 blk=0 corrupt=0 failed=false
[827/1250] django_19187_19531__steward__s0 n=7 done=6 lost=0 blk=1 corrupt=0 failed=false
[828/1250] django_19187_19531__occ__s0 n=7 done=7 lost=0 blk=0 corrupt=0 failed=false
[829/1250] django_19187_19531__git_three_way__s0 n=7 done=6 lost=0 blk=1 corrupt=0 failed=false
[830/1250] django_19187_19531__bare_composer__s0 n=7 done=6 lost=0 blk=1 corrupt=0 failed=false
[831/1250] django_19187_19531__file_lock__s1 n=7 done=7 lost=0 blk=0 corrupt=0 failed=false
[832/1250] django_19187_19531__steward__s1 n=7 done=6 lost=0 blk=1 corrupt=0 failed=false
[833/1250] django_19187_19531__occ__s1 n=7 done=7 lost=0 blk=0 corrupt=0 failed=false
[834/1250] django_19187_19531__git_three_way__s1 n=7 done=6 lost=1 blk=0 corrupt=0 failed=true
[835/1250] django_19187_19531__bare_composer__s1 n=7 done=6 lost=0 blk=1 corrupt=0 failed=false
[836/1250] django_19187_19531__steward__s2 n=7 done=6 lost=0 blk=1 corrupt=0 failed=false
[837/1250] django_19187_19531__file_lock__s2 n=7 done=7 lost=0 blk=0 corrupt=0 failed=false
[838/1250] django_19187_19531__occ__s2 n=7 done=7 lost=0 blk=0 corrupt=0 failed=false
[839/1250] django_19187_19531__git_three_way__s2 n=7 done=7 lost=0 blk=0 corrupt=0 failed=false
[840/1250] django_19187_19531__bare_composer__s2 n=7 done=6 lost=0 blk=1 corrupt=0 failed=false
[841/1250] django_19187_19531__steward__s3 n=7 done=6 lost=0 blk=1 corrupt=0 failed=false
[842/1250] django_19187_19531__file_lock__s3 n=7 done=7 lost=0 blk=0 corrupt=0 failed=false
[843/1250] django_19187_19531__occ__s3 n=7 done=7 lost=0 blk=0 corrupt=0 failed=false
[844/1250] django_19187_19531__git_three_way__s3 n=7 done=7 lost=0 blk=0 corrupt=0 failed=false
[845/1250] django_19187_19531__bare_composer__s3 n=7 done=6 lost=0 blk=1 corrupt=0 failed=false
[846/1250] django_19187_19531__file_lock__s4 n=7 done=7 lost=0 blk=0 corrupt=0 failed=false
[847/1250] django_19187_19531__steward__s4 n=7 done=1 lost=0 blk=6 corrupt=0 failed=false
[848/1250] django_19187_19531__occ__s4 n=7 done=7 lost=0 blk=0 corrupt=0 failed=false
[849/1250] django_19187_19531__git_three_way__s4 n=7 done=1 lost=0 blk=6 corrupt=0 failed=false
[850/1250] django_19187_19531__bare_composer__s4 n=7 done=6 lost=0 blk=1 corrupt=0 failed=false
[851/1250] django_16703_17893__steward__s0 n=55 done=55 lost=0 blk=0 corrupt=0 failed=false
[852/1250] django_16703_17893__file_lock__s0 n=55 done=55 lost=0 blk=0 corrupt=0 failed=false
[853/1250] django_16703_17893__occ__s0 n=55 done=55 lost=0 blk=0 corrupt=0 failed=false
[854/1250] django_16703_17893__git_three_way__s0 n=55 done=55 lost=0 blk=0 corrupt=0 failed=false
[855/1250] django_16703_17893__bare_composer__s0 n=55 done=54 lost=0 blk=1 corrupt=0 failed=false
[856/1250] django_16703_17893__steward__s1 n=55 done=54 lost=0 blk=1 corrupt=0 failed=false
[857/1250] django_16703_17893__file_lock__s1 n=55 done=55 lost=0 blk=0 corrupt=0 failed=false
[858/1250] django_16703_17893__occ__s1 n=55 done=55 lost=0 blk=0 corrupt=0 failed=false
[859/1250] django_16703_17893__git_three_way__s1 n=55 done=55 lost=0 blk=0 corrupt=0 failed=false
[860/1250] django_16703_17893__bare_composer__s1 n=55 done=54 lost=0 blk=1 corrupt=0 failed=false
[861/1250] django_16703_17893__steward__s2 n=55 done=53 lost=0 blk=2 corrupt=0 failed=false
[862/1250] django_16703_17893__file_lock__s2 n=55 done=55 lost=0 blk=0 corrupt=0 failed=false
[863/1250] django_16703_17893__occ__s2 n=55 done=55 lost=0 blk=0 corrupt=0 failed=false
[864/1250] django_16703_17893__git_three_way__s2 n=55 done=55 lost=0 blk=0 corrupt=0 failed=false
[865/1250] django_16703_17893__bare_composer__s2 n=55 done=55 lost=0 blk=0 corrupt=0 failed=false
[866/1250] django_16703_17893__file_lock__s3 n=55 done=55 lost=0 blk=0 corrupt=0 failed=false
[867/1250] django_16703_17893__steward__s3 n=55 done=55 lost=0 blk=0 corrupt=0 failed=false
[868/1250] django_16703_17893__occ__s3 n=55 done=55 lost=0 blk=0 corrupt=0 failed=false
[869/1250] django_16703_17893__git_three_way__s3 n=55 done=55 lost=0 blk=0 corrupt=0 failed=false
[870/1250] django_16703_17893__bare_composer__s3 n=55 done=55 lost=0 blk=0 corrupt=0 failed=false
[871/1250] django_16703_17893__steward__s4 n=55 done=55 lost=0 blk=0 corrupt=0 failed=false
[872/1250] django_16703_17893__file_lock__s4 n=55 done=55 lost=0 blk=0 corrupt=0 failed=false
[873/1250] django_16703_17893__occ__s4 n=55 done=55 lost=0 blk=0 corrupt=0 failed=false
[874/1250] django_16703_17893__git_three_way__s4 n=55 done=55 lost=0 blk=0 corrupt=0 failed=false
[875/1250] django_19244_19245__file_lock__s0 n=7 done=7 lost=0 blk=0 corrupt=0 failed=false
[876/1250] django_19244_19245__steward__s0 n=7 done=7 lost=0 blk=0 corrupt=0 failed=false
[877/1250] django_16703_17893__bare_composer__s4 n=55 done=55 lost=0 blk=0 corrupt=0 failed=false
[878/1250] django_19244_19245__occ__s0 n=7 done=7 lost=0 blk=0 corrupt=0 failed=false
[879/1250] django_19244_19245__git_three_way__s0 n=7 done=7 lost=0 blk=0 corrupt=0 failed=false
[880/1250] django_19244_19245__bare_composer__s0 n=7 done=7 lost=0 blk=0 corrupt=0 failed=false
[881/1250] django_19244_19245__file_lock__s1 n=7 done=7 lost=0 blk=0 corrupt=0 failed=false
[882/1250] django_19244_19245__occ__s1 n=7 done=7 lost=0 blk=0 corrupt=0 failed=false
[883/1250] django_19244_19245__steward__s1 n=7 done=7 lost=0 blk=0 corrupt=0 failed=false
[884/1250] django_19244_19245__git_three_way__s1 n=7 done=7 lost=0 blk=0 corrupt=0 failed=false
[885/1250] django_19244_19245__bare_composer__s1 n=7 done=3 lost=0 blk=4 corrupt=0 failed=false
[886/1250] django_19244_19245__steward__s2 n=7 done=7 lost=0 blk=0 corrupt=0 failed=false
[887/1250] django_19244_19245__file_lock__s2 n=7 done=7 lost=0 blk=0 corrupt=0 failed=false
[888/1250] django_19244_19245__occ__s2 n=7 done=7 lost=0 blk=0 corrupt=0 failed=false
[889/1250] django_19244_19245__git_three_way__s2 n=7 done=7 lost=0 blk=0 corrupt=0 failed=false
[890/1250] django_19244_19245__bare_composer__s2 n=7 done=3 lost=0 blk=4 corrupt=0 failed=false
[891/1250] django_19244_19245__file_lock__s3 n=7 done=7 lost=0 blk=0 corrupt=0 failed=false
[892/1250] django_19244_19245__steward__s3 n=7 done=7 lost=0 blk=0 corrupt=0 failed=false
[893/1250] django_19244_19245__occ__s3 n=7 done=7 lost=0 blk=0 corrupt=0 failed=false
[894/1250] django_19244_19245__git_three_way__s3 n=7 done=7 lost=0 blk=0 corrupt=0 failed=false
[895/1250] django_19244_19245__bare_composer__s3 n=7 done=5 lost=0 blk=2 corrupt=0 failed=false
[896/1250] django_19244_19245__file_lock__s4 n=7 done=7 lost=0 blk=0 corrupt=0 failed=false
[897/1250] django_19244_19245__steward__s4 n=7 done=7 lost=0 blk=0 corrupt=0 failed=false
[898/1250] django_19244_19245__occ__s4 n=7 done=7 lost=0 blk=0 corrupt=0 failed=false
[899/1250] django_19244_19245__git_three_way__s4 n=7 done=7 lost=0 blk=0 corrupt=0 failed=false
[900/1250] django_19244_19245__bare_composer__s4 n=7 done=7 lost=0 blk=0 corrupt=0 failed=false
[901/1250] django_18209_18423__steward__s0 n=9 done=9 lost=0 blk=0 corrupt=0 failed=false
[902/1250] django_18209_18423__file_lock__s0 n=9 done=9 lost=0 blk=0 corrupt=0 failed=false
[903/1250] django_18209_18423__occ__s0 n=9 done=9 lost=0 blk=0 corrupt=0 failed=false
[904/1250] django_18209_18423__git_three_way__s0 n=9 done=9 lost=0 blk=0 corrupt=0 failed=false
[905/1250] django_18209_18423__bare_composer__s0 n=9 done=9 lost=0 blk=0 corrupt=0 failed=false
[906/1250] django_18209_18423__steward__s1 n=9 done=9 lost=0 blk=0 corrupt=0 failed=false
[907/1250] django_18209_18423__file_lock__s1 n=9 done=9 lost=0 blk=0 corrupt=0 failed=false
[908/1250] django_18209_18423__occ__s1 n=9 done=9 lost=0 blk=0 corrupt=0 failed=false
[909/1250] django_18209_18423__git_three_way__s1 n=9 done=9 lost=0 blk=0 corrupt=0 failed=false
[910/1250] django_18209_18423__bare_composer__s1 n=9 done=9 lost=0 blk=0 corrupt=0 failed=false
[911/1250] django_18209_18423__steward__s2 n=9 done=9 lost=0 blk=0 corrupt=0 failed=false
[912/1250] django_18209_18423__file_lock__s2 n=9 done=9 lost=0 blk=0 corrupt=0 failed=false
[913/1250] django_18209_18423__occ__s2 n=9 done=9 lost=0 blk=0 corrupt=0 failed=false
[914/1250] django_18209_18423__git_three_way__s2 n=9 done=9 lost=0 blk=0 corrupt=0 failed=false
[915/1250] django_18209_18423__bare_composer__s2 n=9 done=9 lost=0 blk=0 corrupt=0 failed=false
[916/1250] django_18209_18423__steward__s3 n=9 done=9 lost=0 blk=0 corrupt=0 failed=false
[917/1250] django_18209_18423__file_lock__s3 n=9 done=9 lost=0 blk=0 corrupt=0 failed=false
[918/1250] django_18209_18423__occ__s3 n=9 done=9 lost=0 blk=0 corrupt=0 failed=false
[919/1250] django_18209_18423__git_three_way__s3 n=9 done=9 lost=0 blk=0 corrupt=0 failed=false
[920/1250] django_18209_18423__bare_composer__s3 n=9 done=9 lost=0 blk=0 corrupt=0 failed=false
[921/1250] django_18209_18423__steward__s4 n=9 done=9 lost=0 blk=0 corrupt=0 failed=false
[922/1250] django_18209_18423__file_lock__s4 n=9 done=9 lost=0 blk=0 corrupt=0 failed=false
[923/1250] django_18209_18423__occ__s4 n=9 done=9 lost=0 blk=0 corrupt=0 failed=false
[924/1250] django_18209_18423__git_three_way__s4 n=9 done=9 lost=0 blk=0 corrupt=0 failed=false
[925/1250] django_18209_18423__bare_composer__s4 n=9 done=9 lost=0 blk=0 corrupt=0 failed=false
[926/1250] django_20362_20369__steward__s0 n=14 done=14 lost=0 blk=0 corrupt=0 failed=false
[927/1250] django_20362_20369__file_lock__s0 n=14 done=14 lost=0 blk=0 corrupt=0 failed=false
[928/1250] django_20362_20369__occ__s0 n=14 done=14 lost=0 blk=0 corrupt=0 failed=false
[929/1250] django_20362_20369__git_three_way__s0 n=14 done=14 lost=0 blk=0 corrupt=0 failed=false
[930/1250] django_20362_20369__bare_composer__s0 n=14 done=14 lost=0 blk=0 corrupt=0 failed=false
[931/1250] django_20362_20369__steward__s1 n=14 done=14 lost=0 blk=0 corrupt=0 failed=false
[932/1250] django_20362_20369__file_lock__s1 n=14 done=14 lost=0 blk=0 corrupt=0 failed=false
[933/1250] django_20362_20369__occ__s1 n=14 done=14 lost=0 blk=0 corrupt=0 failed=false
[934/1250] django_20362_20369__git_three_way__s1 n=14 done=14 lost=0 blk=0 corrupt=0 failed=false
[935/1250] django_20362_20369__bare_composer__s1 n=14 done=14 lost=0 blk=0 corrupt=0 failed=false
[936/1250] django_20362_20369__steward__s2 n=14 done=14 lost=0 blk=0 corrupt=0 failed=false
[937/1250] django_20362_20369__file_lock__s2 n=14 done=14 lost=0 blk=0 corrupt=0 failed=false
[938/1250] django_20362_20369__occ__s2 n=14 done=14 lost=0 blk=0 corrupt=0 failed=false
[939/1250] django_20362_20369__git_three_way__s2 n=14 done=13 lost=0 blk=1 corrupt=0 failed=false
[940/1250] django_20362_20369__bare_composer__s2 n=14 done=13 lost=0 blk=1 corrupt=0 failed=false
[941/1250] django_20362_20369__file_lock__s3 n=14 done=14 lost=0 blk=0 corrupt=0 failed=false
[942/1250] django_20362_20369__steward__s3 n=14 done=14 lost=0 blk=0 corrupt=0 failed=false
[943/1250] django_20362_20369__occ__s3 n=14 done=14 lost=0 blk=0 corrupt=0 failed=false
[944/1250] django_20362_20369__git_three_way__s3 n=14 done=14 lost=0 blk=0 corrupt=0 failed=false
[945/1250] django_20362_20369__bare_composer__s3 n=14 done=14 lost=0 blk=0 corrupt=0 failed=false
[946/1250] django_20362_20369__steward__s4 n=14 done=14 lost=0 blk=0 corrupt=0 failed=false
[947/1250] django_20362_20369__file_lock__s4 n=14 done=14 lost=0 blk=0 corrupt=0 failed=false
[948/1250] django_20362_20369__occ__s4 n=14 done=14 lost=0 blk=0 corrupt=0 failed=false
[949/1250] django_20362_20369__git_three_way__s4 n=14 done=14 lost=0 blk=0 corrupt=0 failed=false
[950/1250] django_20362_20369__bare_composer__s4 n=14 done=14 lost=0 blk=0 corrupt=0 failed=false
[951/1250] django_17885_17888__steward__s0 n=7 done=7 lost=0 blk=0 corrupt=0 failed=false
[952/1250] django_17885_17888__file_lock__s0 n=7 done=7 lost=0 blk=0 corrupt=0 failed=false
[953/1250] django_17885_17888__occ__s0 n=7 done=7 lost=0 blk=0 corrupt=0 failed=false
[954/1250] django_17885_17888__git_three_way__s0 n=7 done=7 lost=0 blk=0 corrupt=0 failed=false
[955/1250] django_17885_17888__bare_composer__s0 n=7 done=5 lost=0 blk=2 corrupt=0 failed=false
[956/1250] django_17885_17888__file_lock__s1 n=7 done=7 lost=0 blk=0 corrupt=0 failed=false
[957/1250] django_17885_17888__occ__s1 n=7 done=7 lost=0 blk=0 corrupt=0 failed=false
[958/1250] django_17885_17888__steward__s1 n=7 done=7 lost=0 blk=0 corrupt=0 failed=false
[959/1250] django_17885_17888__git_three_way__s1 n=7 done=7 lost=0 blk=0 corrupt=0 failed=false
[960/1250] django_17885_17888__bare_composer__s1 n=7 done=5 lost=0 blk=2 corrupt=0 failed=false
[961/1250] django_17885_17888__steward__s2 n=7 done=7 lost=0 blk=0 corrupt=0 failed=false
[962/1250] django_17885_17888__occ__s2 n=7 done=7 lost=0 blk=0 corrupt=0 failed=false
[963/1250] django_17885_17888__file_lock__s2 n=7 done=7 lost=0 blk=0 corrupt=0 failed=false
[964/1250] django_17885_17888__git_three_way__s2 n=7 done=7 lost=0 blk=0 corrupt=0 failed=false
[965/1250] django_17885_17888__bare_composer__s2 n=7 done=7 lost=0 blk=0 corrupt=0 failed=false
[966/1250] django_17885_17888__steward__s3 n=7 done=7 lost=0 blk=0 corrupt=0 failed=false
[967/1250] django_17885_17888__file_lock__s3 n=7 done=7 lost=0 blk=0 corrupt=0 failed=false
[968/1250] django_17885_17888__occ__s3 n=7 done=7 lost=0 blk=0 corrupt=0 failed=false
[969/1250] django_17885_17888__git_three_way__s3 n=7 done=7 lost=0 blk=0 corrupt=0 failed=false
[970/1250] django_17885_17888__bare_composer__s3 n=7 done=7 lost=0 blk=0 corrupt=0 failed=false
[971/1250] django_17885_17888__file_lock__s4 n=7 done=7 lost=0 blk=0 corrupt=0 failed=false
[972/1250] django_17885_17888__occ__s4 n=7 done=7 lost=0 blk=0 corrupt=0 failed=false
[973/1250] django_17885_17888__steward__s4 n=7 done=7 lost=0 blk=0 corrupt=0 failed=false
[974/1250] django_17885_17888__git_three_way__s4 n=7 done=7 lost=0 blk=0 corrupt=0 failed=false
[975/1250] django_17885_17888__bare_composer__s4 n=7 done=6 lost=0 blk=1 corrupt=0 failed=false
[976/1250] django_19042_19072__steward__s0 n=7 done=7 lost=0 blk=0 corrupt=0 failed=false
[977/1250] django_19042_19072__file_lock__s0 n=7 done=7 lost=0 blk=0 corrupt=0 failed=false
[978/1250] django_19042_19072__occ__s0 n=7 done=7 lost=0 blk=0 corrupt=0 failed=false
[979/1250] django_19042_19072__git_three_way__s0 n=7 done=7 lost=0 blk=0 corrupt=0 failed=false
[980/1250] django_19042_19072__bare_composer__s0 n=7 done=5 lost=0 blk=2 corrupt=0 failed=false
[981/1250] django_19042_19072__file_lock__s1 n=7 done=7 lost=0 blk=0 corrupt=0 failed=false
[982/1250] django_19042_19072__steward__s1 n=7 done=7 lost=0 blk=0 corrupt=0 failed=false
[983/1250] django_19042_19072__occ__s1 n=7 done=7 lost=0 blk=0 corrupt=0 failed=false
[984/1250] django_19042_19072__git_three_way__s1 n=7 done=7 lost=0 blk=0 corrupt=0 failed=false
[985/1250] django_19042_19072__bare_composer__s1 n=7 done=5 lost=0 blk=2 corrupt=0 failed=false
[986/1250] django_19042_19072__file_lock__s2 n=7 done=7 lost=0 blk=0 corrupt=0 failed=false
[987/1250] django_19042_19072__steward__s2 n=7 done=7 lost=0 blk=0 corrupt=0 failed=false
[988/1250] django_19042_19072__occ__s2 n=7 done=7 lost=0 blk=0 corrupt=0 failed=false
[989/1250] django_19042_19072__git_three_way__s2 n=7 done=7 lost=0 blk=0 corrupt=0 failed=false
[990/1250] django_19042_19072__bare_composer__s2 n=7 done=5 lost=0 blk=2 corrupt=0 failed=false
[991/1250] django_19042_19072__file_lock__s3 n=7 done=7 lost=0 blk=0 corrupt=0 failed=false
[992/1250] django_19042_19072__steward__s3 n=7 done=7 lost=0 blk=0 corrupt=0 failed=false
[993/1250] django_19042_19072__occ__s3 n=7 done=7 lost=0 blk=0 corrupt=0 failed=false
[994/1250] django_19042_19072__git_three_way__s3 n=7 done=7 lost=0 blk=0 corrupt=0 failed=false
[995/1250] django_19042_19072__bare_composer__s3 n=7 done=5 lost=0 blk=2 corrupt=0 failed=false
[996/1250] django_19042_19072__steward__s4 n=7 done=7 lost=0 blk=0 corrupt=0 failed=false
[997/1250] django_19042_19072__occ__s4 n=7 done=7 lost=0 blk=0 corrupt=0 failed=false
[998/1250] django_19042_19072__file_lock__s4 n=7 done=7 lost=0 blk=0 corrupt=0 failed=false
[999/1250] django_19042_19072__git_three_way__s4 n=7 done=7 lost=0 blk=0 corrupt=0 failed=false
[1000/1250] django_19042_19072__bare_composer__s4 n=7 done=7 lost=0 blk=0 corrupt=0 failed=false
[1001/1250] django_18485_18565__steward__s0 n=17 done=17 lost=0 blk=0 corrupt=0 failed=false
[1002/1250] django_18485_18565__file_lock__s0 n=17 done=17 lost=0 blk=0 corrupt=0 failed=false
[1003/1250] django_18485_18565__occ__s0 n=17 done=17 lost=0 blk=0 corrupt=0 failed=false
[1004/1250] django_18485_18565__git_three_way__s0 n=17 done=17 lost=0 blk=0 corrupt=0 failed=false
[1005/1250] django_18485_18565__bare_composer__s0 n=17 done=17 lost=0 blk=0 corrupt=0 failed=false
[1006/1250] django_18485_18565__file_lock__s1 n=17 done=17 lost=0 blk=0 corrupt=0 failed=false
[1007/1250] django_18485_18565__steward__s1 n=17 done=17 lost=0 blk=0 corrupt=0 failed=false
[1008/1250] django_18485_18565__occ__s1 n=17 done=17 lost=0 blk=0 corrupt=0 failed=false
[1009/1250] django_18485_18565__git_three_way__s1 n=17 done=17 lost=0 blk=0 corrupt=0 failed=false
[1010/1250] django_18485_18565__bare_composer__s1 n=17 done=17 lost=0 blk=0 corrupt=0 failed=false
[1011/1250] django_18485_18565__steward__s2 n=17 done=17 lost=0 blk=0 corrupt=0 failed=false
[1012/1250] django_18485_18565__file_lock__s2 n=17 done=17 lost=0 blk=0 corrupt=0 failed=false
[1013/1250] django_18485_18565__occ__s2 n=17 done=17 lost=0 blk=0 corrupt=0 failed=false
[1014/1250] django_18485_18565__git_three_way__s2 n=17 done=17 lost=0 blk=0 corrupt=0 failed=false
[1015/1250] django_18485_18565__bare_composer__s2 n=17 done=17 lost=0 blk=0 corrupt=0 failed=false
[1016/1250] django_18485_18565__steward__s3 n=17 done=16 lost=0 blk=1 corrupt=0 failed=false
[1017/1250] django_18485_18565__file_lock__s3 n=17 done=17 lost=0 blk=0 corrupt=0 failed=false
[1018/1250] django_18485_18565__occ__s3 n=17 done=17 lost=0 blk=0 corrupt=0 failed=false
[1019/1250] django_18485_18565__git_three_way__s3 n=17 done=17 lost=0 blk=0 corrupt=0 failed=false
[1020/1250] django_18485_18565__bare_composer__s3 n=17 done=16 lost=0 blk=1 corrupt=0 failed=false
[1021/1250] django_18485_18565__file_lock__s4 n=17 done=17 lost=0 blk=0 corrupt=0 failed=false
[1022/1250] django_18485_18565__steward__s4 n=17 done=17 lost=0 blk=0 corrupt=0 failed=false
[1023/1250] django_18485_18565__occ__s4 n=17 done=17 lost=0 blk=0 corrupt=0 failed=false
[1024/1250] django_18485_18565__git_three_way__s4 n=17 done=17 lost=0 blk=0 corrupt=0 failed=false
[1025/1250] django_18485_18565__bare_composer__s4 n=17 done=17 lost=0 blk=0 corrupt=0 failed=false
[1026/1250] django_19012_19382__steward__s0 n=7 done=7 lost=0 blk=0 corrupt=0 failed=false
[1027/1250] django_19012_19382__file_lock__s0 n=7 done=7 lost=0 blk=0 corrupt=0 failed=false
[1028/1250] django_19012_19382__occ__s0 n=7 done=7 lost=0 blk=0 corrupt=0 failed=false
[1029/1250] django_19012_19382__git_three_way__s0 n=7 done=7 lost=0 blk=0 corrupt=0 failed=false
[1030/1250] django_19012_19382__bare_composer__s0 n=7 done=7 lost=0 blk=0 corrupt=0 failed=false
[1031/1250] django_19012_19382__file_lock__s1 n=7 done=7 lost=0 blk=0 corrupt=0 failed=false
[1032/1250] django_19012_19382__steward__s1 n=7 done=7 lost=0 blk=0 corrupt=0 failed=false
[1033/1250] django_19012_19382__bare_composer__s1 n=7 done=3 lost=0 blk=4 corrupt=0 failed=false
[1034/1250] django_19012_19382__occ__s1 n=7 done=7 lost=0 blk=0 corrupt=0 failed=false
[1035/1250] django_19012_19382__git_three_way__s1 n=7 done=7 lost=0 blk=0 corrupt=0 failed=false
[1036/1250] django_19012_19382__file_lock__s2 n=7 done=7 lost=0 blk=0 corrupt=0 failed=false
[1037/1250] django_19012_19382__occ__s2 n=7 done=7 lost=0 blk=0 corrupt=0 failed=false
[1038/1250] django_19012_19382__steward__s2 n=7 done=7 lost=0 blk=0 corrupt=0 failed=false
[1039/1250] django_19012_19382__git_three_way__s2 n=7 done=7 lost=0 blk=0 corrupt=0 failed=false
[1040/1250] django_19012_19382__bare_composer__s2 n=7 done=3 lost=0 blk=4 corrupt=0 failed=false
[1041/1250] django_19012_19382__steward__s3 n=7 done=7 lost=0 blk=0 corrupt=0 failed=false
[1042/1250] django_19012_19382__file_lock__s3 n=7 done=7 lost=0 blk=0 corrupt=0 failed=false
[1043/1250] django_19012_19382__occ__s3 n=7 done=7 lost=0 blk=0 corrupt=0 failed=false
[1044/1250] django_19012_19382__git_three_way__s3 n=7 done=7 lost=0 blk=0 corrupt=0 failed=false
[1045/1250] django_19012_19382__bare_composer__s3 n=7 done=3 lost=0 blk=4 corrupt=0 failed=false
[1046/1250] django_19012_19382__steward__s4 n=7 done=7 lost=0 blk=0 corrupt=0 failed=false
[1047/1250] django_19012_19382__file_lock__s4 n=7 done=7 lost=0 blk=0 corrupt=0 failed=false
[1048/1250] django_19012_19382__occ__s4 n=7 done=7 lost=0 blk=0 corrupt=0 failed=false
[1049/1250] django_19012_19382__git_three_way__s4 n=7 done=7 lost=0 blk=0 corrupt=0 failed=false
[1050/1250] django_19012_19382__bare_composer__s4 n=7 done=7 lost=0 blk=0 corrupt=0 failed=false
[1051/1250] django_17831_17893__steward__s0 n=28 done=28 lost=0 blk=0 corrupt=0 failed=false
[1052/1250] django_17831_17893__file_lock__s0 n=28 done=28 lost=0 blk=0 corrupt=0 failed=false
[1053/1250] django_17831_17893__occ__s0 n=28 done=28 lost=0 blk=0 corrupt=0 failed=false
[1054/1250] django_17831_17893__git_three_way__s0 n=28 done=28 lost=0 blk=0 corrupt=0 failed=false
[1055/1250] django_17831_17893__bare_composer__s0 n=28 done=28 lost=0 blk=0 corrupt=0 failed=false
[1056/1250] django_17831_17893__steward__s1 n=28 done=28 lost=0 blk=0 corrupt=0 failed=false
[1057/1250] django_17831_17893__file_lock__s1 n=28 done=28 lost=0 blk=0 corrupt=0 failed=false
[1058/1250] django_17831_17893__occ__s1 n=28 done=28 lost=0 blk=0 corrupt=0 failed=false
[1059/1250] django_17831_17893__git_three_way__s1 n=28 done=28 lost=0 blk=0 corrupt=0 failed=false
[1060/1250] django_17831_17893__file_lock__s2 n=28 done=28 lost=0 blk=0 corrupt=0 failed=false
[1061/1250] django_17831_17893__bare_composer__s1 n=28 done=28 lost=0 blk=0 corrupt=0 failed=false
[1062/1250] django_17831_17893__steward__s2 n=28 done=28 lost=0 blk=0 corrupt=0 failed=false
[1063/1250] django_17831_17893__occ__s2 n=28 done=28 lost=0 blk=0 corrupt=0 failed=false
[1064/1250] django_17831_17893__git_three_way__s2 n=28 done=28 lost=0 blk=0 corrupt=0 failed=false
[1065/1250] django_17831_17893__bare_composer__s2 n=28 done=28 lost=0 blk=0 corrupt=0 failed=false
[1066/1250] django_17831_17893__file_lock__s3 n=28 done=28 lost=0 blk=0 corrupt=0 failed=false
[1067/1250] django_17831_17893__steward__s3 n=28 done=28 lost=0 blk=0 corrupt=0 failed=false
[1068/1250] django_17831_17893__occ__s3 n=28 done=28 lost=0 blk=0 corrupt=0 failed=false
[1069/1250] django_17831_17893__git_three_way__s3 n=28 done=28 lost=0 blk=0 corrupt=0 failed=false
[1070/1250] django_17831_17893__bare_composer__s3 n=28 done=23 lost=0 blk=5 corrupt=0 failed=false
[1071/1250] django_17831_17893__steward__s4 n=28 done=23 lost=0 blk=5 corrupt=0 failed=false
[1072/1250] django_17831_17893__file_lock__s4 n=28 done=28 lost=0 blk=0 corrupt=0 failed=false
[1073/1250] django_17831_17893__occ__s4 n=28 done=28 lost=0 blk=0 corrupt=0 failed=false
[1074/1250] django_17831_17893__git_three_way__s4 n=28 done=28 lost=0 blk=0 corrupt=0 failed=false
[1075/1250] django_18909_19018__steward__s0 n=14 done=14 lost=0 blk=0 corrupt=0 failed=false
[1076/1250] django_17831_17893__bare_composer__s4 n=28 done=23 lost=0 blk=5 corrupt=0 failed=false
[1077/1250] django_18909_19018__file_lock__s0 n=14 done=14 lost=0 blk=0 corrupt=0 failed=false
[1078/1250] django_18909_19018__occ__s0 n=14 done=14 lost=0 blk=0 corrupt=0 failed=false
[1079/1250] django_18909_19018__git_three_way__s0 n=14 done=14 lost=0 blk=0 corrupt=0 failed=false
[1080/1250] django_18909_19018__bare_composer__s0 n=14 done=14 lost=0 blk=0 corrupt=0 failed=false
[1081/1250] django_18909_19018__file_lock__s1 n=14 done=14 lost=0 blk=0 corrupt=0 failed=false
[1082/1250] django_18909_19018__steward__s1 n=14 done=14 lost=0 blk=0 corrupt=0 failed=false
[1083/1250] django_18909_19018__occ__s1 n=14 done=14 lost=0 blk=0 corrupt=0 failed=false
[1084/1250] django_18909_19018__git_three_way__s1 n=14 done=14 lost=0 blk=0 corrupt=0 failed=false
[1085/1250] django_18909_19018__bare_composer__s1 n=14 done=14 lost=0 blk=0 corrupt=0 failed=false
[1086/1250] django_18909_19018__steward__s2 n=14 done=11 lost=0 blk=3 corrupt=0 failed=false
[1087/1250] django_18909_19018__file_lock__s2 n=14 done=14 lost=0 blk=0 corrupt=0 failed=false
[1088/1250] django_18909_19018__occ__s2 n=14 done=14 lost=0 blk=0 corrupt=0 failed=false
[1089/1250] django_18909_19018__git_three_way__s2 n=14 done=14 lost=0 blk=0 corrupt=0 failed=false
[1090/1250] django_18909_19018__bare_composer__s2 n=14 done=11 lost=0 blk=3 corrupt=0 failed=false
[1091/1250] django_18909_19018__steward__s3 n=14 done=14 lost=0 blk=0 corrupt=0 failed=false
[1092/1250] django_18909_19018__file_lock__s3 n=14 done=14 lost=0 blk=0 corrupt=0 failed=false
[1093/1250] django_18909_19018__occ__s3 n=14 done=14 lost=0 blk=0 corrupt=0 failed=false
[1094/1250] django_18909_19018__git_three_way__s3 n=14 done=12 lost=0 blk=2 corrupt=0 failed=false
[1095/1250] django_18909_19018__bare_composer__s3 n=14 done=14 lost=0 blk=0 corrupt=0 failed=false
[1096/1250] django_18909_19018__file_lock__s4 n=14 done=14 lost=0 blk=0 corrupt=0 failed=false
[1097/1250] django_18909_19018__steward__s4 n=14 done=11 lost=0 blk=3 corrupt=0 failed=false
[1098/1250] django_18909_19018__occ__s4 n=14 done=14 lost=0 blk=0 corrupt=0 failed=false
[1099/1250] django_18909_19018__git_three_way__s4 n=14 done=14 lost=0 blk=0 corrupt=0 failed=false
[1100/1250] django_18909_19018__bare_composer__s4 n=14 done=12 lost=0 blk=2 corrupt=0 failed=false
[1101/1250] django_18412_18462__steward__s0 n=7 done=5 lost=0 blk=2 corrupt=0 failed=false
[1102/1250] django_18412_18462__occ__s0 n=7 done=7 lost=0 blk=0 corrupt=0 failed=false
[1103/1250] django_18412_18462__file_lock__s0 n=7 done=7 lost=0 blk=0 corrupt=0 failed=false
[1104/1250] django_18412_18462__git_three_way__s0 n=7 done=5 lost=0 blk=2 corrupt=0 failed=false
[1105/1250] django_18412_18462__bare_composer__s0 n=7 done=5 lost=0 blk=2 corrupt=0 failed=false
[1106/1250] django_18412_18462__steward__s1 n=7 done=5 lost=0 blk=2 corrupt=0 failed=false
[1107/1250] django_18412_18462__file_lock__s1 n=7 done=7 lost=0 blk=0 corrupt=0 failed=false
[1108/1250] django_18412_18462__occ__s1 n=7 done=7 lost=0 blk=0 corrupt=0 failed=false
[1109/1250] django_18412_18462__git_three_way__s1 n=7 done=7 lost=0 blk=0 corrupt=0 failed=false
[1110/1250] django_18412_18462__bare_composer__s1 n=7 done=6 lost=0 blk=1 corrupt=0 failed=false
[1111/1250] django_18412_18462__file_lock__s2 n=7 done=7 lost=0 blk=0 corrupt=0 failed=false
[1112/1250] django_18412_18462__steward__s2 n=7 done=7 lost=0 blk=0 corrupt=0 failed=false
[1113/1250] django_18412_18462__occ__s2 n=7 done=7 lost=0 blk=0 corrupt=0 failed=false
[1114/1250] django_18412_18462__git_three_way__s2 n=7 done=7 lost=0 blk=0 corrupt=0 failed=false
[1115/1250] django_18412_18462__bare_composer__s2 n=7 done=7 lost=0 blk=0 corrupt=0 failed=false
[1116/1250] django_18412_18462__steward__s3 n=7 done=6 lost=0 blk=1 corrupt=0 failed=false
[1117/1250] django_18412_18462__file_lock__s3 n=7 done=7 lost=0 blk=0 corrupt=0 failed=false
[1118/1250] django_18412_18462__occ__s3 n=7 done=7 lost=0 blk=0 corrupt=0 failed=false
[1119/1250] django_18412_18462__git_three_way__s3 n=7 done=7 lost=0 blk=0 corrupt=0 failed=false
[1120/1250] django_18412_18462__steward__s4 n=7 done=7 lost=0 blk=0 corrupt=0 failed=false
[1121/1250] django_18412_18462__bare_composer__s3 n=7 done=7 lost=0 blk=0 corrupt=0 failed=false
[1122/1250] django_18412_18462__file_lock__s4 n=7 done=7 lost=0 blk=0 corrupt=0 failed=false
[1123/1250] django_18412_18462__occ__s4 n=7 done=7 lost=0 blk=0 corrupt=0 failed=false
[1124/1250] django_18412_18462__git_three_way__s4 n=7 done=7 lost=0 blk=0 corrupt=0 failed=false
[1125/1250] django_18412_18462__bare_composer__s4 n=7 done=7 lost=0 blk=0 corrupt=0 failed=false
[1126/1250] django_19057_19495__file_lock__s0 n=21 done=21 lost=0 blk=0 corrupt=0 failed=false
[1127/1250] django_19057_19495__steward__s0 n=21 done=21 lost=0 blk=0 corrupt=0 failed=false
[1128/1250] django_19057_19495__occ__s0 n=21 done=21 lost=0 blk=0 corrupt=0 failed=false
[1129/1250] django_19057_19495__git_three_way__s0 n=21 done=21 lost=0 blk=0 corrupt=0 failed=false
[1130/1250] django_19057_19495__bare_composer__s0 n=21 done=21 lost=0 blk=0 corrupt=0 failed=false
[1131/1250] django_19057_19495__steward__s1 n=21 done=21 lost=0 blk=0 corrupt=0 failed=false
[1132/1250] django_19057_19495__file_lock__s1 n=21 done=21 lost=0 blk=0 corrupt=0 failed=false
[1133/1250] django_19057_19495__occ__s1 n=21 done=21 lost=0 blk=0 corrupt=0 failed=false
[1134/1250] django_19057_19495__git_three_way__s1 n=21 done=21 lost=0 blk=0 corrupt=0 failed=false
[1135/1250] django_19057_19495__bare_composer__s1 n=21 done=21 lost=0 blk=0 corrupt=0 failed=false
[1136/1250] django_19057_19495__steward__s2 n=21 done=21 lost=0 blk=0 corrupt=0 failed=false
[1137/1250] django_19057_19495__file_lock__s2 n=21 done=21 lost=0 blk=0 corrupt=0 failed=false
[1138/1250] django_19057_19495__occ__s2 n=21 done=21 lost=0 blk=0 corrupt=0 failed=false
[1139/1250] django_19057_19495__git_three_way__s2 n=21 done=21 lost=0 blk=0 corrupt=0 failed=false
[1140/1250] django_19057_19495__bare_composer__s2 n=21 done=21 lost=0 blk=0 corrupt=0 failed=false
[1141/1250] django_19057_19495__file_lock__s3 n=21 done=21 lost=0 blk=0 corrupt=0 failed=false
[1142/1250] django_19057_19495__steward__s3 n=21 done=21 lost=0 blk=0 corrupt=0 failed=false
[1143/1250] django_19057_19495__occ__s3 n=21 done=21 lost=0 blk=0 corrupt=0 failed=false
[1144/1250] django_19057_19495__git_three_way__s3 n=21 done=21 lost=0 blk=0 corrupt=0 failed=false
[1145/1250] django_19057_19495__bare_composer__s3 n=21 done=21 lost=0 blk=0 corrupt=0 failed=false
[1146/1250] django_19057_19495__steward__s4 n=21 done=21 lost=0 blk=0 corrupt=0 failed=false
[1147/1250] django_19057_19495__file_lock__s4 n=21 done=21 lost=0 blk=0 corrupt=0 failed=false
[1148/1250] django_19057_19495__occ__s4 n=21 done=21 lost=0 blk=0 corrupt=0 failed=false
[1149/1250] django_19057_19495__git_three_way__s4 n=21 done=21 lost=0 blk=0 corrupt=0 failed=false
[1150/1250] django_19919_20067__file_lock__s0 n=37 done=37 lost=0 blk=0 corrupt=0 failed=false
[1151/1250] django_19057_19495__bare_composer__s4 n=21 done=21 lost=0 blk=0 corrupt=0 failed=false
[1152/1250] django_19919_20067__steward__s0 n=37 done=37 lost=0 blk=0 corrupt=0 failed=false
[1153/1250] django_19919_20067__occ__s0 n=37 done=37 lost=0 blk=0 corrupt=0 failed=false
[1154/1250] django_19919_20067__git_three_way__s0 n=37 done=37 lost=0 blk=0 corrupt=0 failed=false
[1155/1250] django_19919_20067__bare_composer__s0 n=37 done=36 lost=0 blk=1 corrupt=0 failed=false
[1156/1250] django_19919_20067__file_lock__s1 n=37 done=37 lost=0 blk=0 corrupt=0 failed=false
[1157/1250] django_19919_20067__steward__s1 n=37 done=37 lost=0 blk=0 corrupt=0 failed=false
[1158/1250] django_19919_20067__occ__s1 n=37 done=37 lost=0 blk=0 corrupt=0 failed=false
[1159/1250] django_19919_20067__git_three_way__s1 n=37 done=37 lost=0 blk=0 corrupt=0 failed=false
[1160/1250] django_19919_20067__bare_composer__s1 n=37 done=37 lost=0 blk=0 corrupt=0 failed=false
[1161/1250] django_19919_20067__steward__s2 n=37 done=35 lost=0 blk=2 corrupt=0 failed=false
[1162/1250] django_19919_20067__file_lock__s2 n=37 done=37 lost=0 blk=0 corrupt=0 failed=false
[1163/1250] django_19919_20067__occ__s2 n=37 done=37 lost=0 blk=0 corrupt=0 failed=false
[1164/1250] django_19919_20067__git_three_way__s2 n=37 done=37 lost=0 blk=0 corrupt=0 failed=false
[1165/1250] django_19919_20067__bare_composer__s2 n=37 done=35 lost=0 blk=2 corrupt=0 failed=false
[1166/1250] django_19919_20067__steward__s3 n=37 done=37 lost=0 blk=0 corrupt=0 failed=false
[1167/1250] django_19919_20067__file_lock__s3 n=37 done=37 lost=0 blk=0 corrupt=0 failed=false
[1168/1250] django_19919_20067__occ__s3 n=37 done=37 lost=0 blk=0 corrupt=0 failed=false
[1169/1250] django_19919_20067__git_three_way__s3 n=37 done=37 lost=0 blk=0 corrupt=0 failed=false
[1170/1250] django_19919_20067__bare_composer__s3 n=37 done=37 lost=0 blk=0 corrupt=0 failed=false
[1171/1250] django_19919_20067__file_lock__s4 n=37 done=37 lost=0 blk=0 corrupt=0 failed=false
[1172/1250] django_19919_20067__steward__s4 n=37 done=37 lost=0 blk=0 corrupt=0 failed=false
[1173/1250] django_19919_20067__occ__s4 n=37 done=37 lost=0 blk=0 corrupt=0 failed=false
[1174/1250] django_19919_20067__git_three_way__s4 n=37 done=36 lost=0 blk=1 corrupt=0 failed=false
[1175/1250] django_19919_20067__bare_composer__s4 n=37 done=35 lost=0 blk=2 corrupt=0 failed=false
[1176/1250] django_18404_18412__steward__s0 n=22 done=21 lost=0 blk=1 corrupt=0 failed=false
[1177/1250] django_18404_18412__file_lock__s0 n=22 done=22 lost=0 blk=0 corrupt=0 failed=false
[1178/1250] django_18404_18412__occ__s0 n=22 done=22 lost=0 blk=0 corrupt=0 failed=false
[1179/1250] django_18404_18412__git_three_way__s0 n=22 done=22 lost=0 blk=0 corrupt=0 failed=false
[1180/1250] django_18404_18412__bare_composer__s0 n=22 done=21 lost=0 blk=1 corrupt=0 failed=false
[1181/1250] django_18404_18412__file_lock__s1 n=22 done=22 lost=0 blk=0 corrupt=0 failed=false
[1182/1250] django_18404_18412__steward__s1 n=22 done=21 lost=0 blk=1 corrupt=0 failed=false
[1183/1250] django_18404_18412__occ__s1 n=22 done=22 lost=0 blk=0 corrupt=0 failed=false
[1184/1250] django_18404_18412__git_three_way__s1 n=22 done=22 lost=0 blk=0 corrupt=0 failed=false
[1185/1250] django_18404_18412__bare_composer__s1 n=22 done=21 lost=0 blk=1 corrupt=0 failed=false
[1186/1250] django_18404_18412__steward__s2 n=22 done=21 lost=0 blk=1 corrupt=0 failed=false
[1187/1250] django_18404_18412__occ__s2 n=22 done=22 lost=0 blk=0 corrupt=0 failed=false
[1188/1250] django_18404_18412__file_lock__s2 n=22 done=22 lost=0 blk=0 corrupt=0 failed=false
[1189/1250] django_18404_18412__git_three_way__s2 n=22 done=22 lost=0 blk=0 corrupt=0 failed=false
[1190/1250] django_18404_18412__file_lock__s3 n=22 done=22 lost=0 blk=0 corrupt=0 failed=false
[1191/1250] django_18404_18412__bare_composer__s2 n=22 done=21 lost=0 blk=1 corrupt=0 failed=false
[1192/1250] django_18404_18412__steward__s3 n=22 done=20 lost=0 blk=2 corrupt=0 failed=false
[1193/1250] django_18404_18412__occ__s3 n=22 done=22 lost=0 blk=0 corrupt=0 failed=false
[1194/1250] django_18404_18412__git_three_way__s3 n=22 done=21 lost=1 blk=0 corrupt=0 failed=true
[1195/1250] django_18404_18412__bare_composer__s3 n=22 done=21 lost=0 blk=1 corrupt=0 failed=false
[1196/1250] django_18404_18412__file_lock__s4 n=22 done=22 lost=0 blk=0 corrupt=0 failed=false
[1197/1250] django_18404_18412__steward__s4 n=22 done=21 lost=0 blk=1 corrupt=0 failed=false
[1198/1250] django_18404_18412__occ__s4 n=22 done=22 lost=0 blk=0 corrupt=0 failed=false
[1199/1250] django_18404_18412__git_three_way__s4 n=22 done=22 lost=0 blk=0 corrupt=0 failed=false
[1200/1250] django_18404_18412__bare_composer__s4 n=22 done=21 lost=0 blk=1 corrupt=0 failed=false
[1201/1250] django_18665_18941__steward__s0 n=3 done=1 lost=0 blk=2 corrupt=0 failed=false
[1202/1250] django_18665_18941__file_lock__s0 n=3 done=3 lost=0 blk=0 corrupt=0 failed=false
[1203/1250] django_18665_18941__occ__s0 n=3 done=3 lost=0 blk=0 corrupt=0 failed=false
[1204/1250] django_18665_18941__git_three_way__s0 n=3 done=3 lost=0 blk=0 corrupt=0 failed=false
[1205/1250] django_18665_18941__steward__s1 n=3 done=1 lost=0 blk=2 corrupt=0 failed=false
[1206/1250] django_18665_18941__bare_composer__s0 n=3 done=1 lost=0 blk=2 corrupt=0 failed=false
[1207/1250] django_18665_18941__file_lock__s1 n=3 done=3 lost=0 blk=0 corrupt=0 failed=false
[1208/1250] django_18665_18941__occ__s1 n=3 done=3 lost=0 blk=0 corrupt=0 failed=false
[1209/1250] django_18665_18941__git_three_way__s1 n=3 done=3 lost=0 blk=0 corrupt=0 failed=false
[1210/1250] django_18665_18941__bare_composer__s1 n=3 done=3 lost=0 blk=0 corrupt=0 failed=false
[1211/1250] django_18665_18941__file_lock__s2 n=3 done=3 lost=0 blk=0 corrupt=0 failed=false
[1212/1250] django_18665_18941__occ__s2 n=3 done=3 lost=0 blk=0 corrupt=0 failed=false
[1213/1250] django_18665_18941__steward__s2 n=3 done=1 lost=0 blk=2 corrupt=0 failed=false
[1214/1250] django_18665_18941__git_three_way__s2 n=3 done=3 lost=0 blk=0 corrupt=0 failed=false
[1215/1250] django_18665_18941__bare_composer__s2 n=3 done=2 lost=0 blk=1 corrupt=0 failed=false
[1216/1250] django_18665_18941__steward__s3 n=3 done=1 lost=0 blk=2 corrupt=0 failed=false
[1217/1250] django_18665_18941__file_lock__s3 n=3 done=3 lost=0 blk=0 corrupt=0 failed=false
[1218/1250] django_18665_18941__occ__s3 n=3 done=3 lost=0 blk=0 corrupt=0 failed=false
[1219/1250] django_18665_18941__git_three_way__s3 n=3 done=3 lost=0 blk=0 corrupt=0 failed=false
[1220/1250] django_18665_18941__bare_composer__s3 n=3 done=1 lost=0 blk=2 corrupt=0 failed=false
[1221/1250] django_18665_18941__file_lock__s4 n=3 done=3 lost=0 blk=0 corrupt=0 failed=false
[1222/1250] django_18665_18941__steward__s4 n=3 done=2 lost=0 blk=1 corrupt=0 failed=false
[1223/1250] django_18665_18941__occ__s4 n=3 done=3 lost=0 blk=0 corrupt=0 failed=false
[1224/1250] django_18665_18941__git_three_way__s4 n=3 done=3 lost=0 blk=0 corrupt=0 failed=false
[1225/1250] django_18665_18941__bare_composer__s4 n=3 done=2 lost=0 blk=1 corrupt=0 failed=false
[1226/1250] django_18979_19007__steward__s0 n=12 done=12 lost=0 blk=0 corrupt=0 failed=false
[1227/1250] django_18979_19007__file_lock__s0 n=12 done=12 lost=0 blk=0 corrupt=0 failed=false
[1228/1250] django_18979_19007__occ__s0 n=12 done=12 lost=0 blk=0 corrupt=0 failed=false
[1229/1250] django_18979_19007__git_three_way__s0 n=12 done=12 lost=0 blk=0 corrupt=0 failed=false
[1230/1250] django_18979_19007__bare_composer__s0 n=12 done=12 lost=0 blk=0 corrupt=0 failed=false
[1231/1250] django_18979_19007__steward__s1 n=12 done=12 lost=0 blk=0 corrupt=0 failed=false
[1232/1250] django_18979_19007__file_lock__s1 n=12 done=12 lost=0 blk=0 corrupt=0 failed=false
[1233/1250] django_18979_19007__occ__s1 n=12 done=12 lost=0 blk=0 corrupt=0 failed=false
[1234/1250] django_18979_19007__git_three_way__s1 n=12 done=12 lost=0 blk=0 corrupt=0 failed=false
[1235/1250] django_18979_19007__bare_composer__s1 n=12 done=12 lost=0 blk=0 corrupt=0 failed=false
[1236/1250] django_18979_19007__steward__s2 n=12 done=12 lost=0 blk=0 corrupt=0 failed=false
[1237/1250] django_18979_19007__file_lock__s2 n=12 done=12 lost=0 blk=0 corrupt=0 failed=false
[1238/1250] django_18979_19007__occ__s2 n=12 done=12 lost=0 blk=0 corrupt=0 failed=false
[1239/1250] django_18979_19007__git_three_way__s2 n=12 done=12 lost=0 blk=0 corrupt=0 failed=false
[1240/1250] django_18979_19007__bare_composer__s2 n=12 done=11 lost=0 blk=1 corrupt=0 failed=false
[1241/1250] django_18979_19007__steward__s3 n=12 done=12 lost=0 blk=0 corrupt=0 failed=false
[1242/1250] django_18979_19007__file_lock__s3 n=12 done=12 lost=0 blk=0 corrupt=0 failed=false
[1243/1250] django_18979_19007__occ__s3 n=12 done=12 lost=0 blk=0 corrupt=0 failed=false
[1244/1250] django_18979_19007__git_three_way__s3 n=12 done=12 lost=0 blk=0 corrupt=0 failed=false
[1245/1250] django_18979_19007__bare_composer__s3 n=12 done=12 lost=0 blk=0 corrupt=0 failed=false
[1246/1250] django_18979_19007__steward__s4 n=12 done=12 lost=0 blk=0 corrupt=0 failed=false
[1247/1250] django_18979_19007__file_lock__s4 n=12 done=12 lost=0 blk=0 corrupt=0 failed=false
[1248/1250] django_18979_19007__occ__s4 n=12 done=12 lost=0 blk=0 corrupt=0 failed=false
[1249/1250] django_18979_19007__git_three_way__s4 n=12 done=12 lost=0 blk=0 corrupt=0 failed=false
[1250/1250] django_18979_19007__bare_composer__s4 n=12 done=12 lost=0 blk=0 corrupt=0 failed=false
