box_path	bytes	mtime_cst	git_blob_sha1	status	snapshot_path	main_reference	note
/workspace/upload/fix/E4_FORENSICS.md	5975	2026-10-08 10:07	a178c139b3c219d6e783ba0ccd1101781add7783	on-main-identical		research/paper-v2/generations/r2-2026-10-08/summaries/runs/r2-e4-forensics/E4_FORENSICS.md	
/workspace/upload/fix/forensics_summary.json	99424	2026-10-08 10:07	55b60b2632bdd7db2a03e104a7dbf9da2bc852a7	on-main-identical		research/paper-v2/generations/r2-2026-10-08/summaries/runs/r2-analysis/r2-2026-10-08/e4-forensics/forensics_summary.json	
/workspace/upload/fix/forensics_table.md	3068	2026-10-08 10:07	76333ab3989674dbf39fe2c2e6938f2d611da0b1	on-main-identical		research/paper-v2/generations/r2-2026-10-08/summaries/runs/r2-analysis/r2-2026-10-08/e4-forensics.log	
/workspace/upload/fix/harness-r2-src.tgz	120674	2026-10-08 10:07	0a0ae940e3db5a2bf9e25fb4038c3aa3b2dadf16	missing	upload-handoff/fix/harness-r2-src.tgz		
/workspace/upload/tools/build_paper_v2_r1.sh	4357	2026-10-08 09:32	e0143b1c268946a7efe1b5d77541dfbdd970ca02	on-main-identical		research/paper-v2/generations/r1-reviewed-2026-10-07/BUILD_BUNDLE_r1.sh	
/workspace/upload/tools/build_paper_v2_r2.sh	3740	2026-10-08 09:55	e5ca5a68a8bf8097a73b887466a6a99d51becf0a	missing	upload-handoff/tools/build_paper_v2_r2.sh		
/workspace/upload/tools/build_paper_v2_r3.sh	4032	2026-10-08 10:58	1d3053c3a882b19cc3eb928d62fb4932149cc058	missing	upload-handoff/tools/build_paper_v2_r3.sh		
/workspace/upload/tools/build_paper_v2_r4.sh	4717	2026-10-08 15:07	f3bb90610768a86624c60455451b899e89124bcf	missing	upload-handoff/tools/build_paper_v2_r4.sh		
/workspace/upload/tools/build_paper_v2_r5.sh	4698	2026-10-09 08:02	adc12fe01cd6df4309e07924d06f1f70f1562638	missing	upload-handoff/tools/build_paper_v2_r5.sh		
/workspace/reports/atm-v2-harness/.gitignore	32	2026-10-07 21:17	504afef81fbadc8c0a072e1ac93f1376bca7f4a9	on-main-identical		research/paper-v2/generations/r1-reviewed-2026-10-07/harness/.gitignore	
/workspace/reports/atm-v2-harness/ARTIFACT_PACK_SPEC.md	11189	2026-10-07 23:31	0a459de6fb82f25aafe823bc1e55904b9bcd571f	on-main-identical		research/paper-v2/generations/r1-reviewed-2026-10-07/docs/ARTIFACT_PACK_SPEC.md	
/workspace/reports/atm-v2-harness/ATM_PAPER_V2_DRAFT_zh.md	141526	2026-10-09 08:01	ac47d98e97b1502d461fadab96d9c7d8679f0d80	on-main-identical		research/paper-v2/generations/r5-2026-10-08/paper/ATM_PAPER_V2_DRAFT_zh.md	
/workspace/reports/atm-v2-harness/ATM_PAPER_V2_DRAFT_zh_hotcold_archive.md	39314	2026-10-07 16:29	1220238303298a8b61dc9f50dedd63ccf890dde1	on-main-identical		research/paper-v2/generations/r1-reviewed-2026-10-07/paper/ATM_PAPER_V2_DRAFT_zh_hotcold_archive.md	
/workspace/reports/atm-v2-harness/ATM_PAPER_V2_DRAFT_zh_pre_review.md	54417	2026-10-07 16:33	c7a60c6b856d66de7ff0076fc9e9c712eddac7dc	on-main-identical		research/paper-v2/generations/r1-reviewed-2026-10-07/paper/ATM_PAPER_V2_DRAFT_zh_pre_review.md	
/workspace/reports/atm-v2-harness/ATM_PAPER_V2_FEASIBILITY_REVIEW.docx	63385	2026-10-07 20:09	4083041de4b380f5ac44f7a9a8ff01e5db5c8763	on-main-identical		research/paper-v2/generations/r1-reviewed-2026-10-07/docs/ATM_PAPER_V2_FEASIBILITY_REVIEW.docx	
/workspace/reports/atm-v2-harness/ATM_PAPER_V2_FEASIBILITY_REVIEW.md	35602	2026-10-07 20:09	d1221e244eb91a6d06f8bb0e5df60d34ee584cb7	on-main-identical		research/paper-v2/generations/r1-reviewed-2026-10-07/docs/ATM_PAPER_V2_FEASIBILITY_REVIEW.md	
/workspace/reports/atm-v2-harness/ATM_PAPER_V2_REVIEW_ABSORB_NOTES.md	9491	2026-10-07 20:17	bad8d091543aa633dcec58795f2b78b2c5a023e5	on-main-identical		research/paper-v2/generations/r1-reviewed-2026-10-07/docs/ATM_PAPER_V2_REVIEW_ABSORB_NOTES.md	
/workspace/reports/atm-v2-harness/ATOM_BEHAVIOR_POLICE_SURVEY.md	21997	2026-10-07 00:02	4d361e9420134e6703afb2162ebcd1d0ec7825cb	on-main-identical		research/paper-v2/generations/r1-reviewed-2026-10-07/docs/related-audits/ATOM_BEHAVIOR_POLICE_SURVEY.md	
/workspace/reports/atm-v2-harness/ATOM_CREATE_MAP_REUSE_AUDIT.md	18484	2026-10-06 23:59	7732de39e18243ff1b394d7781d9ba2a303fa22d	on-main-identical		research/paper-v2/generations/r1-reviewed-2026-10-07/docs/related-audits/ATOM_CREATE_MAP_REUSE_AUDIT.md	
/workspace/reports/atm-v2-harness/ATTACHED_PAPER_EXTRACT.md	35602	2026-10-07 20:09	d1221e244eb91a6d06f8bb0e5df60d34ee584cb7	on-main-identical		research/paper-v2/generations/r1-reviewed-2026-10-07/docs/ATM_PAPER_V2_FEASIBILITY_REVIEW.md	
/workspace/reports/atm-v2-harness/BROKER_HARD_GATE_AUDIT.md	19113	2026-10-07 00:09	9cff10cb1eaa4a6ca9ef9c9087cd0bb075532cc3	on-main-identical		research/paper-v2/generations/r1-reviewed-2026-10-07/docs/related-audits/BROKER_HARD_GATE_AUDIT.md	
/workspace/reports/atm-v2-harness/COLD_QUEUE_LATENCY.md	13496	2026-10-06 17:57	c6904bbebe3124f642ce3a2606414a4744eac20b	on-main-identical		research/paper-v2/generations/r1-reviewed-2026-10-07/docs/supporting/COLD_QUEUE_LATENCY.md	
/workspace/reports/atm-v2-harness/COMPARE_LATENCY.md	23118	2026-10-06 17:43	022dbf6c1b333cfc9dc91e5a9993eb26732200db	on-main-identical		research/paper-v2/generations/r1-reviewed-2026-10-07/docs/supporting/COMPARE_LATENCY.md	
/workspace/reports/atm-v2-harness/COMPARE_SMALL.md	4319	2026-10-06 17:43	d787905283837548b88b6b0733b65cb1c2c34d81	on-main-identical		research/paper-v2/generations/r1-reviewed-2026-10-07/docs/supporting/COMPARE_SMALL.md	
/workspace/reports/atm-v2-harness/COMPOSER_STEWARD_IMPL_PLAN.md	27349	2026-10-07 13:36	241a8ca4d408a601d298b8ce827a6b978b5c5d42	on-main-identical		research/paper-v2/generations/r1-reviewed-2026-10-07/docs/COMPOSER_STEWARD_IMPL_PLAN.md	
/workspace/reports/atm-v2-harness/COMPOSER_STEWARD_PAPER_PIVOT.md	1175	2026-10-07 13:29	f6d7ed95cf0ffa6c06cbb4e04f9657a74611a5f4	on-main-identical		research/paper-v2/generations/r1-reviewed-2026-10-07/docs/COMPOSER_STEWARD_PAPER_PIVOT.md	
/workspace/reports/atm-v2-harness/EXPERIMENT_CHECKLIST.md	18024	2026-10-09 08:01	9b535724fd6179e1d70e69f313c131d100c7c5ce	on-main-identical		research/paper-v2/generations/r5-2026-10-08/docs/EXPERIMENT_CHECKLIST.md	
/workspace/reports/atm-v2-harness/FUNCTIONAL_SPEC.md	12485	2026-10-06 16:51	826630432b0bdcbb32a26712f4dd47b84fc4970d	on-main-identical		research/paper-v2/generations/r1-reviewed-2026-10-07/docs/FUNCTIONAL_SPEC.md	
/workspace/reports/atm-v2-harness/HEAT_WEIGHT_OPTIMIZATION.md	13126	2026-10-06 22:42	bcaa16d83cc330a6c06c57c47d2eaec90a2d7223	on-main-identical		research/paper-v2/generations/r1-reviewed-2026-10-07/docs/supporting/HEAT_WEIGHT_OPTIMIZATION.md	
/workspace/reports/atm-v2-harness/HOT_FILE_LATENCY.md	11789	2026-10-06 19:39	3cdc3e78dd23a222193b3f6d41641293e03a5c7a	on-main-identical		research/paper-v2/generations/r1-reviewed-2026-10-07/docs/supporting/HOT_FILE_LATENCY.md	
/workspace/reports/atm-v2-harness/METRIC_DEFINITIONS.md	17849	2026-10-09 08:01	1256aa4a323966aa22d923a9ff57ae3e7d8c0c41	on-main-identical		research/paper-v2/generations/r5-2026-10-08/docs/METRIC_DEFINITIONS.md	
/workspace/reports/atm-v2-harness/MULTIPROCESS_SMALL.md	10671	2026-10-06 19:35	490c39d1f6e999975b4098789ee33cadf9935642	on-main-identical		research/paper-v2/generations/r1-reviewed-2026-10-07/docs/supporting/MULTIPROCESS_SMALL.md	
/workspace/reports/atm-v2-harness/PAPER_V2_DRAFT_PACK.md	24484	2026-10-07 11:52	9fe34ed53c0cc92b9291736c2bc4c0e713577145	on-main-identical		research/paper-v2/generations/r1-reviewed-2026-10-07/docs/PAPER_V2_DRAFT_PACK.md	
/workspace/reports/atm-v2-harness/PAPER_V2_DRAFT_PACK_INDEX.md	3745	2026-10-07 11:52	146e24b743089acb224336a98cea6fb06ec6b228	on-main-identical		research/paper-v2/generations/r1-reviewed-2026-10-07/docs/PAPER_V2_DRAFT_PACK_INDEX.md	
/workspace/reports/atm-v2-harness/PAPER_V2_EXPERIMENT_NOTES.md	10070	2026-10-07 11:36	ba51740f890d3c18ca9e4b505e3ae16fcbeab118	on-main-identical		research/paper-v2/generations/r1-reviewed-2026-10-07/docs/PAPER_V2_EXPERIMENT_NOTES.md	
/workspace/reports/atm-v2-harness/PAPER_V2_KEY_TABLES.md	16087	2026-10-07 20:21	77423ed89649af584e455d60e15e510f1e037208	on-main-identical		research/paper-v2/generations/r1-reviewed-2026-10-07/docs/PAPER_V2_KEY_TABLES.md	
/workspace/reports/atm-v2-harness/PLAN_SPEC.md	10457	2026-10-06 16:40	8ccf3c6e0b9143f32704dcd94b8034cc33e7f854	on-main-identical		research/paper-v2/generations/r1-reviewed-2026-10-07/docs/PLAN_SPEC.md	
/workspace/reports/atm-v2-harness/README.md	6147	2026-10-06 19:39	e389507a75e34a7f71625547728d21d11ce61edc	on-main-identical		research/paper-v2/generations/r1-reviewed-2026-10-07/harness/README.md	
/workspace/reports/atm-v2-harness/REMAINING_TESTS.md	3842	2026-10-07 11:36	5fcc78a16026c9ba7b44e72d38917637e2b69e8e	on-main-identical		research/paper-v2/generations/r1-reviewed-2026-10-07/docs/REMAINING_TESTS.md	
/workspace/reports/atm-v2-harness/REPRODUCE.md	4805	2026-10-09 08:01	4ebf2ac3e6e6e8b5ed93c83213c556ec41b733cf	on-main-identical		research/paper-v2/generations/r5-2026-10-08/harness/REPRODUCE.md	
/workspace/reports/atm-v2-harness/REVIEW_PACK_FOR_EXTERNAL_AI.md	4560	2026-10-07 23:30	ef03e3a54dc5217546297dbc085a2be10056e21c	on-main-identical		research/paper-v2/generations/r1-reviewed-2026-10-07/review/REVIEW_PACK_FOR_EXTERNAL_AI.md	
/workspace/reports/atm-v2-harness/SCALE_PRELUDE.md	7338	2026-10-06 19:39	ea1782659c072a1b008e51da4248ef2cf0fddfe7	on-main-identical		research/paper-v2/generations/r1-reviewed-2026-10-07/docs/supporting/SCALE_PRELUDE.md	
/workspace/reports/atm-v2-harness/SMOKE_RESULT.md	4589	2026-10-06 16:58	0b4a0d862c405bc679ef3f6accc2c5b976ac9cc8	on-main-identical		research/paper-v2/generations/r1-reviewed-2026-10-07/docs/supporting/SMOKE_RESULT.md	
/workspace/reports/atm-v2-harness/T6_R1_DENOMINATOR_AUDIT.md	9520	2026-10-07 20:21	6d6a761501837e2f9398e173af7bd56e45b599c3	on-main-identical		research/paper-v2/generations/r1-reviewed-2026-10-07/docs/T6_R1_DENOMINATOR_AUDIT.md	
/workspace/reports/atm-v2-harness/V017_HOT_COLD.md	7832	2026-10-07 07:35	6296bb24c6ae4fc8466c646d9313ae14e2b42eaf	on-main-identical		research/paper-v2/generations/r1-reviewed-2026-10-07/docs/supporting/V017_HOT_COLD.md	
/workspace/reports/atm-v2-harness/VAI_COMMIT_ATLAS_PLAN.md	11882	2026-10-07 00:33	0409739386000dd4a6e7b9d6c0dc2daf6afaef18	on-main-identical		research/paper-v2/generations/r1-reviewed-2026-10-07/docs/related-audits/VAI_COMMIT_ATLAS_PLAN.md	
/workspace/reports/atm-v2-harness/VERSION_ANCHORS.md	18089	2026-10-09 08:01	89614d8e64bf371ac4dc99e3620d3b5d0b32d940	on-main-identical		research/paper-v2/generations/r5-2026-10-08/docs/VERSION_ANCHORS.md	
/workspace/reports/atm-v2-harness/VIRTUAL_ATOM_INDEX_ANALYSIS.md	5230	2026-10-06 23:46	0543ccc7846be2443cf4a63a1774b399d33d573d	on-main-identical		research/paper-v2/generations/r1-reviewed-2026-10-07/docs/related-audits/VIRTUAL_ATOM_INDEX_ANALYSIS.md	
/workspace/reports/atm-v2-harness/artifact_manifest.json	3527	2026-10-07 23:30	854505b6fb060967d2aec7320f30daee8c45846c	on-main-identical		research/paper-v2/generations/r1-reviewed-2026-10-07/docs/artifact_manifest.json	
/workspace/reports/atm-v2-harness/checksums.sha256	2330	2026-10-07 23:30	f7d6a21aa31b30a6a9f08b21a6d1cd0f35af18b3	on-main-identical		research/paper-v2/generations/r1-reviewed-2026-10-07/docs/checksums.sha256	
/workspace/reports/atm-v2-harness/derived-atoms-candidate-bridge-test.log	611	2026-10-07 06:57	9f450c5706048d1c61565f1057fba1716a53dec3	on-main-identical		research/paper-v2/generations/r1-reviewed-2026-10-07/docs/supporting/derived-atoms-candidate-bridge-test.log	
/workspace/reports/atm-v2-harness/package.json	1180	2026-10-07 21:17	8e15a560d5c74c3e84ba540b11aecac1e1d0f8a9	on-main-identical		research/paper-v2/generations/r1-reviewed-2026-10-07/harness/package.json	
/workspace/reports/atm-v2-harness/reproduce.sh	871	2026-10-08 09:50	c81b99796486e19dfa55205c6126a466facc3d15	on-main-identical		research/paper-v2/generations/r2-2026-10-08/harness/reproduce.sh	
/workspace/reports/atm-v2-harness/review-pack.tgz	142794	2026-10-07 23:30	a2af1daf085a95460b5ba82872645a8246b50217	on-main-identical		research/paper-v2/generations/r1-reviewed-2026-10-07/review/review-pack.tgz	
/workspace/reports/atm-v2-harness/v017-candidate-bridge.log	611	2026-10-07 06:57	9f450c5706048d1c61565f1057fba1716a53dec3	on-main-identical		research/paper-v2/generations/r1-reviewed-2026-10-07/docs/supporting/derived-atoms-candidate-bridge-test.log	
/workspace/reports/atm-v2-harness/v017-cli-spawn-debug.log	2041	2026-10-07 06:58	f529f38172dce8169152d0de010bda49fef6b7f7	on-main-identical		research/paper-v2/generations/r1-reviewed-2026-10-07/docs/supporting/v017-cli-spawn-debug.log	
/workspace/reports/atm-v2-harness/v017-derived-atom-identity.log	70	2026-10-07 06:58	77f79f1c8504dd3dcb8e14a847650854923b3e9f	on-main-identical		research/paper-v2/generations/r1-reviewed-2026-10-07/docs/supporting/v017-derived-atom-identity.log	
/workspace/reports/atm-v2-harness/v017-derived-atom-occupancy.log	76	2026-10-07 06:58	777e3db4abcb1eddb06ac79bb36fe3c242028b27	on-main-identical		research/paper-v2/generations/r1-reviewed-2026-10-07/docs/supporting/v017-derived-atom-occupancy.log	
/workspace/reports/atm-v2-harness/v017-derived-atoms-parallel.log	92	2026-10-07 06:58	8a07f247f527aaafbb2fafea3711a23d6d6c4f3e	on-main-identical		research/paper-v2/generations/r1-reviewed-2026-10-07/docs/supporting/v017-derived-atoms-parallel.log	
/workspace/reports/atm-v2-harness/v017-parallel-bootstrap-debug.log	4082	2026-10-07 06:58	d4407957979f298969c01a17b3977e3863344189	on-main-identical		research/paper-v2/generations/r1-reviewed-2026-10-07/docs/supporting/v017-parallel-bootstrap-debug.log	
/workspace/reports/atm-v2-harness/v017-parallel-spawn-raw.log	2611	2026-10-07 06:58	d0e132a7f384a97393e507a2124f08d0ce9e78b3	on-main-identical		research/paper-v2/generations/r1-reviewed-2026-10-07/docs/supporting/v017-parallel-spawn-raw.log	
/workspace/reports/atm-v2-harness/analysis/cell_index.py	5106	2026-10-08 18:26	c893d1b146cda94a584408cf7c37779350f8a99e	on-main-identical		research/paper-v2/generations/r5-2026-10-08/harness/analysis/cell_index.py	
/workspace/reports/atm-v2-harness/analysis/e4_forensics.py	8543	2026-10-08 09:50	4cfa0f5b2e1b19f246e1c51a3094df9aa33e7183	on-main-identical		research/paper-v2/generations/r2-2026-10-08/harness/analysis/e4_forensics.py	
/workspace/reports/atm-v2-harness/analysis/logical_id_audit.py	3341	2026-10-08 09:56	39fd7d5d8651b17889bd255d80bd3692fa28cd57	on-main-identical		research/paper-v2/generations/r2-2026-10-08/harness/analysis/logical_id_audit.py	
/workspace/reports/atm-v2-harness/analysis/r3_compare.py	15331	2026-10-08 10:55	9f10ff53e33f5592ae1595eea9589bc460813d9b	on-main-identical		research/paper-v2/generations/r3-2026-10-08/harness/analysis/r3_compare.py	
/workspace/reports/atm-v2-harness/analysis/r4_compare.py	18858	2026-10-08 14:58	f12c8e58cdda7b78e33c2aa43e7d8ad465d68714	on-main-identical		research/paper-v2/generations/r4-2026-10-08/harness/analysis/r4_compare.py	
/workspace/reports/atm-v2-harness/analysis/r5_compare.py	26894	2026-10-08 18:26	c9daae0dc001888994c046b9def4b9a3f18bc354	on-main-identical		research/paper-v2/generations/r5-2026-10-08/harness/analysis/r5_compare.py	
/workspace/reports/atm-v2-harness/analysis/rebuild_tables.py	8166	2026-10-08 09:50	501fa732470236e713a4b09dbb3c60bb7de6f83a	on-main-identical		research/paper-v2/generations/r2-2026-10-08/harness/analysis/rebuild_tables.py	
/workspace/reports/atm-v2-harness/analysis/rescore_oracle_v2.mjs	8010	2026-10-08 17:42	bfb4797d3e01647a990e4da475d78aa680113ba7	on-main-identical		research/paper-v2/generations/r5-2026-10-08/harness/analysis/rescore_oracle_v2.mjs	
/workspace/reports/atm-v2-harness/analysis/__pycache__/cell_index.cpython-313.pyc	9255	2026-10-08 18:26	7ec28894adaeb4ebca101f6a0a4e78a7e9d73039	on-main-identical		research/paper-v2/generations/r5-2026-10-08/harness/analysis/__pycache__/cell_index.cpython-313.pyc	
/workspace/reports/atm-v2-harness/analysis/__pycache__/r4_compare.cpython-313.pyc	39510	2026-10-08 14:58	cc2173689422829c50c73e623d2472e68314b7e3	on-main-identical		research/paper-v2/generations/r4-2026-10-08/harness/analysis/__pycache__/r4_compare.cpython-313.pyc	
/workspace/reports/atm-v2-harness/analysis/__pycache__/r5_compare.cpython-313.pyc	54929	2026-10-08 18:26	a8d4f0a06265f1bc255be6403e4b19433f9cb256	on-main-identical		research/paper-v2/generations/r5-2026-10-08/harness/analysis/__pycache__/r5_compare.cpython-313.pyc	
/workspace/reports/atm-v2-harness/fixture/manifest.json	1149	2026-10-06 17:31	047b7a67f6b4543dbe7305f0a84d6768660f4267	on-main-identical		research/paper-v2/generations/r1-reviewed-2026-10-07/harness/fixture/manifest.json	
/workspace/reports/atm-v2-harness/fixture/scripts/build.ts	319	2026-10-06 17:31	f4367e87fe8211bcf7855c2c2251620c1af75083	on-main-identical		research/paper-v2/generations/r1-reviewed-2026-10-07/harness/fixture/scripts/build.ts	
/workspace/reports/atm-v2-harness/fixture/src/config.ts	677	2026-10-06 17:31	6d97a1448fc34829d37fb276020f374545a19abb	on-main-identical		research/paper-v2/generations/r1-reviewed-2026-10-07/harness/fixture/src/config.ts	
/workspace/reports/atm-v2-harness/fixture/src/index.ts	516	2026-10-06 17:31	faa6533496d81a150fe20502ac7b2740e3061641	on-main-identical		research/paper-v2/generations/r1-reviewed-2026-10-07/harness/fixture/src/index.ts	
/workspace/reports/atm-v2-harness/fixture/src/routes.ts	743	2026-10-06 17:31	2d013899ca8b3fbc907de3a1043e10e79a6d6714	on-main-identical		research/paper-v2/generations/r1-reviewed-2026-10-07/harness/fixture/src/routes.ts	
/workspace/reports/atm-v2-harness/fixture/src/store.ts	658	2026-10-06 17:31	5b8388f1b4831490bb5638bcff32e9bb238a7719	on-main-identical		research/paper-v2/generations/r1-reviewed-2026-10-07/harness/fixture/src/store.ts	
/workspace/reports/atm-v2-harness/fixture/src/services/billing.ts	365	2026-10-06 17:31	b85bea04e708fbbed517a55471b0e8994e1cb65c	on-main-identical		research/paper-v2/generations/r1-reviewed-2026-10-07/harness/fixture/src/services/billing.ts	
/workspace/reports/atm-v2-harness/fixture/src/services/mailer.ts	341	2026-10-06 17:31	0cdd14ff5f102af8be892de18b7a76ef913408e5	on-main-identical		research/paper-v2/generations/r1-reviewed-2026-10-07/harness/fixture/src/services/mailer.ts	
/workspace/reports/atm-v2-harness/fixture/src/utils/date.ts	296	2026-10-06 17:31	705a5d7e54903905a4c165fb0606817a59c31f13	on-main-identical		research/paper-v2/generations/r1-reviewed-2026-10-07/harness/fixture/src/utils/date.ts	
/workspace/reports/atm-v2-harness/fixture/src/utils/math.ts	267	2026-10-06 17:31	fbb2787b088b2fc4248d6f8cad4a9ada6becd1ea	on-main-identical		research/paper-v2/generations/r1-reviewed-2026-10-07/harness/fixture/src/utils/math.ts	
/workspace/reports/atm-v2-harness/fixture/src/utils/strings.ts	228	2026-10-06 17:31	1b417e7df91bc98e76281d9b228e910bbda9538a	on-main-identical		research/paper-v2/generations/r1-reviewed-2026-10-07/harness/fixture/src/utils/strings.ts	
/workspace/reports/atm-v2-harness/fixture/test/strings.test.ts	267	2026-10-06 17:31	2be3dcf2978a02b910680179eb677ded7182bdaf	on-main-identical		research/paper-v2/generations/r1-reviewed-2026-10-07/harness/fixture/test/strings.test.ts	
/workspace/reports/atm-v2-harness/refs/arxiv-2607.00041.pdf	392124	2026-10-07 13:17	a1ee1409ed27ee40f2bbbd294c3b3331cfacba94	missing			excluded: public arXiv copy of v1 paper, intentionally not uploaded (see EVIDENCE_INDEX §6)
/workspace/reports/atm-v2-harness/refs/arxiv-2607.00041.txt	255668	2026-10-07 13:17	b94e24c16ab812ba0ecab39d065427bea82de08e	missing			excluded: public arXiv copy of v1 paper, intentionally not uploaded (see EVIDENCE_INDEX §6)
/workspace/reports/atm-v2-harness/review-pack/ARTIFACT_PACK_SPEC.md	10895	2026-10-07 23:30	0e6a6f04d24e00308d7c2dd05432cb4e3451e03c	on-main-identical		research/paper-v2/generations/r1-reviewed-2026-10-07/review/review-pack.tgz!review-pack/ARTIFACT_PACK_SPEC.md	
/workspace/reports/atm-v2-harness/review-pack/ATM_PAPER_V2_DRAFT_zh.md	81716	2026-10-07 20:21	49d7beae4724aede9aad39fce76c84c0a49e5f5b	on-main-identical		research/paper-v2/generations/r1-reviewed-2026-10-07/paper/ATM_PAPER_V2_DRAFT_zh.md	
/workspace/reports/atm-v2-harness/review-pack/ATM_PAPER_V2_FEASIBILITY_REVIEW.md	35602	2026-10-07 20:09	d1221e244eb91a6d06f8bb0e5df60d34ee584cb7	on-main-identical		research/paper-v2/generations/r1-reviewed-2026-10-07/docs/ATM_PAPER_V2_FEASIBILITY_REVIEW.md	
/workspace/reports/atm-v2-harness/review-pack/COMPOSER_STEWARD_IMPL_PLAN.md	27349	2026-10-07 13:36	241a8ca4d408a601d298b8ce827a6b978b5c5d42	on-main-identical		research/paper-v2/generations/r1-reviewed-2026-10-07/docs/COMPOSER_STEWARD_IMPL_PLAN.md	
/workspace/reports/atm-v2-harness/review-pack/EXPERIMENT_CHECKLIST.md	12230	2026-10-07 23:30	4cb8bfeda8313997137cc019895716bd2916654b	on-main-identical		research/paper-v2/generations/r1-reviewed-2026-10-07/docs/EXPERIMENT_CHECKLIST.md	
/workspace/reports/atm-v2-harness/review-pack/METRIC_DEFINITIONS.md	11036	2026-10-07 23:12	be81f74d0318b8adf175d4beaac69adcc727e5ef	on-main-identical		research/paper-v2/generations/r1-reviewed-2026-10-07/docs/METRIC_DEFINITIONS.md	
/workspace/reports/atm-v2-harness/review-pack/PAPER_V2_KEY_TABLES.md	16087	2026-10-07 20:21	77423ed89649af584e455d60e15e510f1e037208	on-main-identical		research/paper-v2/generations/r1-reviewed-2026-10-07/docs/PAPER_V2_KEY_TABLES.md	
/workspace/reports/atm-v2-harness/review-pack/README.md	630	2026-10-07 23:30	1a87f68baf8d3ac4788e319a9b2506072e54e32f	on-main-identical		research/paper-v2/generations/r1-reviewed-2026-10-07/review/review-pack.tgz!review-pack/README.md	
/workspace/reports/atm-v2-harness/review-pack/REPRODUCE.md	4144	2026-10-07 23:18	462669fff59c88264d2adbf92e14a11f73cd39f0	on-main-identical		research/paper-v2/generations/r1-reviewed-2026-10-07/harness/REPRODUCE.md	
/workspace/reports/atm-v2-harness/review-pack/REVIEW_PACK_FOR_EXTERNAL_AI.md	4560	2026-10-07 23:30	ef03e3a54dc5217546297dbc085a2be10056e21c	on-main-identical		research/paper-v2/generations/r1-reviewed-2026-10-07/review/REVIEW_PACK_FOR_EXTERNAL_AI.md	
/workspace/reports/atm-v2-harness/review-pack/VERSION_ANCHORS.md	11995	2026-10-07 23:30	13985028b64d74f48e3a627224b828e0e639d33a	on-main-identical		research/paper-v2/generations/r1-reviewed-2026-10-07/docs/VERSION_ANCHORS.md	
/workspace/reports/atm-v2-harness/review-pack/artifact_manifest.json	3527	2026-10-07 23:30	61692e3c92e4b2f6c5b63adc92c062a7f0c6513e	on-main-identical		research/paper-v2/generations/r1-reviewed-2026-10-07/review/review-pack.tgz!review-pack/artifact_manifest.json	
/workspace/reports/atm-v2-harness/review-pack/checksums.sha256	2330	2026-10-07 23:27	0d5ada26b4a6a2fb3354663e67b3b12afcde01b5	on-main-identical		research/paper-v2/generations/r1-reviewed-2026-10-07/review/review-pack.tgz!review-pack/checksums.sha256	
/workspace/reports/atm-v2-harness/review-pack/reproduce.sh	8722	2026-10-07 23:27	829fa267884d7b8ba31c318b11abdeeac68688ed	on-main-identical		research/paper-v2/generations/r1-reviewed-2026-10-07/harness/reproduce.sh	
/workspace/reports/atm-v2-harness/review-pack/b5-b8/B5.md	828	2026-10-07 22:44	c78f4b32f9cc74655b37bf04c753287f3149f62b	on-main-identical		research/paper-v2/generations/r1-reviewed-2026-10-07/summaries/runs/b5-b8/B5.md	
/workspace/reports/atm-v2-harness/review-pack/b5-b8/B5_B8_SUMMARY.md	1140	2026-10-07 22:44	eacf4dc96959a026224a163e706587b14d8bbe5b	on-main-identical		research/paper-v2/generations/r1-reviewed-2026-10-07/summaries/runs/b5-b8/B5_B8_SUMMARY.md	
/workspace/reports/atm-v2-harness/review-pack/b5-b8/B8.md	726	2026-10-07 22:44	ed6416fee954092748784211b257b5cd14b9cc43	on-main-identical		research/paper-v2/generations/r1-reviewed-2026-10-07/summaries/runs/b5-b8/B8.md	
/workspace/reports/atm-v2-harness/review-pack/b5-b8/EXPECTED.md	2857	2026-10-07 22:44	c1f7cd15933ecda59c9ff6e1fbde121d2924e231	on-main-identical		research/paper-v2/generations/r1-reviewed-2026-10-07/summaries/runs/b5-b8/EXPECTED.md	
/workspace/reports/atm-v2-harness/review-pack/b5-b8/checksums.sha256	1295	2026-10-07 22:44	25a2064aba31bfb636827a9721c5ebd86074d580	on-main-identical		research/paper-v2/generations/r1-reviewed-2026-10-07/summaries/runs/b5-b8/checksums.sha256	
/workspace/reports/atm-v2-harness/review-pack/baselines/D1.md	2714	2026-10-07 21:27	2c3ad3c310a501434f5b770a0733dacbd30a9c51	on-main-identical		research/paper-v2/generations/r1-reviewed-2026-10-07/summaries/runs/baselines/D1.md	
/workspace/reports/atm-v2-harness/review-pack/baselines/D2.md	4172	2026-10-07 21:29	e8e56200dc4832e23b48696c39e34cdb91ef02ad	on-main-identical		research/paper-v2/generations/r1-reviewed-2026-10-07/summaries/runs/baselines/D2.md	
/workspace/reports/atm-v2-harness/review-pack/baselines/D3.md	4422	2026-10-07 21:32	e44aa7f6b6a761cceb6971a38addb5dfe3dd5eeb	on-main-identical		research/paper-v2/generations/r1-reviewed-2026-10-07/summaries/runs/baselines/D3.md	
/workspace/reports/atm-v2-harness/review-pack/baselines/D4.md	4727	2026-10-07 21:33	b940c962d56a15cd42eefb296059b3298e58d8cc	on-main-identical		research/paper-v2/generations/r1-reviewed-2026-10-07/summaries/runs/baselines/D4.md	
/workspace/reports/atm-v2-harness/review-pack/baselines/D5_SUMMARY.md	4049	2026-10-07 22:51	818c1e914966353395c1af57aef7c3c0de229852	on-main-identical		research/paper-v2/generations/r1-reviewed-2026-10-07/summaries/runs/baselines/D5_SUMMARY.md	
/workspace/reports/atm-v2-harness/review-pack/composer-probe/EXPECTED.md	4229	2026-10-07 20:19	5ac256ba6d1392a62b2b647921f57ed16a7bcb0c	on-main-identical		research/paper-v2/generations/r1-reviewed-2026-10-07/summaries/runs/composer-probe/EXPECTED.md	
/workspace/reports/atm-v2-harness/review-pack/composer-probe/README.md	3385	2026-10-07 20:19	ab2c4d3a836765536ec36a851fbf4e417acbee8d	on-main-identical		research/paper-v2/generations/r1-reviewed-2026-10-07/summaries/runs/composer-probe/README.md	
/workspace/reports/atm-v2-harness/review-pack/composer-probe/checksums.sha256	230	2026-10-07 20:18	76d5e6bb10c965e0bfdfde55f72b54cb8729d240	on-main-identical		research/paper-v2/generations/r1-reviewed-2026-10-07/summaries/runs/composer-probe/checksums.sha256	
/workspace/reports/atm-v2-harness/review-pack/runs-summaries/E1_SUMMARY.md	8421	2026-10-07 22:50	6dc6723aa1e5b50888ccaf48ea80b25ad8b60eb7	on-main-identical		research/paper-v2/generations/r1-reviewed-2026-10-07/summaries/runs/e1-pilot/E1_SUMMARY.md	
/workspace/reports/atm-v2-harness/review-pack/runs-summaries/E2_SUMMARY.md	22048	2026-10-07 22:56	a315a7454d167bfcf67277c80cf37d3d057b01be	on-main-identical		research/paper-v2/generations/r1-reviewed-2026-10-07/summaries/runs/e2-matrix/E2_SUMMARY.md	
/workspace/reports/atm-v2-harness/review-pack/runs-summaries/E3_SUMMARY.md	12622	2026-10-07 23:18	35427517a8f275914bcf8db2cbcc6af1248f916f	on-main-identical		research/paper-v2/generations/r1-reviewed-2026-10-07/summaries/runs/e3-sweep/E3_SUMMARY.md	
/workspace/reports/atm-v2-harness/review-pack/runs-summaries/E4_SUMMARY.md	4912	2026-10-07 23:27	fcc2b65a6efaaa432e0efeebe29f300c86d9651b	on-main-identical		research/paper-v2/generations/r1-reviewed-2026-10-07/summaries/runs/e4-multiprocess/E4_SUMMARY.md	
/workspace/reports/atm-v2-harness/review-pack/runs-summaries/E5_SUMMARY.md	2034	2026-10-07 23:30	8f8bfe33e9440e530888e631dd1cc4df3840cb7a	on-main-identical		research/paper-v2/generations/r1-reviewed-2026-10-07/summaries/runs/e5-fault/E5_SUMMARY.md	
/workspace/reports/atm-v2-harness/review-pack/runs-summaries/SEEDS_REGISTERED.md	775	2026-10-07 23:28	2446f1a1206c70f4c0ddb82d1a31370e931f80a7	on-main-identical		research/paper-v2/generations/r1-reviewed-2026-10-07/summaries/runs/e5-fault/SEEDS_REGISTERED.md	
/workspace/reports/atm-v2-harness/review-pack/runs-summaries/e5_compare_raw.json	6151	2026-10-07 23:29	4559a7e667852ec1a8766e684a7c5102c6c2f131	on-main-identical		research/paper-v2/generations/r1-reviewed-2026-10-07/summaries/runs/e5-fault/e5_compare_raw.json	
/workspace/reports/atm-v2-harness/review-pack/runs-summaries/seeds.json	1662	2026-10-07 23:28	b3aafcbf25823712efdecba1584d2a26fc45d385	on-main-identical		research/paper-v2/generations/r1-reviewed-2026-10-07/summaries/runs/e5-fault/seeds.json	
/workspace/reports/atm-v2-harness/review-pack/steward-writer/INDEX.md	1993	2026-10-07 23:30	212f5751fdb6bf7dd0d4f390d1334056f0769f20	on-main-identical		research/paper-v2/generations/r1-reviewed-2026-10-07/review/review-pack.tgz!review-pack/steward-writer/INDEX.md	
/workspace/reports/atm-v2-harness/review-pack/steward-writer/STEWARD_WRITER_B5_B8.md	934	2026-10-07 22:44	10298f9eb2921cdb4d7afa70fda41e63a4848fb5	on-main-identical		research/paper-v2/generations/r1-reviewed-2026-10-07/summaries/runs/steward-writer/STEWARD_WRITER_B5_B8.md	
/workspace/reports/atm-v2-harness/review-pack/steward-writer/STEWARD_WRITER_C1.md	3298	2026-10-07 21:17	d90174df6cf4110a1dcbd45aeb0f44209cdfde3e	on-main-identical		research/paper-v2/generations/r1-reviewed-2026-10-07/summaries/runs/steward-writer/STEWARD_WRITER_C1.md	
/workspace/reports/atm-v2-harness/review-pack/steward-writer/STEWARD_WRITER_C2.md	4291	2026-10-07 21:20	127ba26d377d3ae7be3093f0a3a592fd62d38f4f	on-main-identical		research/paper-v2/generations/r1-reviewed-2026-10-07/summaries/runs/steward-writer/STEWARD_WRITER_C2.md	
/workspace/reports/atm-v2-harness/review-pack/steward-writer/STEWARD_WRITER_C3.md	3199	2026-10-07 21:22	2fd9d8e1a42f04aacdf8571ed68f3542cd49d7ad	on-main-identical		research/paper-v2/generations/r1-reviewed-2026-10-07/summaries/runs/steward-writer/STEWARD_WRITER_C3.md	
/workspace/reports/atm-v2-harness/review-pack/steward-writer/STEWARD_WRITER_C4.md	3109	2026-10-07 21:24	d241ebaccddd3eff468f7026106cb74cd6dddbdb	on-main-identical		research/paper-v2/generations/r1-reviewed-2026-10-07/summaries/runs/steward-writer/STEWARD_WRITER_C4.md	
/workspace/reports/atm-v2-harness/review-pack/steward-writer/STEWARD_WRITER_D1.md	2714	2026-10-07 21:27	2c3ad3c310a501434f5b770a0733dacbd30a9c51	on-main-identical		research/paper-v2/generations/r1-reviewed-2026-10-07/summaries/runs/baselines/D1.md	
/workspace/reports/atm-v2-harness/review-pack/steward-writer/STEWARD_WRITER_D2.md	4172	2026-10-07 21:29	e8e56200dc4832e23b48696c39e34cdb91ef02ad	on-main-identical		research/paper-v2/generations/r1-reviewed-2026-10-07/summaries/runs/baselines/D2.md	
/workspace/reports/atm-v2-harness/review-pack/steward-writer/STEWARD_WRITER_D3.md	4422	2026-10-07 21:32	e44aa7f6b6a761cceb6971a38addb5dfe3dd5eeb	on-main-identical		research/paper-v2/generations/r1-reviewed-2026-10-07/summaries/runs/baselines/D3.md	
/workspace/reports/atm-v2-harness/review-pack/steward-writer/STEWARD_WRITER_D4.md	4727	2026-10-07 21:33	b940c962d56a15cd42eefb296059b3298e58d8cc	on-main-identical		research/paper-v2/generations/r1-reviewed-2026-10-07/summaries/runs/baselines/D4.md	
/workspace/reports/atm-v2-harness/review-pack/steward-writer/STEWARD_WRITER_D5.md	3987	2026-10-07 21:35	fab0e618e779d32a8e89eb61d4fe684267c08d88	on-main-identical		research/paper-v2/generations/r1-reviewed-2026-10-07/summaries/runs/steward-writer/STEWARD_WRITER_D5.md	
/workspace/reports/atm-v2-harness/review-pack/steward-writer/STEWARD_WRITER_E1.md	1631	2026-10-07 22:50	af1a29e67be43c8f2cbeadaf26d71ebb19968abb	on-main-identical		research/paper-v2/generations/r1-reviewed-2026-10-07/summaries/runs/steward-writer/STEWARD_WRITER_E1.md	
/workspace/reports/atm-v2-harness/review-pack/steward-writer/STEWARD_WRITER_E2.md	1784	2026-10-07 22:56	3d8a948fa14dff10371274a409014dd6fc83ce8a	on-main-identical		research/paper-v2/generations/r1-reviewed-2026-10-07/summaries/runs/steward-writer/STEWARD_WRITER_E2.md	
/workspace/reports/atm-v2-harness/review-pack/steward-writer/STEWARD_WRITER_E3.md	1810	2026-10-07 23:18	bfcb229f8aed9642c347826c9080bbecbd1a48ac	on-main-identical		research/paper-v2/generations/r1-reviewed-2026-10-07/summaries/runs/steward-writer/STEWARD_WRITER_E3.md	
/workspace/reports/atm-v2-harness/review-pack/steward-writer/STEWARD_WRITER_E4.md	1045	2026-10-07 23:27	7c84712fe56cc4fae5dcaf95bc0a67bff8316ea3	on-main-identical		research/paper-v2/generations/r1-reviewed-2026-10-07/summaries/runs/steward-writer/STEWARD_WRITER_E4.md	
/workspace/reports/atm-v2-harness/review-pack/steward-writer/STEWARD_WRITER_E5.md	793	2026-10-07 23:30	153c6fdd2f078f72871b2e54989dada10230de09	on-main-identical		research/paper-v2/generations/r1-reviewed-2026-10-07/summaries/runs/steward-writer/STEWARD_WRITER_E5.md	
/workspace/reports/atm-v2-harness/review-pack/steward-writer/STEWARD_WRITER_GAPS.md	2653	2026-10-07 23:12	785c401985681252adddaa778ce3c399e46d103a	on-main-identical		research/paper-v2/generations/r1-reviewed-2026-10-07/summaries/runs/steward-writer/STEWARD_WRITER_GAPS.md	
/workspace/reports/atm-v2-harness/review-pack/tables/F1_FIGURES.md	2717	2026-10-07 23:30	9ee3ab55dfed1ac379f03868861ddea3e856f589	on-main-identical		research/paper-v2/generations/r1-reviewed-2026-10-07/tables/F1_FIGURES.md	
/workspace/reports/atm-v2-harness/review-pack/tables/F2_CORRECTNESS_TABLES.md	2223	2026-10-07 23:30	2013233bf4043c0c6a2ce364740b0ebadd0782c4	on-main-identical		research/paper-v2/generations/r1-reviewed-2026-10-07/tables/F2_CORRECTNESS_TABLES.md	
/workspace/reports/atm-v2-harness/review-pack/tables/README.md	433	2026-10-07 23:30	0534f9b3557cbb0fbf6415389516bae9b2780bd3	on-main-identical		research/paper-v2/generations/r1-reviewed-2026-10-07/tables/README.md	
/workspace/reports/atm-v2-harness/runs/r5-analysis/r5-2026-10-08/RAW_READONLY_CHECK.txt	93	2026-10-08 18:32	a4c1f74cf4a1b531f3949f816ebf7a502c07fa6e	on-main-identical		research/paper-v2/generations/r5-2026-10-08/summaries/runs/r5-analysis/r5-2026-10-08/RAW_READONLY_CHECK.txt	
/workspace/reports/atm-v2-harness/runs/r5-analysis/r5-2026-10-08/cell-index.log	951	2026-10-08 18:31	95725da5bc4e3f00d510d3d53645a85dd581151e	on-main-identical		research/paper-v2/generations/r5-2026-10-08/summaries/runs/r5-analysis/r5-2026-10-08/cell-index.log	
/workspace/reports/atm-v2-harness/runs/r5-analysis/r5-2026-10-08/e4-forensics.log	3068	2026-10-08 18:31	76333ab3989674dbf39fe2c2e6938f2d611da0b1	on-main-identical		research/paper-v2/generations/r2-2026-10-08/summaries/runs/r2-analysis/r2-2026-10-08/e4-forensics.log	
/workspace/reports/atm-v2-harness/runs/r5-analysis/r5-2026-10-08/logical-id-audit.log	270	2026-10-08 18:31	a567e99dee12a2f032f51c238ba3d24dfaadb5b6	on-main-identical		research/paper-v2/generations/r2-2026-10-08/summaries/runs/r2-analysis/r2-2026-10-08/logical-id-audit.log	
/workspace/reports/atm-v2-harness/runs/r5-analysis/r5-2026-10-08/oracle-contract.log	2634	2026-10-08 18:31	9a7631765d9168e853c98ee54abd4abbb8adbc70	on-main-identical		research/paper-v2/generations/r2-2026-10-08/summaries/runs/r2-analysis/r2-2026-10-08/oracle-contract.log	
/workspace/reports/atm-v2-harness/runs/r5-analysis/r5-2026-10-08/oracle-rescore.log	2578	2026-10-08 18:31	63570e4e4d40597eeaf5ca3acb35478a93a8106c	on-main-identical		research/paper-v2/generations/r5-2026-10-08/summaries/runs/r5-analysis/r5-2026-10-08/oracle-rescore.log	
/workspace/reports/atm-v2-harness/runs/r5-analysis/r5-2026-10-08/r3-compare.log	450	2026-10-08 18:31	70a441d25fe150c68baaa7bb01cb2da5631d5b74	on-main-identical		research/paper-v2/generations/r3-2026-10-08/summaries/runs/r3-analysis/r3-2026-10-08/r3-compare.log	
/workspace/reports/atm-v2-harness/runs/r5-analysis/r5-2026-10-08/r4-compare.log	1205	2026-10-08 18:32	9180d831119ce3f5d652ffd0ab9cac968e2d3b6b	on-main-identical		research/paper-v2/generations/r4-2026-10-08/summaries/runs/r4-analysis/r4-2026-10-08/r4-compare.log	
/workspace/reports/atm-v2-harness/runs/r5-analysis/r5-2026-10-08/r5-compare.log	1992	2026-10-08 18:32	06ec63cb035d9d1d5579027c3346d63577e663e3	on-main-identical		research/paper-v2/generations/r5-2026-10-08/summaries/runs/r5-analysis/r5-2026-10-08/r5-compare.log	
/workspace/reports/atm-v2-harness/runs/r5-analysis/r5-2026-10-08/tables.log	469	2026-10-08 18:31	6564f8c71b43eefcbdcd0883a7ff1bf267cfed3f	on-main-identical		research/paper-v2/generations/r2-2026-10-08/summaries/runs/r2-analysis/r2-2026-10-08/tables.log	
/workspace/reports/atm-v2-harness/runs/r5-analysis/r5-2026-10-08/cell-index/CELL_INDEX.csv	1364902	2026-10-08 18:31	2fa84f00de99afc30a123effa628750585c6f62c	on-main-identical		research/paper-v2/generations/r5-2026-10-08/summaries/runs/r5-analysis/r5-2026-10-08/cell-index/CELL_INDEX.csv	
/workspace/reports/atm-v2-harness/runs/r5-analysis/r5-2026-10-08/cell-index/CELL_INDEX.json	3410987	2026-10-08 18:31	faf546049b15f49561a1fc0151f23cc285d370d1	on-main-identical		research/paper-v2/generations/r5-2026-10-08/summaries/runs/r5-analysis/r5-2026-10-08/cell-index/CELL_INDEX.json	
/workspace/reports/atm-v2-harness/runs/r5-analysis/r5-2026-10-08/e4-forensics/forensics_summary.json	99424	2026-10-08 18:31	55b60b2632bdd7db2a03e104a7dbf9da2bc852a7	on-main-identical		research/paper-v2/generations/r2-2026-10-08/summaries/runs/r2-analysis/r2-2026-10-08/e4-forensics/forensics_summary.json	
/workspace/reports/atm-v2-harness/runs/r5-analysis/r5-2026-10-08/e4-forensics/forensics_table.md	3068	2026-10-08 18:31	76333ab3989674dbf39fe2c2e6938f2d611da0b1	on-main-identical		research/paper-v2/generations/r2-2026-10-08/summaries/runs/r2-analysis/r2-2026-10-08/e4-forensics.log	
/workspace/reports/atm-v2-harness/runs/r5-analysis/r5-2026-10-08/logical-id-audit/LOGICAL_ID_AUDIT.md	728	2026-10-08 18:31	aeeae1df09a38b7570b1c31e3e204bf1c360b1a8	on-main-identical		research/paper-v2/generations/r2-2026-10-08/summaries/runs/r2-analysis/r2-2026-10-08/logical-id-audit/LOGICAL_ID_AUDIT.md	
/workspace/reports/atm-v2-harness/runs/r5-analysis/r5-2026-10-08/logical-id-audit/logical_id_audit.json	41967	2026-10-08 18:31	eefdfcc5451534142db44c6f648f4ee2dcea46f5	on-main-identical		research/paper-v2/generations/r2-2026-10-08/summaries/runs/r2-analysis/r2-2026-10-08/logical-id-audit/logical_id_audit.json	
/workspace/reports/atm-v2-harness/runs/r5-analysis/r5-2026-10-08/oracle-contract/ORACLE_V2_CONTRACT.md	2633	2026-10-08 18:31	34ed2b27709fab1c5f07ad881ad26f34c94f9d7d	on-main-identical		research/paper-v2/generations/r2-2026-10-08/summaries/runs/r2-analysis/r2-2026-10-08/oracle-contract/ORACLE_V2_CONTRACT.md	
/workspace/reports/atm-v2-harness/runs/r5-analysis/r5-2026-10-08/oracle-contract/oracle_v2_contract_results.json	15090	2026-10-08 18:31	704b73c2c082aded9df82a2756921f5abf484886	on-main-identical		research/paper-v2/generations/r2-2026-10-08/summaries/runs/r2-analysis/r2-2026-10-08/oracle-contract/oracle_v2_contract_results.json	
/workspace/reports/atm-v2-harness/runs/r5-analysis/r5-2026-10-08/oracle-rescore/RESCORE_SUMMARY.md	3748	2026-10-08 18:31	1573a1b970e96acff854e5b105b7988d0accc2b2	on-main-identical		research/paper-v2/generations/r5-2026-10-08/summaries/runs/r5-analysis/r5-2026-10-08/oracle-rescore/RESCORE_SUMMARY.md	
/workspace/reports/atm-v2-harness/runs/r5-analysis/r5-2026-10-08/oracle-rescore/rescore_by_stage.json	8951	2026-10-08 18:31	e653d76afb6ba9d8151ebb976e2c266cab14e0a2	on-main-identical		research/paper-v2/generations/r5-2026-10-08/summaries/runs/r5-analysis/r5-2026-10-08/oracle-rescore/rescore_by_stage.json	
/workspace/reports/atm-v2-harness/runs/r5-analysis/r5-2026-10-08/oracle-rescore/rescore_cells.json	1538595	2026-10-08 18:31	32633236f3f58e78e4a31553e45dc3a991a8dcd8	on-main-identical		research/paper-v2/generations/r5-2026-10-08/summaries/runs/r5-analysis/r5-2026-10-08/oracle-rescore/rescore_cells.json	
/workspace/reports/atm-v2-harness/runs/r5-analysis/r5-2026-10-08/oracle-rescore/rescore_changes.json	1983	2026-10-08 18:31	46fdf26a757bdfb24dac27fbef481e158d2f643b	on-main-identical		research/paper-v2/generations/r2-2026-10-08/summaries/runs/r2-analysis/r2-2026-10-08/oracle-rescore/rescore_changes.json	
/workspace/reports/atm-v2-harness/runs/r5-analysis/r5-2026-10-08/r1-extractors/E2_NOTE.txt	104	2026-10-08 18:32	25ba8b18637a43385f16435c0eb17f133c68ea79	on-main-identical		research/paper-v2/generations/r2-2026-10-08/summaries/runs/r2-analysis/r2-2026-10-08/r1-extractors/E2_NOTE.txt	
/workspace/reports/atm-v2-harness/runs/r5-analysis/r5-2026-10-08/r1-extractors/e3_compare_raw.diff.txt	10	2026-10-08 18:32	eab85fa34e3d88f9ec42f6585ded13ad7d229eed	on-main-identical		research/paper-v2/generations/r2-2026-10-08/summaries/runs/r2-analysis/r2-2026-10-08/r1-extractors/e3_compare_raw.diff.txt	
/workspace/reports/atm-v2-harness/runs/r5-analysis/r5-2026-10-08/r1-extractors/e3_compare_raw.json	134054	2026-10-08 18:32	a375a0ed6b5a9704dd13b4aee207d5a562dbc0fe	on-main-identical		research/paper-v2/generations/r1-reviewed-2026-10-07/summaries/runs/e3-sweep/e3_compare_raw.json	
/workspace/reports/atm-v2-harness/runs/r5-analysis/r5-2026-10-08/r1-extractors/e4_compare_raw.diff.txt	10	2026-10-08 18:32	eab85fa34e3d88f9ec42f6585ded13ad7d229eed	on-main-identical		research/paper-v2/generations/r2-2026-10-08/summaries/runs/r2-analysis/r2-2026-10-08/r1-extractors/e3_compare_raw.diff.txt	
/workspace/reports/atm-v2-harness/runs/r5-analysis/r5-2026-10-08/r1-extractors/e4_compare_raw.json	24857	2026-10-08 18:32	ea7a0afafb0501ebd56b63cbe5affe6193d61c70	on-main-identical		research/paper-v2/generations/r1-reviewed-2026-10-07/summaries/runs/e4-multiprocess/e4_compare_raw.json	
/workspace/reports/atm-v2-harness/runs/r5-analysis/r5-2026-10-08/r1-extractors/extract_e3.py	8858	2026-10-08 18:32	67ea624f69983084b9d57fcd1f3eca0ed4a1a3a6	on-main-identical		research/paper-v2/generations/r5-2026-10-08/summaries/runs/r5-analysis/r5-2026-10-08/r1-extractors/extract_e3.py	
/workspace/reports/atm-v2-harness/runs/r5-analysis/r5-2026-10-08/r1-extractors/extract_e3.py.log	64	2026-10-08 18:32	bf82a70a6103911df52aee995bb14ff78e8648c5	on-main-identical		research/paper-v2/generations/r2-2026-10-08/summaries/runs/r2-analysis/r2-2026-10-08/r1-extractors/extract_e3.py.log	
/workspace/reports/atm-v2-harness/runs/r5-analysis/r5-2026-10-08/r1-extractors/extract_e4.py	8938	2026-10-08 18:32	cebc49568250eeabb2e763e50c3dd09cad56c86e	on-main-identical		research/paper-v2/generations/r5-2026-10-08/summaries/runs/r5-analysis/r5-2026-10-08/r1-extractors/extract_e4.py	
/workspace/reports/atm-v2-harness/runs/r5-analysis/r5-2026-10-08/r1-extractors/extract_e4.py.log	604	2026-10-08 18:32	e9554914232e706ed7259bd19a9f2ba656782afd	on-main-identical		research/paper-v2/generations/r2-2026-10-08/summaries/runs/r2-analysis/r2-2026-10-08/r1-extractors/extract_e4.py.log	
/workspace/reports/atm-v2-harness/runs/r5-analysis/r5-2026-10-08/r3-compare/R3_TABLES.md	9494	2026-10-08 18:31	8ffc4e6622b2541e382b3166f6b7c280bec947e4	on-main-identical		research/paper-v2/generations/r3-2026-10-08/summaries/runs/r3-analysis/r3-2026-10-08/r3-compare/R3_TABLES.md	
/workspace/reports/atm-v2-harness/runs/r5-analysis/r5-2026-10-08/r3-compare/r3_cells.json	462691	2026-10-08 18:31	5ca24a21cdf59bd29e0bf89e466e6015ba602946	on-main-identical		research/paper-v2/generations/r3-2026-10-08/summaries/runs/r3-analysis/r3-2026-10-08/r3-compare/r3_cells.json	
/workspace/reports/atm-v2-harness/runs/r5-analysis/r5-2026-10-08/r3-compare/r3_summary.json	103441	2026-10-08 18:31	9dbc54423ab5acb9aa07655d7916125d6348e028	on-main-identical		research/paper-v2/generations/r3-2026-10-08/summaries/runs/r3-analysis/r3-2026-10-08/r3-compare/r3_summary.json	
/workspace/reports/atm-v2-harness/runs/r5-analysis/r5-2026-10-08/r4-compare/R4_TABLES.md	18635	2026-10-08 18:32	af388993c4fd255c76e71dd63ab66f50904d0378	on-main-identical		research/paper-v2/generations/r4-2026-10-08/summaries/runs/r4-analysis/r4-2026-10-08/r4-compare/R4_TABLES.md	
/workspace/reports/atm-v2-harness/runs/r5-analysis/r5-2026-10-08/r4-compare/r4_cells.json	718086	2026-10-08 18:32	862fd9480c6f75fb987c39690b56ebf8399268f9	on-main-identical		research/paper-v2/generations/r4-2026-10-08/summaries/runs/r4-analysis/r4-2026-10-08/r4-compare/r4_cells.json	
/workspace/reports/atm-v2-harness/runs/r5-analysis/r5-2026-10-08/r4-compare/r4_summary.json	176273	2026-10-08 18:32	10b870390ccf39f9848cf244c2eeb82d87200387	on-main-identical		research/paper-v2/generations/r4-2026-10-08/summaries/runs/r4-analysis/r4-2026-10-08/r4-compare/r4_summary.json	
/workspace/reports/atm-v2-harness/runs/r5-analysis/r5-2026-10-08/r5-compare/R5_TABLES.md	38503	2026-10-08 18:32	fd14db5f4b9644947214d66d1a7fb8bb1262a8e6	on-main-identical		research/paper-v2/generations/r5-2026-10-08/summaries/runs/r5-analysis/r5-2026-10-08/r5-compare/R5_TABLES.md	
/workspace/reports/atm-v2-harness/runs/r5-analysis/r5-2026-10-08/r5-compare/r5_cells.json	1224725	2026-10-08 18:32	7176ed1f057e9a5061cab5704dc025453bb8fade	on-main-identical		research/paper-v2/generations/r5-2026-10-08/summaries/runs/r5-analysis/r5-2026-10-08/r5-compare/r5_cells.json	
/workspace/reports/atm-v2-harness/runs/r5-analysis/r5-2026-10-08/r5-compare/r5_summary.json	300265	2026-10-08 18:32	f094024fad8520cc1734d97362f02a6ea660e0ad	on-main-identical		research/paper-v2/generations/r5-2026-10-08/summaries/runs/r5-analysis/r5-2026-10-08/r5-compare/r5_summary.json	
/workspace/reports/atm-v2-harness/runs/r5-analysis/r5-2026-10-08/tables/REBUILD_SUMMARY.md	6538	2026-10-08 18:31	67627793b097d232109619123106e238cc6761a3	on-main-identical		research/paper-v2/generations/r2-2026-10-08/summaries/runs/r2-analysis/r2-2026-10-08/tables/REBUILD_SUMMARY.md	
/workspace/reports/atm-v2-harness/runs/r5-analysis/r5-2026-10-08/tables/rebuilt_tables.json	255390	2026-10-08 18:31	477f86f9aad72c1b7560fd12cfcdf3816967f757	on-main-identical		research/paper-v2/generations/r2-2026-10-08/summaries/runs/r2-analysis/r2-2026-10-08/tables/rebuilt_tables.json	
/workspace/reports/atm-v2-harness/runs/r5-analysis/superseded-r5-2026-10-08-v1/RAW_READONLY_CHECK.txt	93	2026-10-08 18:19	9e4cb2c3b682a84a249b757252fe7a5d791fb664	outdated	atm-v2-harness/runs/r5-analysis/superseded-r5-2026-10-08-v1/RAW_READONLY_CHECK.txt	research/paper-v2/generations/r5-2026-10-08/summaries/runs/r5-analysis/r5-2026-10-08/RAW_READONLY_CHECK.txt	
/workspace/reports/atm-v2-harness/runs/r5-analysis/superseded-r5-2026-10-08-v1/cell-index.log	951	2026-10-08 18:19	04906ae3f7f1dccf4d2b6fe3b584540e55d8000f	outdated	atm-v2-harness/runs/r5-analysis/superseded-r5-2026-10-08-v1/cell-index.log	research/paper-v2/generations/r5-2026-10-08/summaries/runs/r5-analysis/r5-2026-10-08/cell-index.log	
/workspace/reports/atm-v2-harness/runs/r5-analysis/superseded-r5-2026-10-08-v1/e4-forensics.log	3068	2026-10-08 18:19	76333ab3989674dbf39fe2c2e6938f2d611da0b1	on-main-identical		research/paper-v2/generations/r2-2026-10-08/summaries/runs/r2-analysis/r2-2026-10-08/e4-forensics.log	
/workspace/reports/atm-v2-harness/runs/r5-analysis/superseded-r5-2026-10-08-v1/logical-id-audit.log	270	2026-10-08 18:19	a567e99dee12a2f032f51c238ba3d24dfaadb5b6	on-main-identical		research/paper-v2/generations/r2-2026-10-08/summaries/runs/r2-analysis/r2-2026-10-08/logical-id-audit.log	
/workspace/reports/atm-v2-harness/runs/r5-analysis/superseded-r5-2026-10-08-v1/oracle-contract.log	2634	2026-10-08 18:19	9a7631765d9168e853c98ee54abd4abbb8adbc70	on-main-identical		research/paper-v2/generations/r2-2026-10-08/summaries/runs/r2-analysis/r2-2026-10-08/oracle-contract.log	
/workspace/reports/atm-v2-harness/runs/r5-analysis/superseded-r5-2026-10-08-v1/oracle-rescore.log	2578	2026-10-08 18:19	0f8cd15790949bee7b6581d77bbe6d2cbcd10545	outdated	atm-v2-harness/runs/r5-analysis/superseded-r5-2026-10-08-v1/oracle-rescore.log	research/paper-v2/generations/r5-2026-10-08/summaries/runs/r5-analysis/r5-2026-10-08/oracle-rescore.log	
/workspace/reports/atm-v2-harness/runs/r5-analysis/superseded-r5-2026-10-08-v1/r3-compare.log	450	2026-10-08 18:19	70a441d25fe150c68baaa7bb01cb2da5631d5b74	on-main-identical		research/paper-v2/generations/r3-2026-10-08/summaries/runs/r3-analysis/r3-2026-10-08/r3-compare.log	
/workspace/reports/atm-v2-harness/runs/r5-analysis/superseded-r5-2026-10-08-v1/r4-compare.log	1205	2026-10-08 18:19	9180d831119ce3f5d652ffd0ab9cac968e2d3b6b	on-main-identical		research/paper-v2/generations/r4-2026-10-08/summaries/runs/r4-analysis/r4-2026-10-08/r4-compare.log	
/workspace/reports/atm-v2-harness/runs/r5-analysis/superseded-r5-2026-10-08-v1/r5-compare.log	2181	2026-10-08 18:19	991e441de9aaed6fa32b77456346fde905a2c19c	outdated	atm-v2-harness/runs/r5-analysis/superseded-r5-2026-10-08-v1/r5-compare.log	research/paper-v2/generations/r5-2026-10-08/summaries/runs/r5-analysis/r5-2026-10-08/r5-compare.log	
/workspace/reports/atm-v2-harness/runs/r5-analysis/superseded-r5-2026-10-08-v1/tables.log	469	2026-10-08 18:19	6564f8c71b43eefcbdcd0883a7ff1bf267cfed3f	on-main-identical		research/paper-v2/generations/r2-2026-10-08/summaries/runs/r2-analysis/r2-2026-10-08/tables.log	
/workspace/reports/atm-v2-harness/runs/r5-analysis/superseded-r5-2026-10-08-v1/cell-index/CELL_INDEX.csv	1251967	2026-10-08 18:19	a529331e6d4bbe0e9c6e34fce31532f55d00a714	outdated	atm-v2-harness/runs/r5-analysis/superseded-r5-2026-10-08-v1/cell-index/CELL_INDEX.csv	research/paper-v2/generations/r5-2026-10-08/summaries/runs/r5-analysis/r5-2026-10-08/cell-index/CELL_INDEX.csv	
/workspace/reports/atm-v2-harness/runs/r5-analysis/superseded-r5-2026-10-08-v1/cell-index/CELL_INDEX.json	3121427	2026-10-08 18:19	fcc6569cc81ca6b1f5164a3bec9c617047e7ec72	outdated	atm-v2-harness/runs/r5-analysis/superseded-r5-2026-10-08-v1/cell-index/CELL_INDEX.json	research/paper-v2/generations/r5-2026-10-08/summaries/runs/r5-analysis/r5-2026-10-08/cell-index/CELL_INDEX.json	
/workspace/reports/atm-v2-harness/runs/r5-analysis/superseded-r5-2026-10-08-v1/e4-forensics/forensics_summary.json	99424	2026-10-08 18:19	55b60b2632bdd7db2a03e104a7dbf9da2bc852a7	on-main-identical		research/paper-v2/generations/r2-2026-10-08/summaries/runs/r2-analysis/r2-2026-10-08/e4-forensics/forensics_summary.json	
/workspace/reports/atm-v2-harness/runs/r5-analysis/superseded-r5-2026-10-08-v1/e4-forensics/forensics_table.md	3068	2026-10-08 18:19	76333ab3989674dbf39fe2c2e6938f2d611da0b1	on-main-identical		research/paper-v2/generations/r2-2026-10-08/summaries/runs/r2-analysis/r2-2026-10-08/e4-forensics.log	
/workspace/reports/atm-v2-harness/runs/r5-analysis/superseded-r5-2026-10-08-v1/logical-id-audit/LOGICAL_ID_AUDIT.md	728	2026-10-08 18:19	aeeae1df09a38b7570b1c31e3e204bf1c360b1a8	on-main-identical		research/paper-v2/generations/r2-2026-10-08/summaries/runs/r2-analysis/r2-2026-10-08/logical-id-audit/LOGICAL_ID_AUDIT.md	
/workspace/reports/atm-v2-harness/runs/r5-analysis/superseded-r5-2026-10-08-v1/logical-id-audit/logical_id_audit.json	41967	2026-10-08 18:19	eefdfcc5451534142db44c6f648f4ee2dcea46f5	on-main-identical		research/paper-v2/generations/r2-2026-10-08/summaries/runs/r2-analysis/r2-2026-10-08/logical-id-audit/logical_id_audit.json	
/workspace/reports/atm-v2-harness/runs/r5-analysis/superseded-r5-2026-10-08-v1/oracle-contract/ORACLE_V2_CONTRACT.md	2633	2026-10-08 18:19	34ed2b27709fab1c5f07ad881ad26f34c94f9d7d	on-main-identical		research/paper-v2/generations/r2-2026-10-08/summaries/runs/r2-analysis/r2-2026-10-08/oracle-contract/ORACLE_V2_CONTRACT.md	
/workspace/reports/atm-v2-harness/runs/r5-analysis/superseded-r5-2026-10-08-v1/oracle-contract/oracle_v2_contract_results.json	15090	2026-10-08 18:19	704b73c2c082aded9df82a2756921f5abf484886	on-main-identical		research/paper-v2/generations/r2-2026-10-08/summaries/runs/r2-analysis/r2-2026-10-08/oracle-contract/oracle_v2_contract_results.json	
/workspace/reports/atm-v2-harness/runs/r5-analysis/superseded-r5-2026-10-08-v1/oracle-rescore/RESCORE_SUMMARY.md	3748	2026-10-08 18:19	719d6fb7df1bd7114cbfc3a5902d803d7e7815ac	outdated	atm-v2-harness/runs/r5-analysis/superseded-r5-2026-10-08-v1/oracle-rescore/RESCORE_SUMMARY.md	research/paper-v2/generations/r5-2026-10-08/summaries/runs/r5-analysis/r5-2026-10-08/oracle-rescore/RESCORE_SUMMARY.md	
/workspace/reports/atm-v2-harness/runs/r5-analysis/superseded-r5-2026-10-08-v1/oracle-rescore/rescore_by_stage.json	8951	2026-10-08 18:19	d15ad3f051e7520c3c5808e87e2b089a42faf2cf	outdated	atm-v2-harness/runs/r5-analysis/superseded-r5-2026-10-08-v1/oracle-rescore/rescore_by_stage.json	research/paper-v2/generations/r5-2026-10-08/summaries/runs/r5-analysis/r5-2026-10-08/oracle-rescore/rescore_by_stage.json	
/workspace/reports/atm-v2-harness/runs/r5-analysis/superseded-r5-2026-10-08-v1/oracle-rescore/rescore_cells.json	1413545	2026-10-08 18:19	63d04f57cab91cc32dcde513015c5f7239999f00	outdated	atm-v2-harness/runs/r5-analysis/superseded-r5-2026-10-08-v1/oracle-rescore/rescore_cells.json	research/paper-v2/generations/r5-2026-10-08/summaries/runs/r5-analysis/r5-2026-10-08/oracle-rescore/rescore_cells.json	
/workspace/reports/atm-v2-harness/runs/r5-analysis/superseded-r5-2026-10-08-v1/oracle-rescore/rescore_changes.json	1983	2026-10-08 18:19	46fdf26a757bdfb24dac27fbef481e158d2f643b	on-main-identical		research/paper-v2/generations/r2-2026-10-08/summaries/runs/r2-analysis/r2-2026-10-08/oracle-rescore/rescore_changes.json	
/workspace/reports/atm-v2-harness/runs/r5-analysis/superseded-r5-2026-10-08-v1/r1-extractors/E2_NOTE.txt	104	2026-10-08 18:19	25ba8b18637a43385f16435c0eb17f133c68ea79	on-main-identical		research/paper-v2/generations/r2-2026-10-08/summaries/runs/r2-analysis/r2-2026-10-08/r1-extractors/E2_NOTE.txt	
/workspace/reports/atm-v2-harness/runs/r5-analysis/superseded-r5-2026-10-08-v1/r1-extractors/e3_compare_raw.diff.txt	10	2026-10-08 18:19	eab85fa34e3d88f9ec42f6585ded13ad7d229eed	on-main-identical		research/paper-v2/generations/r2-2026-10-08/summaries/runs/r2-analysis/r2-2026-10-08/r1-extractors/e3_compare_raw.diff.txt	
/workspace/reports/atm-v2-harness/runs/r5-analysis/superseded-r5-2026-10-08-v1/r1-extractors/e3_compare_raw.json	134054	2026-10-08 18:19	a375a0ed6b5a9704dd13b4aee207d5a562dbc0fe	on-main-identical		research/paper-v2/generations/r1-reviewed-2026-10-07/summaries/runs/e3-sweep/e3_compare_raw.json	
/workspace/reports/atm-v2-harness/runs/r5-analysis/superseded-r5-2026-10-08-v1/r1-extractors/e4_compare_raw.diff.txt	10	2026-10-08 18:19	eab85fa34e3d88f9ec42f6585ded13ad7d229eed	on-main-identical		research/paper-v2/generations/r2-2026-10-08/summaries/runs/r2-analysis/r2-2026-10-08/r1-extractors/e3_compare_raw.diff.txt	
/workspace/reports/atm-v2-harness/runs/r5-analysis/superseded-r5-2026-10-08-v1/r1-extractors/e4_compare_raw.json	24857	2026-10-08 18:19	ea7a0afafb0501ebd56b63cbe5affe6193d61c70	on-main-identical		research/paper-v2/generations/r1-reviewed-2026-10-07/summaries/runs/e4-multiprocess/e4_compare_raw.json	
/workspace/reports/atm-v2-harness/runs/r5-analysis/superseded-r5-2026-10-08-v1/r1-extractors/extract_e3.py	8858	2026-10-08 18:19	67ea624f69983084b9d57fcd1f3eca0ed4a1a3a6	on-main-identical		research/paper-v2/generations/r5-2026-10-08/summaries/runs/r5-analysis/r5-2026-10-08/r1-extractors/extract_e3.py	
/workspace/reports/atm-v2-harness/runs/r5-analysis/superseded-r5-2026-10-08-v1/r1-extractors/extract_e3.py.log	64	2026-10-08 18:19	bf82a70a6103911df52aee995bb14ff78e8648c5	on-main-identical		research/paper-v2/generations/r2-2026-10-08/summaries/runs/r2-analysis/r2-2026-10-08/r1-extractors/extract_e3.py.log	
/workspace/reports/atm-v2-harness/runs/r5-analysis/superseded-r5-2026-10-08-v1/r1-extractors/extract_e4.py	8938	2026-10-08 18:19	cebc49568250eeabb2e763e50c3dd09cad56c86e	on-main-identical		research/paper-v2/generations/r5-2026-10-08/summaries/runs/r5-analysis/r5-2026-10-08/r1-extractors/extract_e4.py	
/workspace/reports/atm-v2-harness/runs/r5-analysis/superseded-r5-2026-10-08-v1/r1-extractors/extract_e4.py.log	604	2026-10-08 18:19	e9554914232e706ed7259bd19a9f2ba656782afd	on-main-identical		research/paper-v2/generations/r2-2026-10-08/summaries/runs/r2-analysis/r2-2026-10-08/r1-extractors/extract_e4.py.log	
/workspace/reports/atm-v2-harness/runs/r5-analysis/superseded-r5-2026-10-08-v1/r3-compare/R3_TABLES.md	9494	2026-10-08 18:19	8ffc4e6622b2541e382b3166f6b7c280bec947e4	on-main-identical		research/paper-v2/generations/r3-2026-10-08/summaries/runs/r3-analysis/r3-2026-10-08/r3-compare/R3_TABLES.md	
/workspace/reports/atm-v2-harness/runs/r5-analysis/superseded-r5-2026-10-08-v1/r3-compare/r3_cells.json	462691	2026-10-08 18:19	5ca24a21cdf59bd29e0bf89e466e6015ba602946	on-main-identical		research/paper-v2/generations/r3-2026-10-08/summaries/runs/r3-analysis/r3-2026-10-08/r3-compare/r3_cells.json	
/workspace/reports/atm-v2-harness/runs/r5-analysis/superseded-r5-2026-10-08-v1/r3-compare/r3_summary.json	103441	2026-10-08 18:19	9dbc54423ab5acb9aa07655d7916125d6348e028	on-main-identical		research/paper-v2/generations/r3-2026-10-08/summaries/runs/r3-analysis/r3-2026-10-08/r3-compare/r3_summary.json	
/workspace/reports/atm-v2-harness/runs/r5-analysis/superseded-r5-2026-10-08-v1/r4-compare/R4_TABLES.md	18635	2026-10-08 18:19	af388993c4fd255c76e71dd63ab66f50904d0378	on-main-identical		research/paper-v2/generations/r4-2026-10-08/summaries/runs/r4-analysis/r4-2026-10-08/r4-compare/R4_TABLES.md	
/workspace/reports/atm-v2-harness/runs/r5-analysis/superseded-r5-2026-10-08-v1/r4-compare/r4_cells.json	718086	2026-10-08 18:19	862fd9480c6f75fb987c39690b56ebf8399268f9	on-main-identical		research/paper-v2/generations/r4-2026-10-08/summaries/runs/r4-analysis/r4-2026-10-08/r4-compare/r4_cells.json	
/workspace/reports/atm-v2-harness/runs/r5-analysis/superseded-r5-2026-10-08-v1/r4-compare/r4_summary.json	176273	2026-10-08 18:19	10b870390ccf39f9848cf244c2eeb82d87200387	on-main-identical		research/paper-v2/generations/r4-2026-10-08/summaries/runs/r4-analysis/r4-2026-10-08/r4-compare/r4_summary.json	
/workspace/reports/atm-v2-harness/runs/r5-analysis/superseded-r5-2026-10-08-v1/r5-compare/R5_TABLES.md	33777	2026-10-08 18:19	4e268074eae7b4150eb6cac332a56b2f82342b39	outdated	atm-v2-harness/runs/r5-analysis/superseded-r5-2026-10-08-v1/r5-compare/R5_TABLES.md	research/paper-v2/generations/r5-2026-10-08/summaries/runs/r5-analysis/r5-2026-10-08/r5-compare/R5_TABLES.md	
/workspace/reports/atm-v2-harness/runs/r5-analysis/superseded-r5-2026-10-08-v1/r5-compare/r5_cells.json	921056	2026-10-08 18:19	d60e09f977fd287ba7f142c459a2c2fb22d56c69	outdated	atm-v2-harness/runs/r5-analysis/superseded-r5-2026-10-08-v1/r5-compare/r5_cells.json	research/paper-v2/generations/r5-2026-10-08/summaries/runs/r5-analysis/r5-2026-10-08/r5-compare/r5_cells.json	
/workspace/reports/atm-v2-harness/runs/r5-analysis/superseded-r5-2026-10-08-v1/r5-compare/r5_summary.json	266792	2026-10-08 18:19	b466f755b322412609b8ead916b4b9e31e32e2f2	outdated	atm-v2-harness/runs/r5-analysis/superseded-r5-2026-10-08-v1/r5-compare/r5_summary.json	research/paper-v2/generations/r5-2026-10-08/summaries/runs/r5-analysis/r5-2026-10-08/r5-compare/r5_summary.json	
/workspace/reports/atm-v2-harness/runs/r5-analysis/superseded-r5-2026-10-08-v1/tables/REBUILD_SUMMARY.md	6538	2026-10-08 18:19	67627793b097d232109619123106e238cc6761a3	on-main-identical		research/paper-v2/generations/r2-2026-10-08/summaries/runs/r2-analysis/r2-2026-10-08/tables/REBUILD_SUMMARY.md	
/workspace/reports/atm-v2-harness/runs/r5-analysis/superseded-r5-2026-10-08-v1/tables/rebuilt_tables.json	255390	2026-10-08 18:19	477f86f9aad72c1b7560fd12cfcdf3816967f757	on-main-identical		research/paper-v2/generations/r2-2026-10-08/summaries/runs/r2-analysis/r2-2026-10-08/tables/rebuilt_tables.json	
/workspace/reports/atm-v2-harness/runs/r5-validation/ATM_CORE_DIFF_2118bc66..37847584.patch	34000	2026-10-08 17:40	30702ec1b5225976586b0978077930e12dd8436c	on-main-identical		research/paper-v2/generations/r5-2026-10-08/summaries/runs/r5-validation/ATM_CORE_DIFF_2118bc66..37847584.patch	
/workspace/reports/atm-v2-harness/runs/r5-validation/ATM_TESTS_DIFF_2118bc66..37847584.patch	28361	2026-10-08 17:40	4b139cebe5ac6c7dbeebc83a3e1eea7b399dfcd3	on-main-identical		research/paper-v2/generations/r5-2026-10-08/summaries/runs/r5-validation/ATM_TESTS_DIFF_2118bc66..37847584.patch	
/workspace/reports/atm-v2-harness/runs/r5-validation/DEVIATIONS.md	6463	2026-10-09 08:01	3ba8d0c2be757920c2d49a11335a333181402a7b	on-main-identical		research/paper-v2/generations/r5-2026-10-08/summaries/runs/r5-validation/DEVIATIONS.md	
/workspace/reports/atm-v2-harness/runs/r5-validation/PINS.json	14934	2026-10-08 17:40	e7d01be1d2a335a77910719952f08a93161e07aa	on-main-identical		research/paper-v2/generations/r5-2026-10-08/summaries/runs/r5-validation/PINS.json	
/workspace/reports/atm-v2-harness/runs/r5-validation/analyze-v2.out	283	2026-10-08 18:32	715cccfc9ab0ba0d092ed4e69dff64a50107661e	on-main-identical		research/paper-v2/generations/r5-2026-10-08/summaries/runs/r5-validation/analyze-v2.out	
/workspace/reports/atm-v2-harness/runs/r5-validation/pin_record.py	4417	2026-10-08 17:39	6b2b727fa483c4acc7b4a4c5718a40234f0e5761	on-main-identical		research/paper-v2/generations/r5-2026-10-08/harness/runs/r5-validation/pin_record.py	
/workspace/reports/atm-v2-harness/runs/r5-validation/r5.log	138885	2026-10-08 18:29	a55a6a607c2b674cc085abaaf83157434cdfe979	on-main-identical		research/paper-v2/generations/r5-2026-10-08/summaries/runs/r5-validation/r5.log	
/workspace/reports/atm-v2-harness/runs/r5-validation/run_r5.posthoc.stdout	0	2026-10-08 18:24	e69de29bb2d1d6434b8b29ae775ad8c2e48c5391	on-main-identical		research/paper-v2/generations/r1-reviewed-2026-10-07/harness/runs/e2-matrix/extract_e2.py	
/workspace/reports/atm-v2-harness/runs/r5-validation/run_r5.sh	9119	2026-10-08 18:24	dfbff914d7b21dc49ac83d0a9a2597a4f47bf6e2	on-main-identical		research/paper-v2/generations/r5-2026-10-08/harness/runs/r5-validation/run_r5.sh	
/workspace/reports/atm-v2-harness/runs/r5-validation/run_r5.stdout	0	2026-10-08 17:40	e69de29bb2d1d6434b8b29ae775ad8c2e48c5391	on-main-identical		research/paper-v2/generations/r1-reviewed-2026-10-07/harness/runs/e2-matrix/extract_e2.py	
/workspace/reports/atm-v2-harness/runs/r5-validation/barrier/before-precheck-new-qoff-Lreducers-Freducers/barrier_result.json	45333	2026-10-08 17:42	6808f74d1fa01002e7a0145ec7f0f3e3ea08c560	on-main-identical		research/paper-v2/generations/r5-2026-10-08/summaries/runs/r5-validation/barrier/before-precheck-new-qoff-Lreducers-Freducers/barrier_result.json	
/workspace/reports/atm-v2-harness/runs/r5-validation/barrier/before-precheck-new-qoff-Lselectors-Freducers/barrier_result.json	44980	2026-10-08 17:42	4df795c6d382c6e49b362fb5e4750117ce20abbc	on-main-identical		research/paper-v2/generations/r5-2026-10-08/summaries/runs/r5-validation/barrier/before-precheck-new-qoff-Lselectors-Freducers/barrier_result.json	
/workspace/reports/atm-v2-harness/runs/r5-validation/barrier/before-precheck-opt-Lreducers-Freducers/barrier_result.json	45289	2026-10-08 17:42	4afb56975e7d715a67a09e5d22c449a42f9d6930	on-main-identical		research/paper-v2/generations/r5-2026-10-08/summaries/runs/r5-validation/barrier/before-precheck-opt-Lreducers-Freducers/barrier_result.json	
/workspace/reports/atm-v2-harness/runs/r5-validation/barrier/before-precheck-opt-Lselectors-Freducers/barrier_result.json	44942	2026-10-08 17:42	2edf0a5c6aee98af14b879b07071a36d2668e11e	on-main-identical		research/paper-v2/generations/r5-2026-10-08/summaries/runs/r5-validation/barrier/before-precheck-opt-Lselectors-Freducers/barrier_result.json	
/workspace/reports/atm-v2-harness/runs/r5-validation/barrier/seam-fix-Lreducers-Freducers/barrier_result.json	51741	2026-10-08 17:40	73b87f45c2a3239720eb4e88285005f418696e2d	on-main-identical		research/paper-v2/generations/r5-2026-10-08/summaries/runs/r5-validation/barrier/seam-fix-Lreducers-Freducers/barrier_result.json	
/workspace/reports/atm-v2-harness/runs/r5-validation/barrier/seam-fix-Lselectors-Freducers/barrier_result.json	49608	2026-10-08 17:40	126e495ff792470efc6894f0f55a21daf654d0a7	on-main-identical		research/paper-v2/generations/r5-2026-10-08/summaries/runs/r5-validation/barrier/seam-fix-Lselectors-Freducers/barrier_result.json	
/workspace/reports/atm-v2-harness/runs/r5-validation/barrier/seam-new-qoff-Lreducers-Freducers/barrier_result.json	54226	2026-10-08 17:40	53a335df9f14fdc730f166206e2f634a9e46ec0f	on-main-identical		research/paper-v2/generations/r5-2026-10-08/summaries/runs/r5-validation/barrier/seam-new-qoff-Lreducers-Freducers/barrier_result.json	
/workspace/reports/atm-v2-harness/runs/r5-validation/barrier/seam-new-qoff-Lselectors-Freducers/barrier_result.json	52449	2026-10-08 17:40	104bc1f8cc825e5a285cd390acf357b12d1c9c76	on-main-identical		research/paper-v2/generations/r5-2026-10-08/summaries/runs/r5-validation/barrier/seam-new-qoff-Lselectors-Freducers/barrier_result.json	
/workspace/reports/atm-v2-harness/runs/r5-validation/barrier/seam-new-qon-exploratory-Lreducers-Freducers/barrier_result.json	14426	2026-10-08 17:43	d5a71e7aa9949df4f29b4ef91a5b620dde26bb18	on-main-identical		research/paper-v2/generations/r5-2026-10-08/summaries/runs/r5-validation/barrier/seam-new-qon-exploratory-Lreducers-Freducers/barrier_result.json	
/workspace/reports/atm-v2-harness/runs/r5-validation/barrier/seam-new-qon-exploratory-Lselectors-Freducers/barrier_result.json	13850	2026-10-08 17:44	e14f3359e7c6d6df67972bf04979ba9b0b3df8f6	on-main-identical		research/paper-v2/generations/r5-2026-10-08/summaries/runs/r5-validation/barrier/seam-new-qon-exploratory-Lselectors-Freducers/barrier_result.json	
/workspace/reports/atm-v2-harness/runs/r5-validation/barrier/seam-old-Lreducers-Freducers/barrier_result.json	47973	2026-10-08 17:40	03f542641442fa2ba4ce0c6d79048f60d59e1942	on-main-identical		research/paper-v2/generations/r5-2026-10-08/summaries/runs/r5-validation/barrier/seam-old-Lreducers-Freducers/barrier_result.json	
/workspace/reports/atm-v2-harness/runs/r5-validation/barrier/seam-old-Lselectors-Freducers/barrier_result.json	47975	2026-10-08 17:40	bff1c70208ce6d00cefb175d55bea6de3a824baa	on-main-identical		research/paper-v2/generations/r5-2026-10-08/summaries/runs/r5-validation/barrier/seam-old-Lselectors-Freducers/barrier_result.json	
/workspace/reports/atm-v2-harness/runs/r5-validation/barrier/seam-opt-Lreducers-Freducers/barrier_result.json	51585	2026-10-08 17:40	eb750f42ea35d8567c8a8efeb723a137b2b01752	on-main-identical		research/paper-v2/generations/r5-2026-10-08/summaries/runs/r5-validation/barrier/seam-opt-Lreducers-Freducers/barrier_result.json	
/workspace/reports/atm-v2-harness/runs/r5-validation/barrier/seam-opt-Lselectors-Freducers/barrier_result.json	49817	2026-10-08 17:40	795201d7556f2f481d43090dc92065a109e379a6	on-main-identical		research/paper-v2/generations/r5-2026-10-08/summaries/runs/r5-validation/barrier/seam-opt-Lselectors-Freducers/barrier_result.json	
/workspace/reports/atm-v2-harness/runs/r5-validation/barrier/stale-proposal-fix-Lreducers-Freducers/barrier_result.json	44989	2026-10-08 17:41	9722845e264d60732efcb0189148037132db6e94	on-main-identical		research/paper-v2/generations/r5-2026-10-08/summaries/runs/r5-validation/barrier/stale-proposal-fix-Lreducers-Freducers/barrier_result.json	
/workspace/reports/atm-v2-harness/runs/r5-validation/barrier/stale-proposal-fix-Lselectors-Freducers/barrier_result.json	45002	2026-10-08 17:41	26db275c29fe7fc0893e7a0b64ce4a35bb3b8c8b	on-main-identical		research/paper-v2/generations/r5-2026-10-08/summaries/runs/r5-validation/barrier/stale-proposal-fix-Lselectors-Freducers/barrier_result.json	
/workspace/reports/atm-v2-harness/runs/r5-validation/barrier/stale-proposal-new-qoff-Lreducers-Freducers/barrier_result.json	44089	2026-10-08 17:41	7ffe6be26c665cc4c3d3e352163eb1d7d491275d	on-main-identical		research/paper-v2/generations/r5-2026-10-08/summaries/runs/r5-validation/barrier/stale-proposal-new-qoff-Lreducers-Freducers/barrier_result.json	
/workspace/reports/atm-v2-harness/runs/r5-validation/barrier/stale-proposal-new-qoff-Lselectors-Freducers/barrier_result.json	43373	2026-10-08 17:41	cb97679a4f3c1dea833dfb8b94c77d731ac51ca8	on-main-identical		research/paper-v2/generations/r5-2026-10-08/summaries/runs/r5-validation/barrier/stale-proposal-new-qoff-Lselectors-Freducers/barrier_result.json	
/workspace/reports/atm-v2-harness/runs/r5-validation/barrier/stale-proposal-new-qon-Lreducers-Freducers/barrier_result.json	44086	2026-10-08 17:41	d0d5afa88279cfb69ff9d34c9727ca0879918c9e	on-main-identical		research/paper-v2/generations/r5-2026-10-08/summaries/runs/r5-validation/barrier/stale-proposal-new-qon-Lreducers-Freducers/barrier_result.json	
/workspace/reports/atm-v2-harness/runs/r5-validation/barrier/stale-proposal-new-qon-Lselectors-Freducers/barrier_result.json	43382	2026-10-08 17:41	0fda9940c6d382fec26bd5d87648f9aee1ea0910	on-main-identical		research/paper-v2/generations/r5-2026-10-08/summaries/runs/r5-validation/barrier/stale-proposal-new-qon-Lselectors-Freducers/barrier_result.json	
/workspace/reports/atm-v2-harness/runs/r5-validation/barrier/stale-proposal-opt-Lreducers-Freducers/barrier_result.json	44044	2026-10-08 17:41	369bbf597b105347a7df57b3cabe5ad9db1ca408	on-main-identical		research/paper-v2/generations/r5-2026-10-08/summaries/runs/r5-validation/barrier/stale-proposal-opt-Lreducers-Freducers/barrier_result.json	
/workspace/reports/atm-v2-harness/runs/r5-validation/barrier/stale-proposal-opt-Lselectors-Freducers/barrier_result.json	43335	2026-10-08 17:41	b9dc76ba23de3806466d12a37209e08499705226	on-main-identical		research/paper-v2/generations/r5-2026-10-08/summaries/runs/r5-validation/barrier/stale-proposal-opt-Lselectors-Freducers/barrier_result.json	
/workspace/reports/atm-v2-harness/runs/r5-validation/e5/inject-fix-r1.out	3321	2026-10-08 17:58	cc676ac65e54dea1d820192c3dc1407bc8785876	on-main-identical		research/paper-v2/generations/r1-reviewed-2026-10-07/summaries/runs/e5-fault/inject-r1.out	
/workspace/reports/atm-v2-harness/runs/r5-validation/e5/inject-fix-r1.stderr	0	2026-10-08 17:58	e69de29bb2d1d6434b8b29ae775ad8c2e48c5391	on-main-identical		research/paper-v2/generations/r1-reviewed-2026-10-07/harness/runs/e2-matrix/extract_e2.py	
/workspace/reports/atm-v2-harness/runs/r5-validation/e5/inject-fix-r2.out	3321	2026-10-08 17:58	9a117a7fa2fd96f1187f8689bd4e99c8e83834ee	on-main-identical		research/paper-v2/generations/r1-reviewed-2026-10-07/summaries/runs/e5-fault/inject-r2.out	
/workspace/reports/atm-v2-harness/runs/r5-validation/e5/inject-fix-r2.stderr	0	2026-10-08 17:58	e69de29bb2d1d6434b8b29ae775ad8c2e48c5391	on-main-identical		research/paper-v2/generations/r1-reviewed-2026-10-07/harness/runs/e2-matrix/extract_e2.py	
/workspace/reports/atm-v2-harness/runs/r5-validation/e5/inject-nq-r1.out	3564	2026-10-08 17:59	91fc762cdef457d94583422fd436a18b859c0bab	on-main-identical		research/paper-v2/generations/r5-2026-10-08/summaries/runs/r5-validation/e5/inject-nq-r1.out	
/workspace/reports/atm-v2-harness/runs/r5-validation/e5/inject-nq-r1.stderr	0	2026-10-08 17:59	e69de29bb2d1d6434b8b29ae775ad8c2e48c5391	on-main-identical		research/paper-v2/generations/r1-reviewed-2026-10-07/harness/runs/e2-matrix/extract_e2.py	
/workspace/reports/atm-v2-harness/runs/r5-validation/e5/inject-nq-r2.out	3564	2026-10-08 17:59	49eff21a79656abbe89a57f8f31b79d440733875	on-main-identical		research/paper-v2/generations/r5-2026-10-08/summaries/runs/r5-validation/e5/inject-nq-r2.out	
/workspace/reports/atm-v2-harness/runs/r5-validation/e5/inject-nq-r2.stderr	0	2026-10-08 17:59	e69de29bb2d1d6434b8b29ae775ad8c2e48c5391	on-main-identical		research/paper-v2/generations/r1-reviewed-2026-10-07/harness/runs/e2-matrix/extract_e2.py	
/workspace/reports/atm-v2-harness/runs/r5-validation/e5/inject-old-r1.out	3321	2026-10-08 17:58	cc676ac65e54dea1d820192c3dc1407bc8785876	on-main-identical		research/paper-v2/generations/r1-reviewed-2026-10-07/summaries/runs/e5-fault/inject-r1.out	
/workspace/reports/atm-v2-harness/runs/r5-validation/e5/inject-old-r1.stderr	0	2026-10-08 17:58	e69de29bb2d1d6434b8b29ae775ad8c2e48c5391	on-main-identical		research/paper-v2/generations/r1-reviewed-2026-10-07/harness/runs/e2-matrix/extract_e2.py	
/workspace/reports/atm-v2-harness/runs/r5-validation/e5/inject-old-r2.out	3321	2026-10-08 17:58	9a117a7fa2fd96f1187f8689bd4e99c8e83834ee	on-main-identical		research/paper-v2/generations/r1-reviewed-2026-10-07/summaries/runs/e5-fault/inject-r2.out	
/workspace/reports/atm-v2-harness/runs/r5-validation/e5/inject-old-r2.stderr	0	2026-10-08 17:58	e69de29bb2d1d6434b8b29ae775ad8c2e48c5391	on-main-identical		research/paper-v2/generations/r1-reviewed-2026-10-07/harness/runs/e2-matrix/extract_e2.py	
/workspace/reports/atm-v2-harness/runs/r5-validation/e5/inject-opt-r1.out	3564	2026-10-08 17:58	91fc762cdef457d94583422fd436a18b859c0bab	on-main-identical		research/paper-v2/generations/r5-2026-10-08/summaries/runs/r5-validation/e5/inject-nq-r1.out	
/workspace/reports/atm-v2-harness/runs/r5-validation/e5/inject-opt-r1.stderr	0	2026-10-08 17:58	e69de29bb2d1d6434b8b29ae775ad8c2e48c5391	on-main-identical		research/paper-v2/generations/r1-reviewed-2026-10-07/harness/runs/e2-matrix/extract_e2.py	
/workspace/reports/atm-v2-harness/runs/r5-validation/e5/inject-opt-r2.out	3564	2026-10-08 17:58	49eff21a79656abbe89a57f8f31b79d440733875	on-main-identical		research/paper-v2/generations/r5-2026-10-08/summaries/runs/r5-validation/e5/inject-nq-r2.out	
/workspace/reports/atm-v2-harness/runs/r5-validation/e5/inject-opt-r2.stderr	0	2026-10-08 17:58	e69de29bb2d1d6434b8b29ae775ad8c2e48c5391	on-main-identical		research/paper-v2/generations/r1-reviewed-2026-10-07/harness/runs/e2-matrix/extract_e2.py	
/workspace/reports/atm-v2-harness/runs/r5-validation/e5/inject-q-r1.out	3564	2026-10-08 17:58	91fc762cdef457d94583422fd436a18b859c0bab	on-main-identical		research/paper-v2/generations/r5-2026-10-08/summaries/runs/r5-validation/e5/inject-nq-r1.out	
/workspace/reports/atm-v2-harness/runs/r5-validation/e5/inject-q-r1.stderr	0	2026-10-08 17:58	e69de29bb2d1d6434b8b29ae775ad8c2e48c5391	on-main-identical		research/paper-v2/generations/r1-reviewed-2026-10-07/harness/runs/e2-matrix/extract_e2.py	
/workspace/reports/atm-v2-harness/runs/r5-validation/e5/inject-q-r2.out	3564	2026-10-08 17:58	49eff21a79656abbe89a57f8f31b79d440733875	on-main-identical		research/paper-v2/generations/r5-2026-10-08/summaries/runs/r5-validation/e5/inject-nq-r2.out	
/workspace/reports/atm-v2-harness/runs/r5-validation/e5/inject-q-r2.stderr	0	2026-10-08 17:58	e69de29bb2d1d6434b8b29ae775ad8c2e48c5391	on-main-identical		research/paper-v2/generations/r1-reviewed-2026-10-07/harness/runs/e2-matrix/extract_e2.py	
/workspace/reports/atm-v2-harness/runs/r5-validation/faults/contrast.progress.log	4974	2026-10-08 18:12	bfd1edc904c1106900fa006ef0e4c80093bc7444	on-main-identical		research/paper-v2/generations/r5-2026-10-08/summaries/runs/r5-validation/faults/contrast.progress.log	
/workspace/reports/atm-v2-harness/runs/r5-validation/faults/contrast.summary.json	1223	2026-10-08 18:12	3586d52d7729c3a111223af21326299e4a2a5cdd	on-main-identical		research/paper-v2/generations/r5-2026-10-08/summaries/runs/r5-validation/faults/contrast.summary.json	
/workspace/reports/atm-v2-harness/runs/r5-validation/faults/main.progress.log	39286	2026-10-08 18:11	06d406d8141da7a460ad45ffe6f7adf04633ee15	on-main-identical		research/paper-v2/generations/r5-2026-10-08/summaries/runs/r5-validation/faults/main.progress.log	
/workspace/reports/atm-v2-harness/runs/r5-validation/faults/main.summary.json	10857	2026-10-08 18:11	07a7aafa8e7ce45d295695790e7563b46e2ed87e	on-main-identical		research/paper-v2/generations/r5-2026-10-08/summaries/runs/r5-validation/faults/main.summary.json	
/workspace/reports/atm-v2-harness/runs/r5-validation/faults/contrast-2118bc66/fault_results.json	70981	2026-10-08 18:12	40e78dca5c415af5a3222ea29252811277a24903	on-main-identical		research/paper-v2/generations/r5-2026-10-08/summaries/runs/r5-validation/faults/contrast-2118bc66/fault_results.json	
/workspace/reports/atm-v2-harness/runs/r5-validation/faults/main/fault_results.json	591991	2026-10-08 18:11	dafda709161e1040c626b04261e4cb0d5ab4cca5	on-main-identical		research/paper-v2/generations/r5-2026-10-08/summaries/runs/r5-validation/faults/main/fault_results.json	
/workspace/reports/atm-v2-harness/runs/r5-validation/forensics/sqlite-busy/affected_intents.json	3405	2026-10-08 18:25	4a4c1dd5e4b413894fd1900e491bb1d3818bef2c	on-main-identical		research/paper-v2/generations/r5-2026-10-08/summaries/runs/r5-validation/forensics/sqlite-busy/affected_intents.json	
/workspace/reports/atm-v2-harness/runs/r5-validation/forensics/sqlite-busy/queue_busy_repro.mjs	806	2026-10-08 18:25	59f3f20153f5126e6299402b5ac0b78974702959	on-main-identical		research/paper-v2/generations/r5-2026-10-08/summaries/runs/r5-validation/forensics/sqlite-busy/queue_busy_repro.mjs	
/workspace/reports/atm-v2-harness/runs/r5-validation/forensics/sqlite-busy/repro_output_2026-10-08T1822.txt	1376	2026-10-08 18:25	4e109386a559fd727617464229ed34d784e938a4	on-main-identical		research/paper-v2/generations/r5-2026-10-08/summaries/runs/r5-validation/forensics/sqlite-busy/repro_output_2026-10-08T1822.txt	
/workspace/reports/atm-v2-harness/runs/r5-validation/stdout/r5e-clean_steward-s11-fix.log	455	2026-10-08 17:58	cc660146440b26c8e5bc6d4349ea5e34157d7028	on-main-identical		research/paper-v2/generations/r5-2026-10-08/raw/r5-stdout.tgz!runs/r5-validation/stdout/r5e-clean_steward-s11-fix.log	
/workspace/reports/atm-v2-harness/runs/r5-validation/stdout/r5e-clean_steward-s11-nq.log	453	2026-10-08 17:59	5447f36e19f9d57fb57ace8de5fd60820b701421	on-main-identical		research/paper-v2/generations/r5-2026-10-08/raw/r5-stdout.tgz!runs/r5-validation/stdout/r5e-clean_steward-s11-nq.log	
/workspace/reports/atm-v2-harness/runs/r5-validation/stdout/r5e-clean_steward-s11-old.log	455	2026-10-08 17:58	5dc1699530d72bb4fdcc000bbc26526513202e76	on-main-identical		research/paper-v2/generations/r5-2026-10-08/raw/r5-stdout.tgz!runs/r5-validation/stdout/r5e-clean_steward-s11-old.log	
/workspace/reports/atm-v2-harness/runs/r5-validation/stdout/r5e-clean_steward-s11-opt.log	455	2026-10-08 17:58	8371255dc1f3dd164542c179731005b2c763b437	on-main-identical		research/paper-v2/generations/r5-2026-10-08/raw/r5-stdout.tgz!runs/r5-validation/stdout/r5e-clean_steward-s11-opt.log	
/workspace/reports/atm-v2-harness/runs/r5-validation/stdout/r5e-clean_steward-s11-q.log	451	2026-10-08 17:59	f0bb07fcb580e821e024e00b085a4cfee02dab34	on-main-identical		research/paper-v2/generations/r5-2026-10-08/raw/r5-stdout.tgz!runs/r5-validation/stdout/r5e-clean_steward-s11-q.log	
/workspace/reports/atm-v2-harness/runs/r5-validation/stdout/r5e-clean_steward-s17-fix.log	455	2026-10-08 17:58	6f8244ef0b6beddf3820d886e02cd52aa81ac61d	on-main-identical		research/paper-v2/generations/r5-2026-10-08/raw/r5-stdout.tgz!runs/r5-validation/stdout/r5e-clean_steward-s17-fix.log	
/workspace/reports/atm-v2-harness/runs/r5-validation/stdout/r5e-clean_steward-s17-nq.log	453	2026-10-08 17:59	fdb6c71bd951eb9cfe7724484fe28877c043914d	on-main-identical		research/paper-v2/generations/r5-2026-10-08/raw/r5-stdout.tgz!runs/r5-validation/stdout/r5e-clean_steward-s17-nq.log	
/workspace/reports/atm-v2-harness/runs/r5-validation/stdout/r5e-clean_steward-s17-old.log	455	2026-10-08 17:58	db45463c84b614cdc03ad6fd50eb1ccd1431afb9	on-main-identical		research/paper-v2/generations/r5-2026-10-08/raw/r5-stdout.tgz!runs/r5-validation/stdout/r5e-clean_steward-s17-old.log	
/workspace/reports/atm-v2-harness/runs/r5-validation/stdout/r5e-clean_steward-s17-opt.log	455	2026-10-08 17:58	dabfe1979889f3550c67a5d579d1ff5ebea54483	on-main-identical		research/paper-v2/generations/r5-2026-10-08/raw/r5-stdout.tgz!runs/r5-validation/stdout/r5e-clean_steward-s17-opt.log	
/workspace/reports/atm-v2-harness/runs/r5-validation/stdout/r5e-clean_steward-s17-q.log	451	2026-10-08 17:59	fd0a6422155b754d3375e6869e4f24c1deec5793	on-main-identical		research/paper-v2/generations/r5-2026-10-08/raw/r5-stdout.tgz!runs/r5-validation/stdout/r5e-clean_steward-s17-q.log	
/workspace/reports/atm-v2-harness/runs/r5-validation/stdout/r5e-clean_steward-s23-fix.log	455	2026-10-08 17:58	d0c8c8773a9580976e8fdb0c9ff9beeeabb8e042	on-main-identical		research/paper-v2/generations/r5-2026-10-08/raw/r5-stdout.tgz!runs/r5-validation/stdout/r5e-clean_steward-s23-fix.log	
/workspace/reports/atm-v2-harness/runs/r5-validation/stdout/r5e-clean_steward-s23-nq.log	453	2026-10-08 17:59	3b62221c6450fa795fafed7324330860133a8cbb	on-main-identical		research/paper-v2/generations/r5-2026-10-08/raw/r5-stdout.tgz!runs/r5-validation/stdout/r5e-clean_steward-s23-nq.log	
/workspace/reports/atm-v2-harness/runs/r5-validation/stdout/r5e-clean_steward-s23-old.log	455	2026-10-08 17:58	bb0ad977e7b8f651021c44e32f0546984ecd21dc	on-main-identical		research/paper-v2/generations/r5-2026-10-08/raw/r5-stdout.tgz!runs/r5-validation/stdout/r5e-clean_steward-s23-old.log	
/workspace/reports/atm-v2-harness/runs/r5-validation/stdout/r5e-clean_steward-s23-opt.log	455	2026-10-08 17:58	ca74c32a889640c8a7845e5ecc4716057d576e70	on-main-identical		research/paper-v2/generations/r5-2026-10-08/raw/r5-stdout.tgz!runs/r5-validation/stdout/r5e-clean_steward-s23-opt.log	
/workspace/reports/atm-v2-harness/runs/r5-validation/stdout/r5e-clean_steward-s23-q.log	450	2026-10-08 17:59	e8c35789d67fcf1eeda881bdfa34db2c603ac0e4	on-main-identical		research/paper-v2/generations/r5-2026-10-08/raw/r5-stdout.tgz!runs/r5-validation/stdout/r5e-clean_steward-s23-q.log	
/workspace/reports/atm-v2-harness/runs/r5-validation/stdout/r5e-occ_exhaust-s11-fix.log	446	2026-10-08 17:58	8a9df94178e22bfced52d962642cb794a4c6a1ee	on-main-identical		research/paper-v2/generations/r5-2026-10-08/raw/r5-stdout.tgz!runs/r5-validation/stdout/r5e-occ_exhaust-s11-fix.log	
/workspace/reports/atm-v2-harness/runs/r5-validation/stdout/r5e-occ_exhaust-s11-nq.log	444	2026-10-08 17:59	dd8c17d37722546fb423b693b0486ec7ddd47e7b	on-main-identical		research/paper-v2/generations/r5-2026-10-08/raw/r5-stdout.tgz!runs/r5-validation/stdout/r5e-occ_exhaust-s11-nq.log	
/workspace/reports/atm-v2-harness/runs/r5-validation/stdout/r5e-occ_exhaust-s11-old.log	446	2026-10-08 17:58	9cd9af3939d827a2190c37ae4c256bffcef5cfa2	on-main-identical		research/paper-v2/generations/r5-2026-10-08/raw/r5-stdout.tgz!runs/r5-validation/stdout/r5e-occ_exhaust-s11-old.log	
/workspace/reports/atm-v2-harness/runs/r5-validation/stdout/r5e-occ_exhaust-s11-opt.log	446	2026-10-08 17:58	0b06055527e1fe31c3eb27b2aa7e47c2ba8d8dd9	on-main-identical		research/paper-v2/generations/r5-2026-10-08/raw/r5-stdout.tgz!runs/r5-validation/stdout/r5e-occ_exhaust-s11-opt.log	
/workspace/reports/atm-v2-harness/runs/r5-validation/stdout/r5e-occ_exhaust-s11-q.log	442	2026-10-08 17:58	ce0e91746a219d954848ca4a325c309ef496359c	on-main-identical		research/paper-v2/generations/r5-2026-10-08/raw/r5-stdout.tgz!runs/r5-validation/stdout/r5e-occ_exhaust-s11-q.log	
/workspace/reports/atm-v2-harness/runs/r5-validation/stdout/r5e-occ_exhaust-s17-fix.log	448	2026-10-08 17:58	90458ab632a66e25db5191d9c84a40e2aad23abe	on-main-identical		research/paper-v2/generations/r5-2026-10-08/raw/r5-stdout.tgz!runs/r5-validation/stdout/r5e-occ_exhaust-s17-fix.log	
/workspace/reports/atm-v2-harness/runs/r5-validation/stdout/r5e-occ_exhaust-s17-nq.log	446	2026-10-08 17:59	d27db5f35a2ec1794bcd1eee847934a96fc9efe3	on-main-identical		research/paper-v2/generations/r5-2026-10-08/raw/r5-stdout.tgz!runs/r5-validation/stdout/r5e-occ_exhaust-s17-nq.log	
/workspace/reports/atm-v2-harness/runs/r5-validation/stdout/r5e-occ_exhaust-s17-old.log	446	2026-10-08 17:58	5378f67b23f97dc013fe0a291f39c619b0d66c01	on-main-identical		research/paper-v2/generations/r5-2026-10-08/raw/r5-stdout.tgz!runs/r5-validation/stdout/r5e-occ_exhaust-s17-old.log	
/workspace/reports/atm-v2-harness/runs/r5-validation/stdout/r5e-occ_exhaust-s17-opt.log	448	2026-10-08 17:58	294c4aebb08b7ff4b26cd91ea3c72864cedd759c	on-main-identical		research/paper-v2/generations/r5-2026-10-08/raw/r5-stdout.tgz!runs/r5-validation/stdout/r5e-occ_exhaust-s17-opt.log	
/workspace/reports/atm-v2-harness/runs/r5-validation/stdout/r5e-occ_exhaust-s17-q.log	444	2026-10-08 17:59	6847c690a8e15aa9947d4e77652d39abe67a5c64	on-main-identical		research/paper-v2/generations/r5-2026-10-08/raw/r5-stdout.tgz!runs/r5-validation/stdout/r5e-occ_exhaust-s17-q.log	
/workspace/reports/atm-v2-harness/runs/r5-validation/stdout/r5e-occ_exhaust-s23-fix.log	446	2026-10-08 17:58	100b1a6bc0343f28454b5279af4bf26930be947e	on-main-identical		research/paper-v2/generations/r5-2026-10-08/raw/r5-stdout.tgz!runs/r5-validation/stdout/r5e-occ_exhaust-s23-fix.log	
/workspace/reports/atm-v2-harness/runs/r5-validation/stdout/r5e-occ_exhaust-s23-nq.log	444	2026-10-08 17:59	3cd2c7c80a1993e339d8f77bd9df896a09733dc7	on-main-identical		research/paper-v2/generations/r5-2026-10-08/raw/r5-stdout.tgz!runs/r5-validation/stdout/r5e-occ_exhaust-s23-nq.log	
/workspace/reports/atm-v2-harness/runs/r5-validation/stdout/r5e-occ_exhaust-s23-old.log	446	2026-10-08 17:58	fc8d6a0f5f4ebdb9f1e9373a53f132a13bfdb453	on-main-identical		research/paper-v2/generations/r5-2026-10-08/raw/r5-stdout.tgz!runs/r5-validation/stdout/r5e-occ_exhaust-s23-old.log	
/workspace/reports/atm-v2-harness/runs/r5-validation/stdout/r5e-occ_exhaust-s23-opt.log	445	2026-10-08 17:58	a195b1c75f89655056fe3d50d0bb3aa61d34cc14	on-main-identical		research/paper-v2/generations/r5-2026-10-08/raw/r5-stdout.tgz!runs/r5-validation/stdout/r5e-occ_exhaust-s23-opt.log	
/workspace/reports/atm-v2-harness/runs/r5-validation/stdout/r5e-occ_exhaust-s23-q.log	442	2026-10-08 17:59	236c496fecd61e3160f38a3c67d6b51233531c25	on-main-identical		research/paper-v2/generations/r5-2026-10-08/raw/r5-stdout.tgz!runs/r5-validation/stdout/r5e-occ_exhaust-s23-q.log	
/workspace/reports/atm-v2-harness/runs/r5-validation/stdout/r5m-e4-hot_conflict-fault_naive-p8-s11-fix.log	1285	2026-10-08 17:55	7b7508134312b8109d1119d68711aa343dc0430e	on-main-identical		research/paper-v2/generations/r5-2026-10-08/raw/r5-stdout.tgz!runs/r5-validation/stdout/r5m-e4-hot_conflict-fault_naive-p8-s11-fix.log	
/workspace/reports/atm-v2-harness/runs/r5-validation/stdout/r5m-e4-hot_conflict-fault_naive-p8-s11-nq.log	1287	2026-10-08 17:56	97c0dee6d4be721a0a3d50b9b528ccd9cc3fb5fb	on-main-identical		research/paper-v2/generations/r5-2026-10-08/raw/r5-stdout.tgz!runs/r5-validation/stdout/r5m-e4-hot_conflict-fault_naive-p8-s11-nq.log	
/workspace/reports/atm-v2-harness/runs/r5-validation/stdout/r5m-e4-hot_conflict-fault_naive-p8-s11-old.log	1285	2026-10-08 17:54	96ba97ef5c99635e91100c4aa68d9a0297beae71	on-main-identical		research/paper-v2/generations/r5-2026-10-08/raw/r5-stdout.tgz!runs/r5-validation/stdout/r5m-e4-hot_conflict-fault_naive-p8-s11-old.log	
/workspace/reports/atm-v2-harness/runs/r5-validation/stdout/r5m-e4-hot_conflict-fault_naive-p8-s11-opt.log	1282	2026-10-08 17:55	bed1e173fe42e2b1e636c6d2b210f518845a4893	on-main-identical		research/paper-v2/generations/r5-2026-10-08/raw/r5-stdout.tgz!runs/r5-validation/stdout/r5m-e4-hot_conflict-fault_naive-p8-s11-opt.log	
/workspace/reports/atm-v2-harness/runs/r5-validation/stdout/r5m-e4-hot_conflict-fault_naive-p8-s11-q.log	1281	2026-10-08 17:55	106f4964c213aa568ba5842f9e7210f42c398b85	on-main-identical		research/paper-v2/generations/r5-2026-10-08/raw/r5-stdout.tgz!runs/r5-validation/stdout/r5m-e4-hot_conflict-fault_naive-p8-s11-q.log	
/workspace/reports/atm-v2-harness/runs/r5-validation/stdout/r5m-e4-hot_conflict-fault_naive-p8-s17-fix.log	1288	2026-10-08 17:55	cbeafeb98e33d52b21707a38845613404b89638c	on-main-identical		research/paper-v2/generations/r5-2026-10-08/raw/r5-stdout.tgz!runs/r5-validation/stdout/r5m-e4-hot_conflict-fault_naive-p8-s17-fix.log	
/workspace/reports/atm-v2-harness/runs/r5-validation/stdout/r5m-e4-hot_conflict-fault_naive-p8-s17-nq.log	1284	2026-10-08 17:56	7fd17c39560c15d20deb9917fa00d4e3f8273db0	on-main-identical		research/paper-v2/generations/r5-2026-10-08/raw/r5-stdout.tgz!runs/r5-validation/stdout/r5m-e4-hot_conflict-fault_naive-p8-s17-nq.log	
/workspace/reports/atm-v2-harness/runs/r5-validation/stdout/r5m-e4-hot_conflict-fault_naive-p8-s17-old.log	1287	2026-10-08 17:54	ca83186ff3342caba057f266dfc97f6474603c1b	on-main-identical		research/paper-v2/generations/r5-2026-10-08/raw/r5-stdout.tgz!runs/r5-validation/stdout/r5m-e4-hot_conflict-fault_naive-p8-s17-old.log	
/workspace/reports/atm-v2-harness/runs/r5-validation/stdout/r5m-e4-hot_conflict-fault_naive-p8-s17-opt.log	1288	2026-10-08 17:55	0845a38edd439c30b69612eebc4c2957739db260	on-main-identical		research/paper-v2/generations/r5-2026-10-08/raw/r5-stdout.tgz!runs/r5-validation/stdout/r5m-e4-hot_conflict-fault_naive-p8-s17-opt.log	
/workspace/reports/atm-v2-harness/runs/r5-validation/stdout/r5m-e4-hot_conflict-fault_naive-p8-s17-q.log	1280	2026-10-08 17:56	792e93ac43a3c1f4f077cc89d3855ad84a56079d	on-main-identical		research/paper-v2/generations/r5-2026-10-08/raw/r5-stdout.tgz!runs/r5-validation/stdout/r5m-e4-hot_conflict-fault_naive-p8-s17-q.log	
/workspace/reports/atm-v2-harness/runs/r5-validation/stdout/r5m-e4-hot_conflict-fault_naive-p8-s23-fix.log	1286	2026-10-08 17:55	f3d97e70acb9f5280c061a5f5412bb9b39c458b0	on-main-identical		research/paper-v2/generations/r5-2026-10-08/raw/r5-stdout.tgz!runs/r5-validation/stdout/r5m-e4-hot_conflict-fault_naive-p8-s23-fix.log	
/workspace/reports/atm-v2-harness/runs/r5-validation/stdout/r5m-e4-hot_conflict-fault_naive-p8-s23-nq.log	1283	2026-10-08 17:56	e0c016928fa3c6cae293d8d8e69825f58421f826	on-main-identical		research/paper-v2/generations/r5-2026-10-08/raw/r5-stdout.tgz!runs/r5-validation/stdout/r5m-e4-hot_conflict-fault_naive-p8-s23-nq.log	
/workspace/reports/atm-v2-harness/runs/r5-validation/stdout/r5m-e4-hot_conflict-fault_naive-p8-s23-old.log	1290	2026-10-08 17:54	fd1d7077b05f7177f1a8e5bbd57e5b012301ee87	on-main-identical		research/paper-v2/generations/r5-2026-10-08/raw/r5-stdout.tgz!runs/r5-validation/stdout/r5m-e4-hot_conflict-fault_naive-p8-s23-old.log	
/workspace/reports/atm-v2-harness/runs/r5-validation/stdout/r5m-e4-hot_conflict-fault_naive-p8-s23-opt.log	1290	2026-10-08 17:55	cfbdc5abf36ab70a3070bc518dc79871b6dbf136	on-main-identical		research/paper-v2/generations/r5-2026-10-08/raw/r5-stdout.tgz!runs/r5-validation/stdout/r5m-e4-hot_conflict-fault_naive-p8-s23-opt.log	
/workspace/reports/atm-v2-harness/runs/r5-validation/stdout/r5m-e4-hot_conflict-fault_naive-p8-s23-q.log	1279	2026-10-08 17:56	5d19d7cdb14c88587361a3b6b7df4961ecbc62d9	on-main-identical		research/paper-v2/generations/r5-2026-10-08/raw/r5-stdout.tgz!runs/r5-validation/stdout/r5m-e4-hot_conflict-fault_naive-p8-s23-q.log	
/workspace/reports/atm-v2-harness/runs/r5-validation/stdout/r5m-e4-hot_conflict-fault_nolock-p8-s11-fix.log	1290	2026-10-08 17:55	2fb7824a6a05dc21e656fc686b80db2ea3475d2a	on-main-identical		research/paper-v2/generations/r5-2026-10-08/raw/r5-stdout.tgz!runs/r5-validation/stdout/r5m-e4-hot_conflict-fault_nolock-p8-s11-fix.log	
/workspace/reports/atm-v2-harness/runs/r5-validation/stdout/r5m-e4-hot_conflict-fault_nolock-p8-s11-nq.log	1290	2026-10-08 17:56	6e9335ee451934f98eee7fe17cecb2b9de8db40d	on-main-identical		research/paper-v2/generations/r5-2026-10-08/raw/r5-stdout.tgz!runs/r5-validation/stdout/r5m-e4-hot_conflict-fault_nolock-p8-s11-nq.log	
/workspace/reports/atm-v2-harness/runs/r5-validation/stdout/r5m-e4-hot_conflict-fault_nolock-p8-s11-old.log	1294	2026-10-08 17:54	72ee27ca4b45061ddf611b089d4e5b1f713ce487	on-main-identical		research/paper-v2/generations/r5-2026-10-08/raw/r5-stdout.tgz!runs/r5-validation/stdout/r5m-e4-hot_conflict-fault_nolock-p8-s11-old.log	
/workspace/reports/atm-v2-harness/runs/r5-validation/stdout/r5m-e4-hot_conflict-fault_nolock-p8-s11-opt.log	1294	2026-10-08 17:55	7b1794669a5e8cd81c7b756ad5b5b96342c1315c	on-main-identical		research/paper-v2/generations/r5-2026-10-08/raw/r5-stdout.tgz!runs/r5-validation/stdout/r5m-e4-hot_conflict-fault_nolock-p8-s11-opt.log	
/workspace/reports/atm-v2-harness/runs/r5-validation/stdout/r5m-e4-hot_conflict-fault_nolock-p8-s11-q.log	1285	2026-10-08 17:56	effc9f559157d012548be5ae81afc3ed8e148da1	on-main-identical		research/paper-v2/generations/r5-2026-10-08/raw/r5-stdout.tgz!runs/r5-validation/stdout/r5m-e4-hot_conflict-fault_nolock-p8-s11-q.log	
/workspace/reports/atm-v2-harness/runs/r5-validation/stdout/r5m-e4-hot_conflict-fault_nolock-p8-s17-fix.log	1292	2026-10-08 17:55	cbe9e4957feb08fab74f462e0d5d95944332d098	on-main-identical		research/paper-v2/generations/r5-2026-10-08/raw/r5-stdout.tgz!runs/r5-validation/stdout/r5m-e4-hot_conflict-fault_nolock-p8-s17-fix.log	
/workspace/reports/atm-v2-harness/runs/r5-validation/stdout/r5m-e4-hot_conflict-fault_nolock-p8-s17-nq.log	1292	2026-10-08 17:56	9c30e61c6f623498ffb43b210df2d838326c4869	on-main-identical		research/paper-v2/generations/r5-2026-10-08/raw/r5-stdout.tgz!runs/r5-validation/stdout/r5m-e4-hot_conflict-fault_nolock-p8-s17-nq.log	
/workspace/reports/atm-v2-harness/runs/r5-validation/stdout/r5m-e4-hot_conflict-fault_nolock-p8-s17-old.log	1291	2026-10-08 17:54	0474e4efefe264817892f0b523d6f0ddc4e2f0bb	on-main-identical		research/paper-v2/generations/r5-2026-10-08/raw/r5-stdout.tgz!runs/r5-validation/stdout/r5m-e4-hot_conflict-fault_nolock-p8-s17-old.log	
/workspace/reports/atm-v2-harness/runs/r5-validation/stdout/r5m-e4-hot_conflict-fault_nolock-p8-s17-opt.log	1291	2026-10-08 17:55	4c3aec04ef1ba7ccd3f3b67b2cdd7a81d2b24342	on-main-identical		research/paper-v2/generations/r5-2026-10-08/raw/r5-stdout.tgz!runs/r5-validation/stdout/r5m-e4-hot_conflict-fault_nolock-p8-s17-opt.log	
/workspace/reports/atm-v2-harness/runs/r5-validation/stdout/r5m-e4-hot_conflict-fault_nolock-p8-s17-q.log	1287	2026-10-08 17:56	2ff9a91389ba0a0eea784d8f02c1476c8d28ead3	on-main-identical		research/paper-v2/generations/r5-2026-10-08/raw/r5-stdout.tgz!runs/r5-validation/stdout/r5m-e4-hot_conflict-fault_nolock-p8-s17-q.log	
/workspace/reports/atm-v2-harness/runs/r5-validation/stdout/r5m-e4-hot_conflict-fault_nolock-p8-s23-fix.log	1293	2026-10-08 17:55	51c16d328474bd4fe363a89f70990503a750aa44	on-main-identical		research/paper-v2/generations/r5-2026-10-08/raw/r5-stdout.tgz!runs/r5-validation/stdout/r5m-e4-hot_conflict-fault_nolock-p8-s23-fix.log	
/workspace/reports/atm-v2-harness/runs/r5-validation/stdout/r5m-e4-hot_conflict-fault_nolock-p8-s23-nq.log	1289	2026-10-08 17:56	49bd32988206dc5696618b88fa171909d65449ba	on-main-identical		research/paper-v2/generations/r5-2026-10-08/raw/r5-stdout.tgz!runs/r5-validation/stdout/r5m-e4-hot_conflict-fault_nolock-p8-s23-nq.log	
/workspace/reports/atm-v2-harness/runs/r5-validation/stdout/r5m-e4-hot_conflict-fault_nolock-p8-s23-old.log	1296	2026-10-08 17:55	cef9395436533a92490490072885e128be2e43c6	on-main-identical		research/paper-v2/generations/r5-2026-10-08/raw/r5-stdout.tgz!runs/r5-validation/stdout/r5m-e4-hot_conflict-fault_nolock-p8-s23-old.log	
/workspace/reports/atm-v2-harness/runs/r5-validation/stdout/r5m-e4-hot_conflict-fault_nolock-p8-s23-opt.log	1295	2026-10-08 17:55	9f3e423e542ec81343e02511aeab8d6851ad674d	on-main-identical		research/paper-v2/generations/r5-2026-10-08/raw/r5-stdout.tgz!runs/r5-validation/stdout/r5m-e4-hot_conflict-fault_nolock-p8-s23-opt.log	
/workspace/reports/atm-v2-harness/runs/r5-validation/stdout/r5m-e4-hot_conflict-fault_nolock-p8-s23-q.log	1287	2026-10-08 17:56	0c8fd203fd720252d87037c5547c33d07ef6b520	on-main-identical		research/paper-v2/generations/r5-2026-10-08/raw/r5-stdout.tgz!runs/r5-validation/stdout/r5m-e4-hot_conflict-fault_nolock-p8-s23-q.log	
/workspace/reports/atm-v2-harness/runs/r5-validation/stdout/r5m-e4-hot_conflict-steward-p2-s11-fix.log	1267	2026-10-08 17:55	daf0d4f125a17feeaf62a5f9aa54c8ab8b17c777	on-main-identical		research/paper-v2/generations/r5-2026-10-08/raw/r5-stdout.tgz!runs/r5-validation/stdout/r5m-e4-hot_conflict-steward-p2-s11-fix.log	
/workspace/reports/atm-v2-harness/runs/r5-validation/stdout/r5m-e4-hot_conflict-steward-p2-s11-nq.log	1266	2026-10-08 17:56	d4db74ef092a4d2aef6afceadce0f5f378ad6bf9	on-main-identical		research/paper-v2/generations/r5-2026-10-08/raw/r5-stdout.tgz!runs/r5-validation/stdout/r5m-e4-hot_conflict-steward-p2-s11-nq.log	
/workspace/reports/atm-v2-harness/runs/r5-validation/stdout/r5m-e4-hot_conflict-steward-p2-s11-old.log	1271	2026-10-08 17:54	ed294f34612642c4c370543a27ead01dfd706197	on-main-identical		research/paper-v2/generations/r5-2026-10-08/raw/r5-stdout.tgz!runs/r5-validation/stdout/r5m-e4-hot_conflict-steward-p2-s11-old.log	
/workspace/reports/atm-v2-harness/runs/r5-validation/stdout/r5m-e4-hot_conflict-steward-p2-s11-opt.log	1268	2026-10-08 17:55	bcfccb7a0e5a46ea92131e3643df354ce1c7d744	on-main-identical		research/paper-v2/generations/r5-2026-10-08/raw/r5-stdout.tgz!runs/r5-validation/stdout/r5m-e4-hot_conflict-steward-p2-s11-opt.log	
/workspace/reports/atm-v2-harness/runs/r5-validation/stdout/r5m-e4-hot_conflict-steward-p2-s11-q.log	1264	2026-10-08 17:55	170cc5950408f86500c87b47833403a91010f83d	on-main-identical		research/paper-v2/generations/r5-2026-10-08/raw/r5-stdout.tgz!runs/r5-validation/stdout/r5m-e4-hot_conflict-steward-p2-s11-q.log	
/workspace/reports/atm-v2-harness/runs/r5-validation/stdout/r5m-e4-hot_conflict-steward-p2-s17-fix.log	1270	2026-10-08 17:55	323ac00134204ec00f9ef0589ed6ac24cc46baa2	on-main-identical		research/paper-v2/generations/r5-2026-10-08/raw/r5-stdout.tgz!runs/r5-validation/stdout/r5m-e4-hot_conflict-steward-p2-s17-fix.log	
/workspace/reports/atm-v2-harness/runs/r5-validation/stdout/r5m-e4-hot_conflict-steward-p2-s17-nq.log	1266	2026-10-08 17:56	b2ee4387e1a075d1f61298f2e3d96aa4d3a8e203	on-main-identical		research/paper-v2/generations/r5-2026-10-08/raw/r5-stdout.tgz!runs/r5-validation/stdout/r5m-e4-hot_conflict-steward-p2-s17-nq.log	
/workspace/reports/atm-v2-harness/runs/r5-validation/stdout/r5m-e4-hot_conflict-steward-p2-s17-old.log	1270	2026-10-08 17:54	b8e4b3af6bd044cbf826093d2249ce03e7a709e3	on-main-identical		research/paper-v2/generations/r5-2026-10-08/raw/r5-stdout.tgz!runs/r5-validation/stdout/r5m-e4-hot_conflict-steward-p2-s17-old.log	
/workspace/reports/atm-v2-harness/runs/r5-validation/stdout/r5m-e4-hot_conflict-steward-p2-s17-opt.log	1272	2026-10-08 17:55	e0e1681e12f2d70b7b1761bbca57ecdc7a4ff9d9	on-main-identical		research/paper-v2/generations/r5-2026-10-08/raw/r5-stdout.tgz!runs/r5-validation/stdout/r5m-e4-hot_conflict-steward-p2-s17-opt.log	
/workspace/reports/atm-v2-harness/runs/r5-validation/stdout/r5m-e4-hot_conflict-steward-p2-s17-q.log	1264	2026-10-08 17:55	753aee4723eb7b2125510764fd36f3fac211a994	on-main-identical		research/paper-v2/generations/r5-2026-10-08/raw/r5-stdout.tgz!runs/r5-validation/stdout/r5m-e4-hot_conflict-steward-p2-s17-q.log	
/workspace/reports/atm-v2-harness/runs/r5-validation/stdout/r5m-e4-hot_conflict-steward-p2-s23-fix.log	1270	2026-10-08 17:55	d14968a8beb0f55493eb7fbb66895706ae633509	on-main-identical		research/paper-v2/generations/r5-2026-10-08/raw/r5-stdout.tgz!runs/r5-validation/stdout/r5m-e4-hot_conflict-steward-p2-s23-fix.log	
/workspace/reports/atm-v2-harness/runs/r5-validation/stdout/r5m-e4-hot_conflict-steward-p2-s23-nq.log	1268	2026-10-08 17:56	0776d70789925db0344bf839b3fde227deeb6b33	on-main-identical		research/paper-v2/generations/r5-2026-10-08/raw/r5-stdout.tgz!runs/r5-validation/stdout/r5m-e4-hot_conflict-steward-p2-s23-nq.log	
/workspace/reports/atm-v2-harness/runs/r5-validation/stdout/r5m-e4-hot_conflict-steward-p2-s23-old.log	1271	2026-10-08 17:54	ace0dc4d6b231e05b83f719861018cd161797e65	on-main-identical		research/paper-v2/generations/r5-2026-10-08/raw/r5-stdout.tgz!runs/r5-validation/stdout/r5m-e4-hot_conflict-steward-p2-s23-old.log	
/workspace/reports/atm-v2-harness/runs/r5-validation/stdout/r5m-e4-hot_conflict-steward-p2-s23-opt.log	1270	2026-10-08 17:55	0e1f51adac0353e92c86bfb21355db98fbd9c34b	on-main-identical		research/paper-v2/generations/r5-2026-10-08/raw/r5-stdout.tgz!runs/r5-validation/stdout/r5m-e4-hot_conflict-steward-p2-s23-opt.log	
/workspace/reports/atm-v2-harness/runs/r5-validation/stdout/r5m-e4-hot_conflict-steward-p2-s23-q.log	1265	2026-10-08 17:55	68693ea3090292c9f35d860e8d6f6be7077bb202	on-main-identical		research/paper-v2/generations/r5-2026-10-08/raw/r5-stdout.tgz!runs/r5-validation/stdout/r5m-e4-hot_conflict-steward-p2-s23-q.log	
/workspace/reports/atm-v2-harness/runs/r5-validation/stdout/r5m-e4-hot_conflict-steward-p4-s11-fix.log	1271	2026-10-08 17:55	bcebfb647514a721ec0f1f148c7654fc15f65634	on-main-identical		research/paper-v2/generations/r5-2026-10-08/raw/r5-stdout.tgz!runs/r5-validation/stdout/r5m-e4-hot_conflict-steward-p4-s11-fix.log	
/workspace/reports/atm-v2-harness/runs/r5-validation/stdout/r5m-e4-hot_conflict-steward-p4-s11-nq.log	1267	2026-10-08 17:56	53aa0dbd572f8a95607efe1eda49ff3161b3eb42	on-main-identical		research/paper-v2/generations/r5-2026-10-08/raw/r5-stdout.tgz!runs/r5-validation/stdout/r5m-e4-hot_conflict-steward-p4-s11-nq.log	
/workspace/reports/atm-v2-harness/runs/r5-validation/stdout/r5m-e4-hot_conflict-steward-p4-s11-old.log	1270	2026-10-08 17:54	9568475b8d32f213d42d013b89537b9850f472f3	on-main-identical		research/paper-v2/generations/r5-2026-10-08/raw/r5-stdout.tgz!runs/r5-validation/stdout/r5m-e4-hot_conflict-steward-p4-s11-old.log	
/workspace/reports/atm-v2-harness/runs/r5-validation/stdout/r5m-e4-hot_conflict-steward-p4-s11-opt.log	1271	2026-10-08 17:55	f3648647267822cb30fd77b6c40fb81dab4992a9	on-main-identical		research/paper-v2/generations/r5-2026-10-08/raw/r5-stdout.tgz!runs/r5-validation/stdout/r5m-e4-hot_conflict-steward-p4-s11-opt.log	
/workspace/reports/atm-v2-harness/runs/r5-validation/stdout/r5m-e4-hot_conflict-steward-p4-s11-q.log	1263	2026-10-08 17:55	64e6f866e0596b1a8cc7dd7dec67a34413b9d498	on-main-identical		research/paper-v2/generations/r5-2026-10-08/raw/r5-stdout.tgz!runs/r5-validation/stdout/r5m-e4-hot_conflict-steward-p4-s11-q.log	
/workspace/reports/atm-v2-harness/runs/r5-validation/stdout/r5m-e4-hot_conflict-steward-p4-s17-fix.log	1271	2026-10-08 17:55	7ec329e0ad4e7a05d2d4f26534fb75f0fa8cc8db	on-main-identical		research/paper-v2/generations/r5-2026-10-08/raw/r5-stdout.tgz!runs/r5-validation/stdout/r5m-e4-hot_conflict-steward-p4-s17-fix.log	
/workspace/reports/atm-v2-harness/runs/r5-validation/stdout/r5m-e4-hot_conflict-steward-p4-s17-nq.log	1270	2026-10-08 17:56	b917633ddd289d2fec1258e418c3516b372f1aa6	on-main-identical		research/paper-v2/generations/r5-2026-10-08/raw/r5-stdout.tgz!runs/r5-validation/stdout/r5m-e4-hot_conflict-steward-p4-s17-nq.log	
/workspace/reports/atm-v2-harness/runs/r5-validation/stdout/r5m-e4-hot_conflict-steward-p4-s17-old.log	1271	2026-10-08 17:54	78900f91b4b97c407c66dfdb3298977ef82269d5	on-main-identical		research/paper-v2/generations/r5-2026-10-08/raw/r5-stdout.tgz!runs/r5-validation/stdout/r5m-e4-hot_conflict-steward-p4-s17-old.log	
/workspace/reports/atm-v2-harness/runs/r5-validation/stdout/r5m-e4-hot_conflict-steward-p4-s17-opt.log	1273	2026-10-08 17:55	0bcccf9871c5a384e40fd4f6d0539657e568af08	on-main-identical		research/paper-v2/generations/r5-2026-10-08/raw/r5-stdout.tgz!runs/r5-validation/stdout/r5m-e4-hot_conflict-steward-p4-s17-opt.log	
/workspace/reports/atm-v2-harness/runs/r5-validation/stdout/r5m-e4-hot_conflict-steward-p4-s17-q.log	1260	2026-10-08 17:55	dc3186cba98ed60a22eec887a76e94d5ab7a369d	on-main-identical		research/paper-v2/generations/r5-2026-10-08/raw/r5-stdout.tgz!runs/r5-validation/stdout/r5m-e4-hot_conflict-steward-p4-s17-q.log	
/workspace/reports/atm-v2-harness/runs/r5-validation/stdout/r5m-e4-hot_conflict-steward-p4-s23-fix.log	1269	2026-10-08 17:55	3c0cc98c963ff36d063cf137546f93ab4d2d46b3	on-main-identical		research/paper-v2/generations/r5-2026-10-08/raw/r5-stdout.tgz!runs/r5-validation/stdout/r5m-e4-hot_conflict-steward-p4-s23-fix.log	
/workspace/reports/atm-v2-harness/runs/r5-validation/stdout/r5m-e4-hot_conflict-steward-p4-s23-nq.log	1268	2026-10-08 17:56	7e3bcf4e4cc8072f985a469d0a27b0f530bd5dda	on-main-identical		research/paper-v2/generations/r5-2026-10-08/raw/r5-stdout.tgz!runs/r5-validation/stdout/r5m-e4-hot_conflict-steward-p4-s23-nq.log	
/workspace/reports/atm-v2-harness/runs/r5-validation/stdout/r5m-e4-hot_conflict-steward-p4-s23-old.log	1272	2026-10-08 17:54	fed3696f831f568e92129a348f109cb74814438f	on-main-identical		research/paper-v2/generations/r5-2026-10-08/raw/r5-stdout.tgz!runs/r5-validation/stdout/r5m-e4-hot_conflict-steward-p4-s23-old.log	
/workspace/reports/atm-v2-harness/runs/r5-validation/stdout/r5m-e4-hot_conflict-steward-p4-s23-opt.log	1272	2026-10-08 17:55	8adb616eea0eda10b1fb4f733d47f830efa1f471	on-main-identical		research/paper-v2/generations/r5-2026-10-08/raw/r5-stdout.tgz!runs/r5-validation/stdout/r5m-e4-hot_conflict-steward-p4-s23-opt.log	
/workspace/reports/atm-v2-harness/runs/r5-validation/stdout/r5m-e4-hot_conflict-steward-p4-s23-q.log	1263	2026-10-08 17:55	ad4e58fe108a4ea6fb2f32b2ace892df83824801	on-main-identical		research/paper-v2/generations/r5-2026-10-08/raw/r5-stdout.tgz!runs/r5-validation/stdout/r5m-e4-hot_conflict-steward-p4-s23-q.log	
/workspace/reports/atm-v2-harness/runs/r5-validation/stdout/r5m-e4-hot_conflict-steward-p8-s11-fix.log	1276	2026-10-08 17:55	daa2269f8d6c9b8e0cc7b167b24dc287295c2547	on-main-identical		research/paper-v2/generations/r5-2026-10-08/raw/r5-stdout.tgz!runs/r5-validation/stdout/r5m-e4-hot_conflict-steward-p8-s11-fix.log	
/workspace/reports/atm-v2-harness/runs/r5-validation/stdout/r5m-e4-hot_conflict-steward-p8-s11-nq.log	1271	2026-10-08 17:56	c21527a7f61958d83cbba8fe8fd3fc6747d76d1e	on-main-identical		research/paper-v2/generations/r5-2026-10-08/raw/r5-stdout.tgz!runs/r5-validation/stdout/r5m-e4-hot_conflict-steward-p8-s11-nq.log	
/workspace/reports/atm-v2-harness/runs/r5-validation/stdout/r5m-e4-hot_conflict-steward-p8-s11-old.log	1271	2026-10-08 17:54	b3c036bbea1a54601bea7bf884d24772748e4ed9	on-main-identical		research/paper-v2/generations/r5-2026-10-08/raw/r5-stdout.tgz!runs/r5-validation/stdout/r5m-e4-hot_conflict-steward-p8-s11-old.log	
/workspace/reports/atm-v2-harness/runs/r5-validation/stdout/r5m-e4-hot_conflict-steward-p8-s11-opt.log	1272	2026-10-08 17:55	a2ae4c88589a60bb618e9ebbdd46c7f475248520	on-main-identical		research/paper-v2/generations/r5-2026-10-08/raw/r5-stdout.tgz!runs/r5-validation/stdout/r5m-e4-hot_conflict-steward-p8-s11-opt.log	
/workspace/reports/atm-v2-harness/runs/r5-validation/stdout/r5m-e4-hot_conflict-steward-p8-s11-q.log	1267	2026-10-08 17:55	e2acd3b04bc7bf213b1100bf29be7ef0a5225509	on-main-identical		research/paper-v2/generations/r5-2026-10-08/raw/r5-stdout.tgz!runs/r5-validation/stdout/r5m-e4-hot_conflict-steward-p8-s11-q.log	
/workspace/reports/atm-v2-harness/runs/r5-validation/stdout/r5m-e4-hot_conflict-steward-p8-s17-fix.log	1275	2026-10-08 17:55	027660ae20b51f2fac63c701b21e2fb7e9c5977c	on-main-identical		research/paper-v2/generations/r5-2026-10-08/raw/r5-stdout.tgz!runs/r5-validation/stdout/r5m-e4-hot_conflict-steward-p8-s17-fix.log	
/workspace/reports/atm-v2-harness/runs/r5-validation/stdout/r5m-e4-hot_conflict-steward-p8-s17-nq.log	1268	2026-10-08 17:56	e25094ac1926b738fb3a458eedae68e53e87077b	on-main-identical		research/paper-v2/generations/r5-2026-10-08/raw/r5-stdout.tgz!runs/r5-validation/stdout/r5m-e4-hot_conflict-steward-p8-s17-nq.log	
/workspace/reports/atm-v2-harness/runs/r5-validation/stdout/r5m-e4-hot_conflict-steward-p8-s17-old.log	1277	2026-10-08 17:54	e646ab94bc7788c071c984649029899878073658	on-main-identical		research/paper-v2/generations/r5-2026-10-08/raw/r5-stdout.tgz!runs/r5-validation/stdout/r5m-e4-hot_conflict-steward-p8-s17-old.log	
/workspace/reports/atm-v2-harness/runs/r5-validation/stdout/r5m-e4-hot_conflict-steward-p8-s17-opt.log	1275	2026-10-08 17:55	fbb20aa811d3dbe3b4a2a635844495016fbd7448	on-main-identical		research/paper-v2/generations/r5-2026-10-08/raw/r5-stdout.tgz!runs/r5-validation/stdout/r5m-e4-hot_conflict-steward-p8-s17-opt.log	
/workspace/reports/atm-v2-harness/runs/r5-validation/stdout/r5m-e4-hot_conflict-steward-p8-s17-q.log	1265	2026-10-08 17:55	943be7c318b7c5d2795c9c8ce9b4cb73ef6616f6	on-main-identical		research/paper-v2/generations/r5-2026-10-08/raw/r5-stdout.tgz!runs/r5-validation/stdout/r5m-e4-hot_conflict-steward-p8-s17-q.log	
/workspace/reports/atm-v2-harness/runs/r5-validation/stdout/r5m-e4-hot_conflict-steward-p8-s23-fix.log	1273	2026-10-08 17:55	e97415c947258d9470fd2c17092c97cc4b936d2c	on-main-identical		research/paper-v2/generations/r5-2026-10-08/raw/r5-stdout.tgz!runs/r5-validation/stdout/r5m-e4-hot_conflict-steward-p8-s23-fix.log	
/workspace/reports/atm-v2-harness/runs/r5-validation/stdout/r5m-e4-hot_conflict-steward-p8-s23-nq.log	1271	2026-10-08 17:56	5b80815ae6539e79ef3f8759a1731c2e896d09c4	on-main-identical		research/paper-v2/generations/r5-2026-10-08/raw/r5-stdout.tgz!runs/r5-validation/stdout/r5m-e4-hot_conflict-steward-p8-s23-nq.log	
/workspace/reports/atm-v2-harness/runs/r5-validation/stdout/r5m-e4-hot_conflict-steward-p8-s23-old.log	1272	2026-10-08 17:54	69ce8f3a42c5c05438a59f5893ed2a94eff4247d	on-main-identical		research/paper-v2/generations/r5-2026-10-08/raw/r5-stdout.tgz!runs/r5-validation/stdout/r5m-e4-hot_conflict-steward-p8-s23-old.log	
/workspace/reports/atm-v2-harness/runs/r5-validation/stdout/r5m-e4-hot_conflict-steward-p8-s23-opt.log	1276	2026-10-08 17:55	bedf671c05025d07c25306118fa11b08b926700a	on-main-identical		research/paper-v2/generations/r5-2026-10-08/raw/r5-stdout.tgz!runs/r5-validation/stdout/r5m-e4-hot_conflict-steward-p8-s23-opt.log	
/workspace/reports/atm-v2-harness/runs/r5-validation/stdout/r5m-e4-hot_conflict-steward-p8-s23-q.log	1265	2026-10-08 17:55	efe75fbe0c9302b36092c64fa4def719c41c6be9	on-main-identical		research/paper-v2/generations/r5-2026-10-08/raw/r5-stdout.tgz!runs/r5-validation/stdout/r5m-e4-hot_conflict-steward-p8-s23-q.log	
/workspace/reports/atm-v2-harness/runs/r5-validation/stdout/r5m-e4-hot_conflict-steward-sp-s11-fix.log	599	2026-10-08 17:55	ed6a642a04a3883b9882ce0113bcea750cbc6a17	on-main-identical		research/paper-v2/generations/r5-2026-10-08/raw/r5-stdout.tgz!runs/r5-validation/stdout/r5m-e4-hot_conflict-steward-sp-s11-fix.log	
/workspace/reports/atm-v2-harness/runs/r5-validation/stdout/r5m-e4-hot_conflict-steward-sp-s11-old.log	598	2026-10-08 17:54	dd61920accb188b1abdcd8bcaf315fac0d696d2b	on-main-identical		research/paper-v2/generations/r5-2026-10-08/raw/r5-stdout.tgz!runs/r5-validation/stdout/r5m-e4-hot_conflict-steward-sp-s11-old.log	
/workspace/reports/atm-v2-harness/runs/r5-validation/stdout/r5m-e4-hot_conflict-steward-sp-s11-opt.log	598	2026-10-08 17:55	2a23c684e2f20cedd666b8ad4d8ae23c029e1aa2	on-main-identical		research/paper-v2/generations/r5-2026-10-08/raw/r5-stdout.tgz!runs/r5-validation/stdout/r5m-e4-hot_conflict-steward-sp-s11-opt.log	
/workspace/reports/atm-v2-harness/runs/r5-validation/stdout/r5m-e4-hot_conflict-steward-sp-s11-q.log	595	2026-10-08 17:55	7ea0340309ce4bc48f9cd80d761590a3a0cd8ab5	on-main-identical		research/paper-v2/generations/r5-2026-10-08/raw/r5-stdout.tgz!runs/r5-validation/stdout/r5m-e4-hot_conflict-steward-sp-s11-q.log	
/workspace/reports/atm-v2-harness/runs/r5-validation/stdout/r5m-e4-hot_conflict-steward-sp-s17-fix.log	598	2026-10-08 17:55	3dba7ae7b3349eefe9d74a0ea9ecac2dcdd352f9	on-main-identical		research/paper-v2/generations/r5-2026-10-08/raw/r5-stdout.tgz!runs/r5-validation/stdout/r5m-e4-hot_conflict-steward-sp-s17-fix.log	
/workspace/reports/atm-v2-harness/runs/r5-validation/stdout/r5m-e4-hot_conflict-steward-sp-s17-old.log	598	2026-10-08 17:54	1ce1a9e65d5338a4704183d4e0f804d8f20616b7	on-main-identical		research/paper-v2/generations/r5-2026-10-08/raw/r5-stdout.tgz!runs/r5-validation/stdout/r5m-e4-hot_conflict-steward-sp-s17-old.log	
/workspace/reports/atm-v2-harness/runs/r5-validation/stdout/r5m-e4-hot_conflict-steward-sp-s17-opt.log	600	2026-10-08 17:55	19d40caaaf5b48be6876e32c96f85f44186c28c7	on-main-identical		research/paper-v2/generations/r5-2026-10-08/raw/r5-stdout.tgz!runs/r5-validation/stdout/r5m-e4-hot_conflict-steward-sp-s17-opt.log	
/workspace/reports/atm-v2-harness/runs/r5-validation/stdout/r5m-e4-hot_conflict-steward-sp-s17-q.log	594	2026-10-08 17:56	339d239267abf479b15a1d8f73783c7a045fa174	on-main-identical		research/paper-v2/generations/r5-2026-10-08/raw/r5-stdout.tgz!runs/r5-validation/stdout/r5m-e4-hot_conflict-steward-sp-s17-q.log	
/workspace/reports/atm-v2-harness/runs/r5-validation/stdout/r5m-e4-hot_conflict-steward-sp-s23-fix.log	598	2026-10-08 17:55	8c7c4935573caf6803cc60217b2bba75bb306935	on-main-identical		research/paper-v2/generations/r5-2026-10-08/raw/r5-stdout.tgz!runs/r5-validation/stdout/r5m-e4-hot_conflict-steward-sp-s23-fix.log	
/workspace/reports/atm-v2-harness/runs/r5-validation/stdout/r5m-e4-hot_conflict-steward-sp-s23-old.log	598	2026-10-08 17:54	7fad28ef3ac5040bccd23f25d2d0e552b54e942c	on-main-identical		research/paper-v2/generations/r5-2026-10-08/raw/r5-stdout.tgz!runs/r5-validation/stdout/r5m-e4-hot_conflict-steward-sp-s23-old.log	
/workspace/reports/atm-v2-harness/runs/r5-validation/stdout/r5m-e4-hot_conflict-steward-sp-s23-opt.log	600	2026-10-08 17:55	b7e01d980bf2a50f801c774798e2fddaafeb1d0c	on-main-identical		research/paper-v2/generations/r5-2026-10-08/raw/r5-stdout.tgz!runs/r5-validation/stdout/r5m-e4-hot_conflict-steward-sp-s23-opt.log	
/workspace/reports/atm-v2-harness/runs/r5-validation/stdout/r5m-e4-hot_conflict-steward-sp-s23-q.log	594	2026-10-08 17:56	49587d6c67312cd6f0abff3ae444510a0281cc95	on-main-identical		research/paper-v2/generations/r5-2026-10-08/raw/r5-stdout.tgz!runs/r5-validation/stdout/r5m-e4-hot_conflict-steward-sp-s23-q.log	
/workspace/reports/atm-v2-harness/runs/r5-validation/stdout/r5r-e2-cold-bare_composer-s11-r1-opt.log	493	2026-10-08 17:58	0aa99eb00567d08077c266b90c25564bb9508658	on-main-identical		research/paper-v2/generations/r5-2026-10-08/raw/r5-stdout.tgz!runs/r5-validation/stdout/r5r-e2-cold-bare_composer-s11-r1-opt.log	
/workspace/reports/atm-v2-harness/runs/r5-validation/stdout/r5r-e2-cold-bare_composer-s11-r1-q.log	490	2026-10-08 17:58	1cb8b17e5bcfe3ba63b85ddb7a545c73217df5ea	on-main-identical		research/paper-v2/generations/r5-2026-10-08/raw/r5-stdout.tgz!runs/r5-validation/stdout/r5r-e2-cold-bare_composer-s11-r1-q.log	
/workspace/reports/atm-v2-harness/runs/r5-validation/stdout/r5r-e2-cold-bare_composer-s11-r2-opt.log	494	2026-10-08 17:58	d034a7643f6557e7347d8f39e707f4d887c83536	on-main-identical		research/paper-v2/generations/r5-2026-10-08/raw/r5-stdout.tgz!runs/r5-validation/stdout/r5r-e2-cold-bare_composer-s11-r2-opt.log	
/workspace/reports/atm-v2-harness/runs/r5-validation/stdout/r5r-e2-cold-bare_composer-s11-r2-q.log	490	2026-10-08 17:58	bc4401fcf3e0a31f4f592a98b775e58502313f03	on-main-identical		research/paper-v2/generations/r5-2026-10-08/raw/r5-stdout.tgz!runs/r5-validation/stdout/r5r-e2-cold-bare_composer-s11-r2-q.log	
/workspace/reports/atm-v2-harness/runs/r5-validation/stdout/r5r-e2-cold-bare_composer-s17-r1-opt.log	494	2026-10-08 17:58	2c310f06db5f697437133def15994afaa4e0df7a	on-main-identical		research/paper-v2/generations/r5-2026-10-08/raw/r5-stdout.tgz!runs/r5-validation/stdout/r5r-e2-cold-bare_composer-s17-r1-opt.log	
/workspace/reports/atm-v2-harness/runs/r5-validation/stdout/r5r-e2-cold-bare_composer-s17-r1-q.log	490	2026-10-08 17:58	cd20f25d00e47332640a6d89a8a63ad8a47f5876	on-main-identical		research/paper-v2/generations/r5-2026-10-08/raw/r5-stdout.tgz!runs/r5-validation/stdout/r5r-e2-cold-bare_composer-s17-r1-q.log	
/workspace/reports/atm-v2-harness/runs/r5-validation/stdout/r5r-e2-cold-bare_composer-s17-r2-opt.log	494	2026-10-08 17:58	e60be595d0e60699a9260e6c089436ad9f484d2c	on-main-identical		research/paper-v2/generations/r5-2026-10-08/raw/r5-stdout.tgz!runs/r5-validation/stdout/r5r-e2-cold-bare_composer-s17-r2-opt.log	
/workspace/reports/atm-v2-harness/runs/r5-validation/stdout/r5r-e2-cold-bare_composer-s17-r2-q.log	489	2026-10-08 17:58	13b968fe217af452a3b3ca012d3477f52fb1cf80	on-main-identical		research/paper-v2/generations/r5-2026-10-08/raw/r5-stdout.tgz!runs/r5-validation/stdout/r5r-e2-cold-bare_composer-s17-r2-q.log	
/workspace/reports/atm-v2-harness/runs/r5-validation/stdout/r5r-e2-cold-bare_composer-s23-r1-opt.log	494	2026-10-08 17:58	222bdd5626af14ce1d14c2fcb985fb6debbe2daa	on-main-identical		research/paper-v2/generations/r5-2026-10-08/raw/r5-stdout.tgz!runs/r5-validation/stdout/r5r-e2-cold-bare_composer-s23-r1-opt.log	
/workspace/reports/atm-v2-harness/runs/r5-validation/stdout/r5r-e2-cold-bare_composer-s23-r1-q.log	490	2026-10-08 17:58	e9b6fb0e64b79a27239ce2b906cd2033d40030f6	on-main-identical		research/paper-v2/generations/r5-2026-10-08/raw/r5-stdout.tgz!runs/r5-validation/stdout/r5r-e2-cold-bare_composer-s23-r1-q.log	
/workspace/reports/atm-v2-harness/runs/r5-validation/stdout/r5r-e2-cold-bare_composer-s23-r2-opt.log	494	2026-10-08 17:58	6286da9b8c66b340474edd4b8469a4267e5a220a	on-main-identical		research/paper-v2/generations/r5-2026-10-08/raw/r5-stdout.tgz!runs/r5-validation/stdout/r5r-e2-cold-bare_composer-s23-r2-opt.log	
/workspace/reports/atm-v2-harness/runs/r5-validation/stdout/r5r-e2-cold-bare_composer-s23-r2-q.log	490	2026-10-08 17:58	6021de07a65ae0809f7e4c5ca68d2b2403e923a3	on-main-identical		research/paper-v2/generations/r5-2026-10-08/raw/r5-stdout.tgz!runs/r5-validation/stdout/r5r-e2-cold-bare_composer-s23-r2-q.log	
/workspace/reports/atm-v2-harness/runs/r5-validation/stdout/r5r-e2-cold-file_lock-s11-r1-opt.log	475	2026-10-08 17:58	78cce3e6e78a17a640bb689af2b74d7a77b604d9	on-main-identical		research/paper-v2/generations/r5-2026-10-08/raw/r5-stdout.tgz!runs/r5-validation/stdout/r5r-e2-cold-file_lock-s11-r1-opt.log	
/workspace/reports/atm-v2-harness/runs/r5-validation/stdout/r5r-e2-cold-file_lock-s11-r1-q.log	471	2026-10-08 17:58	662113d35cb392e605ce58774f9b427da6837ddf	on-main-identical		research/paper-v2/generations/r5-2026-10-08/raw/r5-stdout.tgz!runs/r5-validation/stdout/r5r-e2-cold-file_lock-s11-r1-q.log	
/workspace/reports/atm-v2-harness/runs/r5-validation/stdout/r5r-e2-cold-file_lock-s11-r2-opt.log	475	2026-10-08 17:58	fdcba1cbe25e657b4b5e894918353b0cf4cfa0c3	on-main-identical		research/paper-v2/generations/r5-2026-10-08/raw/r5-stdout.tgz!runs/r5-validation/stdout/r5r-e2-cold-file_lock-s11-r2-opt.log	
/workspace/reports/atm-v2-harness/runs/r5-validation/stdout/r5r-e2-cold-file_lock-s11-r2-q.log	471	2026-10-08 17:58	c8d3a7aa98aa3290b0a333c451bcad920391d9fc	on-main-identical		research/paper-v2/generations/r5-2026-10-08/raw/r5-stdout.tgz!runs/r5-validation/stdout/r5r-e2-cold-file_lock-s11-r2-q.log	
/workspace/reports/atm-v2-harness/runs/r5-validation/stdout/r5r-e2-cold-file_lock-s17-r1-opt.log	475	2026-10-08 17:58	c4f82f07df361057be57f4bd80af1c346e5e4d7e	on-main-identical		research/paper-v2/generations/r5-2026-10-08/raw/r5-stdout.tgz!runs/r5-validation/stdout/r5r-e2-cold-file_lock-s17-r1-opt.log	
/workspace/reports/atm-v2-harness/runs/r5-validation/stdout/r5r-e2-cold-file_lock-s17-r1-q.log	471	2026-10-08 17:58	ee6c35e1a0fc505aac5f1a5591f72be9510e91c8	on-main-identical		research/paper-v2/generations/r5-2026-10-08/raw/r5-stdout.tgz!runs/r5-validation/stdout/r5r-e2-cold-file_lock-s17-r1-q.log	
/workspace/reports/atm-v2-harness/runs/r5-validation/stdout/r5r-e2-cold-file_lock-s17-r2-opt.log	474	2026-10-08 17:58	64b3d8b9bb85a86c729c5dd98b7c5851ce7694bf	on-main-identical		research/paper-v2/generations/r5-2026-10-08/raw/r5-stdout.tgz!runs/r5-validation/stdout/r5r-e2-cold-file_lock-s17-r2-opt.log	
/workspace/reports/atm-v2-harness/runs/r5-validation/stdout/r5r-e2-cold-file_lock-s17-r2-q.log	471	2026-10-08 17:58	961cb9442620d3d8ad24d807cedc0001da642e4f	on-main-identical		research/paper-v2/generations/r5-2026-10-08/raw/r5-stdout.tgz!runs/r5-validation/stdout/r5r-e2-cold-file_lock-s17-r2-q.log	
/workspace/reports/atm-v2-harness/runs/r5-validation/stdout/r5r-e2-cold-file_lock-s23-r1-opt.log	475	2026-10-08 17:58	89c0d6e688e771b21cae46313bc2fbb7e85d662e	on-main-identical		research/paper-v2/generations/r5-2026-10-08/raw/r5-stdout.tgz!runs/r5-validation/stdout/r5r-e2-cold-file_lock-s23-r1-opt.log	
/workspace/reports/atm-v2-harness/runs/r5-validation/stdout/r5r-e2-cold-file_lock-s23-r1-q.log	471	2026-10-08 17:58	b7bedaf7312d4d7c7940b013af4cac0aed37c0c3	on-main-identical		research/paper-v2/generations/r5-2026-10-08/raw/r5-stdout.tgz!runs/r5-validation/stdout/r5r-e2-cold-file_lock-s23-r1-q.log	
/workspace/reports/atm-v2-harness/runs/r5-validation/stdout/r5r-e2-cold-file_lock-s23-r2-opt.log	475	2026-10-08 17:58	4f612ec6d90102dbef54a3c3fe88e24d26d52c16	on-main-identical		research/paper-v2/generations/r5-2026-10-08/raw/r5-stdout.tgz!runs/r5-validation/stdout/r5r-e2-cold-file_lock-s23-r2-opt.log	
/workspace/reports/atm-v2-harness/runs/r5-validation/stdout/r5r-e2-cold-file_lock-s23-r2-q.log	471	2026-10-08 17:58	59c1887b5bb8d0b820450bd96358fdefba31f040	on-main-identical		research/paper-v2/generations/r5-2026-10-08/raw/r5-stdout.tgz!runs/r5-validation/stdout/r5r-e2-cold-file_lock-s23-r2-q.log	
/workspace/reports/atm-v2-harness/runs/r5-validation/stdout/r5r-e2-cold-git_three_way-s11-r1-opt.log	484	2026-10-08 17:58	a2d31526e3fd3efa4d3b983c37374387128a05f5	on-main-identical		research/paper-v2/generations/r5-2026-10-08/raw/r5-stdout.tgz!runs/r5-validation/stdout/r5r-e2-cold-git_three_way-s11-r1-opt.log	
/workspace/reports/atm-v2-harness/runs/r5-validation/stdout/r5r-e2-cold-git_three_way-s11-r1-q.log	480	2026-10-08 17:58	4fa7902521fe80354affdf272b3ed39fbf410528	on-main-identical		research/paper-v2/generations/r5-2026-10-08/raw/r5-stdout.tgz!runs/r5-validation/stdout/r5r-e2-cold-git_three_way-s11-r1-q.log	
/workspace/reports/atm-v2-harness/runs/r5-validation/stdout/r5r-e2-cold-git_three_way-s11-r2-opt.log	484	2026-10-08 17:58	2dd747ea394d91b17b9646ea991d2f2341b6f181	on-main-identical		research/paper-v2/generations/r5-2026-10-08/raw/r5-stdout.tgz!runs/r5-validation/stdout/r5r-e2-cold-git_three_way-s11-r2-opt.log	
/workspace/reports/atm-v2-harness/runs/r5-validation/stdout/r5r-e2-cold-git_three_way-s11-r2-q.log	480	2026-10-08 17:58	e819c482d2131ddc0887d4109b1c0b0f1c0e63da	on-main-identical		research/paper-v2/generations/r5-2026-10-08/raw/r5-stdout.tgz!runs/r5-validation/stdout/r5r-e2-cold-git_three_way-s11-r2-q.log	
/workspace/reports/atm-v2-harness/runs/r5-validation/stdout/r5r-e2-cold-git_three_way-s17-r1-opt.log	484	2026-10-08 17:58	11648228c05eb90379ae9c230e668bbc55b9ca99	on-main-identical		research/paper-v2/generations/r5-2026-10-08/raw/r5-stdout.tgz!runs/r5-validation/stdout/r5r-e2-cold-git_three_way-s17-r1-opt.log	
/workspace/reports/atm-v2-harness/runs/r5-validation/stdout/r5r-e2-cold-git_three_way-s17-r1-q.log	480	2026-10-08 17:58	5d1813339419086c3ce7c297face5947678d1cf9	on-main-identical		research/paper-v2/generations/r5-2026-10-08/raw/r5-stdout.tgz!runs/r5-validation/stdout/r5r-e2-cold-git_three_way-s17-r1-q.log	
/workspace/reports/atm-v2-harness/runs/r5-validation/stdout/r5r-e2-cold-git_three_way-s17-r2-opt.log	484	2026-10-08 17:58	e6ccd455999b01b276adef8bc0102997ef14c96d	on-main-identical		research/paper-v2/generations/r5-2026-10-08/raw/r5-stdout.tgz!runs/r5-validation/stdout/r5r-e2-cold-git_three_way-s17-r2-opt.log	
/workspace/reports/atm-v2-harness/runs/r5-validation/stdout/r5r-e2-cold-git_three_way-s17-r2-q.log	480	2026-10-08 17:58	582ff05e5bbb45d520ef5b5f81b105aa93cfe20d	on-main-identical		research/paper-v2/generations/r5-2026-10-08/raw/r5-stdout.tgz!runs/r5-validation/stdout/r5r-e2-cold-git_three_way-s17-r2-q.log	
/workspace/reports/atm-v2-harness/runs/r5-validation/stdout/r5r-e2-cold-git_three_way-s23-r1-opt.log	484	2026-10-08 17:58	0552e81524968fa576a00926c85460fafcb9f387	on-main-identical		research/paper-v2/generations/r5-2026-10-08/raw/r5-stdout.tgz!runs/r5-validation/stdout/r5r-e2-cold-git_three_way-s23-r1-opt.log	
/workspace/reports/atm-v2-harness/runs/r5-validation/stdout/r5r-e2-cold-git_three_way-s23-r1-q.log	480	2026-10-08 17:58	9d6bca895c0b741cf93533fb6fa468ef635ca08b	on-main-identical		research/paper-v2/generations/r5-2026-10-08/raw/r5-stdout.tgz!runs/r5-validation/stdout/r5r-e2-cold-git_three_way-s23-r1-q.log	
/workspace/reports/atm-v2-harness/runs/r5-validation/stdout/r5r-e2-cold-git_three_way-s23-r2-opt.log	484	2026-10-08 17:58	92ca5779a8cf36d3c3f7a094bef95bf9e5a4adb9	on-main-identical		research/paper-v2/generations/r5-2026-10-08/raw/r5-stdout.tgz!runs/r5-validation/stdout/r5r-e2-cold-git_three_way-s23-r2-opt.log	
/workspace/reports/atm-v2-harness/runs/r5-validation/stdout/r5r-e2-cold-git_three_way-s23-r2-q.log	480	2026-10-08 17:58	8a01dffc2d3b8fa364e46a693381aa17ff97edaf	on-main-identical		research/paper-v2/generations/r5-2026-10-08/raw/r5-stdout.tgz!runs/r5-validation/stdout/r5r-e2-cold-git_three_way-s23-r2-q.log	
/workspace/reports/atm-v2-harness/runs/r5-validation/stdout/r5r-e2-cold-occ-s11-r1-opt.log	454	2026-10-08 17:58	412b00a8fccd117f91fab2fc09f074396b363d22	on-main-identical		research/paper-v2/generations/r5-2026-10-08/raw/r5-stdout.tgz!runs/r5-validation/stdout/r5r-e2-cold-occ-s11-r1-opt.log	
/workspace/reports/atm-v2-harness/runs/r5-validation/stdout/r5r-e2-cold-occ-s11-r1-q.log	450	2026-10-08 17:58	1cc2041f4dd98a288b3dfa6a68ce67ecf2b70bf3	on-main-identical		research/paper-v2/generations/r5-2026-10-08/raw/r5-stdout.tgz!runs/r5-validation/stdout/r5r-e2-cold-occ-s11-r1-q.log	
/workspace/reports/atm-v2-harness/runs/r5-validation/stdout/r5r-e2-cold-occ-s11-r2-opt.log	454	2026-10-08 17:58	c20819c369aa953b6437fb0fb140d9496a1b34b4	on-main-identical		research/paper-v2/generations/r5-2026-10-08/raw/r5-stdout.tgz!runs/r5-validation/stdout/r5r-e2-cold-occ-s11-r2-opt.log	
/workspace/reports/atm-v2-harness/runs/r5-validation/stdout/r5r-e2-cold-occ-s11-r2-q.log	450	2026-10-08 17:58	e2225e4309664cf08f68d4561dba4c807b2f9f9d	on-main-identical		research/paper-v2/generations/r5-2026-10-08/raw/r5-stdout.tgz!runs/r5-validation/stdout/r5r-e2-cold-occ-s11-r2-q.log	
/workspace/reports/atm-v2-harness/runs/r5-validation/stdout/r5r-e2-cold-occ-s17-r1-opt.log	454	2026-10-08 17:58	672ba3793352941bc6a5283330fb93abeafa5827	on-main-identical		research/paper-v2/generations/r5-2026-10-08/raw/r5-stdout.tgz!runs/r5-validation/stdout/r5r-e2-cold-occ-s17-r1-opt.log	
/workspace/reports/atm-v2-harness/runs/r5-validation/stdout/r5r-e2-cold-occ-s17-r1-q.log	450	2026-10-08 17:58	546cc32340ef6d71f8cd30ce8afd326d4824c9d0	on-main-identical		research/paper-v2/generations/r5-2026-10-08/raw/r5-stdout.tgz!runs/r5-validation/stdout/r5r-e2-cold-occ-s17-r1-q.log	
/workspace/reports/atm-v2-harness/runs/r5-validation/stdout/r5r-e2-cold-occ-s17-r2-opt.log	454	2026-10-08 17:58	b9826ab3b90ad8b4623f65a717e3c4c6a86329a1	on-main-identical		research/paper-v2/generations/r5-2026-10-08/raw/r5-stdout.tgz!runs/r5-validation/stdout/r5r-e2-cold-occ-s17-r2-opt.log	
/workspace/reports/atm-v2-harness/runs/r5-validation/stdout/r5r-e2-cold-occ-s17-r2-q.log	450	2026-10-08 17:58	84a0b78e113e2baa3a99930d20bf7ff12b44a43b	on-main-identical		research/paper-v2/generations/r5-2026-10-08/raw/r5-stdout.tgz!runs/r5-validation/stdout/r5r-e2-cold-occ-s17-r2-q.log	
/workspace/reports/atm-v2-harness/runs/r5-validation/stdout/r5r-e2-cold-occ-s23-r1-opt.log	453	2026-10-08 17:58	6e4bf1bd5db96008d9d8d3a6383ba558b236009f	on-main-identical		research/paper-v2/generations/r5-2026-10-08/raw/r5-stdout.tgz!runs/r5-validation/stdout/r5r-e2-cold-occ-s23-r1-opt.log	
/workspace/reports/atm-v2-harness/runs/r5-validation/stdout/r5r-e2-cold-occ-s23-r1-q.log	450	2026-10-08 17:58	f35880829167316e35f908bd7594553bde49566d	on-main-identical		research/paper-v2/generations/r5-2026-10-08/raw/r5-stdout.tgz!runs/r5-validation/stdout/r5r-e2-cold-occ-s23-r1-q.log	
/workspace/reports/atm-v2-harness/runs/r5-validation/stdout/r5r-e2-cold-occ-s23-r2-opt.log	454	2026-10-08 17:58	dd67df8308841f87cd367d6fa8ec705b90e35cca	on-main-identical		research/paper-v2/generations/r5-2026-10-08/raw/r5-stdout.tgz!runs/r5-validation/stdout/r5r-e2-cold-occ-s23-r2-opt.log	
/workspace/reports/atm-v2-harness/runs/r5-validation/stdout/r5r-e2-cold-occ-s23-r2-q.log	450	2026-10-08 17:58	a4b09c9762d5457ac40b50ed36a9ceabbe9aa308	on-main-identical		research/paper-v2/generations/r5-2026-10-08/raw/r5-stdout.tgz!runs/r5-validation/stdout/r5r-e2-cold-occ-s23-r2-q.log	
/workspace/reports/atm-v2-harness/runs/r5-validation/stdout/r5r-e2-cold-steward-s11-r1-nq.log	463	2026-10-08 17:58	735213fb48d022a2604cc2f34976ba8a9f963ecc	on-main-identical		research/paper-v2/generations/r5-2026-10-08/raw/r5-stdout.tgz!runs/r5-validation/stdout/r5r-e2-cold-steward-s11-r1-nq.log	
/workspace/reports/atm-v2-harness/runs/r5-validation/stdout/r5r-e2-cold-steward-s11-r1-opt.log	465	2026-10-08 17:58	dc6f5525144aa20b651fd9a92632a8aee21732d8	on-main-identical		research/paper-v2/generations/r5-2026-10-08/raw/r5-stdout.tgz!runs/r5-validation/stdout/r5r-e2-cold-steward-s11-r1-opt.log	
/workspace/reports/atm-v2-harness/runs/r5-validation/stdout/r5r-e2-cold-steward-s11-r1-q.log	460	2026-10-08 17:58	7d8c9b1f2f4d9e772766d88635364ad613fda5d5	on-main-identical		research/paper-v2/generations/r5-2026-10-08/raw/r5-stdout.tgz!runs/r5-validation/stdout/r5r-e2-cold-steward-s11-r1-q.log	
/workspace/reports/atm-v2-harness/runs/r5-validation/stdout/r5r-e2-cold-steward-s11-r2-nq.log	463	2026-10-08 17:58	56d5bbd296da5d03cfb8dd0b673a5f190248fbcd	on-main-identical		research/paper-v2/generations/r5-2026-10-08/raw/r5-stdout.tgz!runs/r5-validation/stdout/r5r-e2-cold-steward-s11-r2-nq.log	
/workspace/reports/atm-v2-harness/runs/r5-validation/stdout/r5r-e2-cold-steward-s11-r2-opt.log	464	2026-10-08 17:58	ba7ccb6cd97189ac8d9424e189006898ee74c48f	on-main-identical		research/paper-v2/generations/r5-2026-10-08/raw/r5-stdout.tgz!runs/r5-validation/stdout/r5r-e2-cold-steward-s11-r2-opt.log	
/workspace/reports/atm-v2-harness/runs/r5-validation/stdout/r5r-e2-cold-steward-s11-r2-q.log	461	2026-10-08 17:58	91a9a9700e61345063ba518e25e1972788406960	on-main-identical		research/paper-v2/generations/r5-2026-10-08/raw/r5-stdout.tgz!runs/r5-validation/stdout/r5r-e2-cold-steward-s11-r2-q.log	
/workspace/reports/atm-v2-harness/runs/r5-validation/stdout/r5r-e2-cold-steward-s17-r1-nq.log	463	2026-10-08 17:58	2dc146ced7ddd923c382664c769c66111df211e1	on-main-identical		research/paper-v2/generations/r5-2026-10-08/raw/r5-stdout.tgz!runs/r5-validation/stdout/r5r-e2-cold-steward-s17-r1-nq.log	
/workspace/reports/atm-v2-harness/runs/r5-validation/stdout/r5r-e2-cold-steward-s17-r1-opt.log	465	2026-10-08 17:58	e0c75f69a879a9a55ed3647b1816ee23044d909e	on-main-identical		research/paper-v2/generations/r5-2026-10-08/raw/r5-stdout.tgz!runs/r5-validation/stdout/r5r-e2-cold-steward-s17-r1-opt.log	
/workspace/reports/atm-v2-harness/runs/r5-validation/stdout/r5r-e2-cold-steward-s17-r1-q.log	461	2026-10-08 17:58	b1a4373795c44465deee59abb06d8593b9d43c60	on-main-identical		research/paper-v2/generations/r5-2026-10-08/raw/r5-stdout.tgz!runs/r5-validation/stdout/r5r-e2-cold-steward-s17-r1-q.log	
/workspace/reports/atm-v2-harness/runs/r5-validation/stdout/r5r-e2-cold-steward-s17-r2-nq.log	463	2026-10-08 17:58	1a7da9a102a3575142de41387f275db81bf1ae65	on-main-identical		research/paper-v2/generations/r5-2026-10-08/raw/r5-stdout.tgz!runs/r5-validation/stdout/r5r-e2-cold-steward-s17-r2-nq.log	
/workspace/reports/atm-v2-harness/runs/r5-validation/stdout/r5r-e2-cold-steward-s17-r2-opt.log	465	2026-10-08 17:58	fe33f399a65776f13e64e699bd6fb7ed38e30c89	on-main-identical		research/paper-v2/generations/r5-2026-10-08/raw/r5-stdout.tgz!runs/r5-validation/stdout/r5r-e2-cold-steward-s17-r2-opt.log	
/workspace/reports/atm-v2-harness/runs/r5-validation/stdout/r5r-e2-cold-steward-s17-r2-q.log	461	2026-10-08 17:58	58c5962befab0442d360c6ee669c48a2288d4022	on-main-identical		research/paper-v2/generations/r5-2026-10-08/raw/r5-stdout.tgz!runs/r5-validation/stdout/r5r-e2-cold-steward-s17-r2-q.log	
/workspace/reports/atm-v2-harness/runs/r5-validation/stdout/r5r-e2-cold-steward-s23-r1-nq.log	462	2026-10-08 17:58	3f1846caf755d1d4c2cfa0388f1e241da31dba5d	on-main-identical		research/paper-v2/generations/r5-2026-10-08/raw/r5-stdout.tgz!runs/r5-validation/stdout/r5r-e2-cold-steward-s23-r1-nq.log	
/workspace/reports/atm-v2-harness/runs/r5-validation/stdout/r5r-e2-cold-steward-s23-r1-opt.log	465	2026-10-08 17:58	1c1a723254ebb643d125c2350e178a963b390fcc	on-main-identical		research/paper-v2/generations/r5-2026-10-08/raw/r5-stdout.tgz!runs/r5-validation/stdout/r5r-e2-cold-steward-s23-r1-opt.log	
/workspace/reports/atm-v2-harness/runs/r5-validation/stdout/r5r-e2-cold-steward-s23-r1-q.log	461	2026-10-08 17:58	36b848d130280953bc28f6fa182253d3d5289e49	on-main-identical		research/paper-v2/generations/r5-2026-10-08/raw/r5-stdout.tgz!runs/r5-validation/stdout/r5r-e2-cold-steward-s23-r1-q.log	
/workspace/reports/atm-v2-harness/runs/r5-validation/stdout/r5r-e2-cold-steward-s23-r2-nq.log	463	2026-10-08 17:58	1cd66c32a73df620273ca913b5351bd35accd4b3	on-main-identical		research/paper-v2/generations/r5-2026-10-08/raw/r5-stdout.tgz!runs/r5-validation/stdout/r5r-e2-cold-steward-s23-r2-nq.log	
/workspace/reports/atm-v2-harness/runs/r5-validation/stdout/r5r-e2-cold-steward-s23-r2-opt.log	465	2026-10-08 17:58	a90c3b1a3b55a865c69f223c03d2923611736576	on-main-identical		research/paper-v2/generations/r5-2026-10-08/raw/r5-stdout.tgz!runs/r5-validation/stdout/r5r-e2-cold-steward-s23-r2-opt.log	
/workspace/reports/atm-v2-harness/runs/r5-validation/stdout/r5r-e2-cold-steward-s23-r2-q.log	461	2026-10-08 17:58	fe98b259fec71e8ab0dce39657c81f8dfbd34128	on-main-identical		research/paper-v2/generations/r5-2026-10-08/raw/r5-stdout.tgz!runs/r5-validation/stdout/r5r-e2-cold-steward-s23-r2-q.log	
/workspace/reports/atm-v2-harness/runs/r5-validation/stdout/r5r-e2-hot_conflict-bare_composer-s11-r1-opt.log	510	2026-10-08 17:57	6a651797a898765bfd5c74a748ede2696ac87c69	on-main-identical		research/paper-v2/generations/r5-2026-10-08/raw/r5-stdout.tgz!runs/r5-validation/stdout/r5r-e2-hot_conflict-bare_composer-s11-r1-opt.log	
/workspace/reports/atm-v2-harness/runs/r5-validation/stdout/r5r-e2-hot_conflict-bare_composer-s11-r1-q.log	506	2026-10-08 17:57	929568e262a53442cd3e85afcc850a0f6efd6609	on-main-identical		research/paper-v2/generations/r5-2026-10-08/raw/r5-stdout.tgz!runs/r5-validation/stdout/r5r-e2-hot_conflict-bare_composer-s11-r1-q.log	
/workspace/reports/atm-v2-harness/runs/r5-validation/stdout/r5r-e2-hot_conflict-bare_composer-s11-r2-opt.log	510	2026-10-08 17:57	a920cfdb1b618a72eeea969b42ed07d26b12abb2	on-main-identical		research/paper-v2/generations/r5-2026-10-08/raw/r5-stdout.tgz!runs/r5-validation/stdout/r5r-e2-hot_conflict-bare_composer-s11-r2-opt.log	
/workspace/reports/atm-v2-harness/runs/r5-validation/stdout/r5r-e2-hot_conflict-bare_composer-s11-r2-q.log	506	2026-10-08 17:57	ec5ef6456443a0cc9ec08ecacd014abe64ab4ce0	on-main-identical		research/paper-v2/generations/r5-2026-10-08/raw/r5-stdout.tgz!runs/r5-validation/stdout/r5r-e2-hot_conflict-bare_composer-s11-r2-q.log	
/workspace/reports/atm-v2-harness/runs/r5-validation/stdout/r5r-e2-hot_conflict-bare_composer-s17-r1-opt.log	510	2026-10-08 17:57	24270b867e7bbabb9ee7f61d865e0080b6c2f7d4	on-main-identical		research/paper-v2/generations/r5-2026-10-08/raw/r5-stdout.tgz!runs/r5-validation/stdout/r5r-e2-hot_conflict-bare_composer-s17-r1-opt.log	
/workspace/reports/atm-v2-harness/runs/r5-validation/stdout/r5r-e2-hot_conflict-bare_composer-s17-r1-q.log	506	2026-10-08 17:57	c027321f2b94d2b55df3d357b5b01785f833d7ae	on-main-identical		research/paper-v2/generations/r5-2026-10-08/raw/r5-stdout.tgz!runs/r5-validation/stdout/r5r-e2-hot_conflict-bare_composer-s17-r1-q.log	
/workspace/reports/atm-v2-harness/runs/r5-validation/stdout/r5r-e2-hot_conflict-bare_composer-s17-r2-opt.log	510	2026-10-08 17:57	c0b2b916eb55ec522b753a4cbd22fcb94f5d4e79	on-main-identical		research/paper-v2/generations/r5-2026-10-08/raw/r5-stdout.tgz!runs/r5-validation/stdout/r5r-e2-hot_conflict-bare_composer-s17-r2-opt.log	
/workspace/reports/atm-v2-harness/runs/r5-validation/stdout/r5r-e2-hot_conflict-bare_composer-s17-r2-q.log	506	2026-10-08 17:57	26110cedc13393428ee16b52efaab391eeba3af1	on-main-identical		research/paper-v2/generations/r5-2026-10-08/raw/r5-stdout.tgz!runs/r5-validation/stdout/r5r-e2-hot_conflict-bare_composer-s17-r2-q.log	
/workspace/reports/atm-v2-harness/runs/r5-validation/stdout/r5r-e2-hot_conflict-bare_composer-s23-r1-opt.log	510	2026-10-08 17:57	537d00ad666206e413ee305f7e516842eb0ea44a	on-main-identical		research/paper-v2/generations/r5-2026-10-08/raw/r5-stdout.tgz!runs/r5-validation/stdout/r5r-e2-hot_conflict-bare_composer-s23-r1-opt.log	
/workspace/reports/atm-v2-harness/runs/r5-validation/stdout/r5r-e2-hot_conflict-bare_composer-s23-r1-q.log	506	2026-10-08 17:57	a32ea77e88428cf8154730acfe37368dadcc46bc	on-main-identical		research/paper-v2/generations/r5-2026-10-08/raw/r5-stdout.tgz!runs/r5-validation/stdout/r5r-e2-hot_conflict-bare_composer-s23-r1-q.log	
/workspace/reports/atm-v2-harness/runs/r5-validation/stdout/r5r-e2-hot_conflict-bare_composer-s23-r2-opt.log	509	2026-10-08 17:57	e631af37a09dbe4089690d604ad751d04c94141d	on-main-identical		research/paper-v2/generations/r5-2026-10-08/raw/r5-stdout.tgz!runs/r5-validation/stdout/r5r-e2-hot_conflict-bare_composer-s23-r2-opt.log	
/workspace/reports/atm-v2-harness/runs/r5-validation/stdout/r5r-e2-hot_conflict-bare_composer-s23-r2-q.log	505	2026-10-08 17:57	409d45dded1727b7169482151e3e44f8e3bf15ef	on-main-identical		research/paper-v2/generations/r5-2026-10-08/raw/r5-stdout.tgz!runs/r5-validation/stdout/r5r-e2-hot_conflict-bare_composer-s23-r2-q.log	
/workspace/reports/atm-v2-harness/runs/r5-validation/stdout/r5r-e2-hot_conflict-file_lock-s11-r1-opt.log	491	2026-10-08 17:56	1c29616e95d085ec3db38202ead3397b290d0b58	on-main-identical		research/paper-v2/generations/r5-2026-10-08/raw/r5-stdout.tgz!runs/r5-validation/stdout/r5r-e2-hot_conflict-file_lock-s11-r1-opt.log	
/workspace/reports/atm-v2-harness/runs/r5-validation/stdout/r5r-e2-hot_conflict-file_lock-s11-r1-q.log	487	2026-10-08 17:56	ce4b0955b988b1649ba470ec73d9cb40bf4028a2	on-main-identical		research/paper-v2/generations/r5-2026-10-08/raw/r5-stdout.tgz!runs/r5-validation/stdout/r5r-e2-hot_conflict-file_lock-s11-r1-q.log	
/workspace/reports/atm-v2-harness/runs/r5-validation/stdout/r5r-e2-hot_conflict-file_lock-s11-r2-opt.log	491	2026-10-08 17:56	525bf1760f2b78a53949f64b1f443d121fd8cf48	on-main-identical		research/paper-v2/generations/r5-2026-10-08/raw/r5-stdout.tgz!runs/r5-validation/stdout/r5r-e2-hot_conflict-file_lock-s11-r2-opt.log	
/workspace/reports/atm-v2-harness/runs/r5-validation/stdout/r5r-e2-hot_conflict-file_lock-s11-r2-q.log	487	2026-10-08 17:56	2077ff4685ab732219ef02ffa33927325377fff1	on-main-identical		research/paper-v2/generations/r5-2026-10-08/raw/r5-stdout.tgz!runs/r5-validation/stdout/r5r-e2-hot_conflict-file_lock-s11-r2-q.log	
/workspace/reports/atm-v2-harness/runs/r5-validation/stdout/r5r-e2-hot_conflict-file_lock-s17-r1-opt.log	491	2026-10-08 17:56	3fd8580fc0ab7086b6c0b0d2220075a9fc9d9516	on-main-identical		research/paper-v2/generations/r5-2026-10-08/raw/r5-stdout.tgz!runs/r5-validation/stdout/r5r-e2-hot_conflict-file_lock-s17-r1-opt.log	
/workspace/reports/atm-v2-harness/runs/r5-validation/stdout/r5r-e2-hot_conflict-file_lock-s17-r1-q.log	487	2026-10-08 17:56	aa1c0f3e78f5cb5ea446bddc556d6c8e1f3c9ead	on-main-identical		research/paper-v2/generations/r5-2026-10-08/raw/r5-stdout.tgz!runs/r5-validation/stdout/r5r-e2-hot_conflict-file_lock-s17-r1-q.log	
/workspace/reports/atm-v2-harness/runs/r5-validation/stdout/r5r-e2-hot_conflict-file_lock-s17-r2-opt.log	491	2026-10-08 17:56	5b7a2006d731523b22a063dd5995e01658e1ed2d	on-main-identical		research/paper-v2/generations/r5-2026-10-08/raw/r5-stdout.tgz!runs/r5-validation/stdout/r5r-e2-hot_conflict-file_lock-s17-r2-opt.log	
/workspace/reports/atm-v2-harness/runs/r5-validation/stdout/r5r-e2-hot_conflict-file_lock-s17-r2-q.log	487	2026-10-08 17:56	a9b88b6f1c1d0dab73173de64b9afeee79f0e946	on-main-identical		research/paper-v2/generations/r5-2026-10-08/raw/r5-stdout.tgz!runs/r5-validation/stdout/r5r-e2-hot_conflict-file_lock-s17-r2-q.log	
/workspace/reports/atm-v2-harness/runs/r5-validation/stdout/r5r-e2-hot_conflict-file_lock-s23-r1-opt.log	491	2026-10-08 17:56	80f5e1e918a1d275f4ec5ed124f53002d84380de	on-main-identical		research/paper-v2/generations/r5-2026-10-08/raw/r5-stdout.tgz!runs/r5-validation/stdout/r5r-e2-hot_conflict-file_lock-s23-r1-opt.log	
/workspace/reports/atm-v2-harness/runs/r5-validation/stdout/r5r-e2-hot_conflict-file_lock-s23-r1-q.log	487	2026-10-08 17:56	3cd781dfca26daceb96857feaccd62a6939e9866	on-main-identical		research/paper-v2/generations/r5-2026-10-08/raw/r5-stdout.tgz!runs/r5-validation/stdout/r5r-e2-hot_conflict-file_lock-s23-r1-q.log	
/workspace/reports/atm-v2-harness/runs/r5-validation/stdout/r5r-e2-hot_conflict-file_lock-s23-r2-opt.log	491	2026-10-08 17:56	a6bbf0a30fed4a665429595d6e0834083a3ef8fb	on-main-identical		research/paper-v2/generations/r5-2026-10-08/raw/r5-stdout.tgz!runs/r5-validation/stdout/r5r-e2-hot_conflict-file_lock-s23-r2-opt.log	
/workspace/reports/atm-v2-harness/runs/r5-validation/stdout/r5r-e2-hot_conflict-file_lock-s23-r2-q.log	487	2026-10-08 17:56	bff332943b2d2a75d8ffae131288b9db5b76cd5d	on-main-identical		research/paper-v2/generations/r5-2026-10-08/raw/r5-stdout.tgz!runs/r5-validation/stdout/r5r-e2-hot_conflict-file_lock-s23-r2-q.log	
/workspace/reports/atm-v2-harness/runs/r5-validation/stdout/r5r-e2-hot_conflict-git_three_way-s11-r1-opt.log	500	2026-10-08 17:56	b78d3300a15db00a33e7a4ac5053256f60e17f48	on-main-identical		research/paper-v2/generations/r5-2026-10-08/raw/r5-stdout.tgz!runs/r5-validation/stdout/r5r-e2-hot_conflict-git_three_way-s11-r1-opt.log	
/workspace/reports/atm-v2-harness/runs/r5-validation/stdout/r5r-e2-hot_conflict-git_three_way-s11-r1-q.log	496	2026-10-08 17:56	5694fe20d894a2183270c485c8813508a5d36d76	on-main-identical		research/paper-v2/generations/r5-2026-10-08/raw/r5-stdout.tgz!runs/r5-validation/stdout/r5r-e2-hot_conflict-git_three_way-s11-r1-q.log	
/workspace/reports/atm-v2-harness/runs/r5-validation/stdout/r5r-e2-hot_conflict-git_three_way-s11-r2-opt.log	500	2026-10-08 17:56	035a2040e3f93cff9ad94c0fa761c7fdbf6d20be	on-main-identical		research/paper-v2/generations/r5-2026-10-08/raw/r5-stdout.tgz!runs/r5-validation/stdout/r5r-e2-hot_conflict-git_three_way-s11-r2-opt.log	
/workspace/reports/atm-v2-harness/runs/r5-validation/stdout/r5r-e2-hot_conflict-git_three_way-s11-r2-q.log	496	2026-10-08 17:56	4ca545c00c479be3efae1f57d2013387e3fc1a3c	on-main-identical		research/paper-v2/generations/r5-2026-10-08/raw/r5-stdout.tgz!runs/r5-validation/stdout/r5r-e2-hot_conflict-git_three_way-s11-r2-q.log	
/workspace/reports/atm-v2-harness/runs/r5-validation/stdout/r5r-e2-hot_conflict-git_three_way-s17-r1-opt.log	500	2026-10-08 17:56	9abf84102f8f07d9d0689ebd6874caeead66b46e	on-main-identical		research/paper-v2/generations/r5-2026-10-08/raw/r5-stdout.tgz!runs/r5-validation/stdout/r5r-e2-hot_conflict-git_three_way-s17-r1-opt.log	
/workspace/reports/atm-v2-harness/runs/r5-validation/stdout/r5r-e2-hot_conflict-git_three_way-s17-r1-q.log	496	2026-10-08 17:56	a53285d777af689c412e45db591358d49acdc9ac	on-main-identical		research/paper-v2/generations/r5-2026-10-08/raw/r5-stdout.tgz!runs/r5-validation/stdout/r5r-e2-hot_conflict-git_three_way-s17-r1-q.log	
/workspace/reports/atm-v2-harness/runs/r5-validation/stdout/r5r-e2-hot_conflict-git_three_way-s17-r2-opt.log	500	2026-10-08 17:56	feb812f364bfd62f9c51e79ff36fa139859cc90a	on-main-identical		research/paper-v2/generations/r5-2026-10-08/raw/r5-stdout.tgz!runs/r5-validation/stdout/r5r-e2-hot_conflict-git_three_way-s17-r2-opt.log	
/workspace/reports/atm-v2-harness/runs/r5-validation/stdout/r5r-e2-hot_conflict-git_three_way-s17-r2-q.log	496	2026-10-08 17:57	617fe8f2842448ae335ce62f3593b2d68620bbb4	on-main-identical		research/paper-v2/generations/r5-2026-10-08/raw/r5-stdout.tgz!runs/r5-validation/stdout/r5r-e2-hot_conflict-git_three_way-s17-r2-q.log	
/workspace/reports/atm-v2-harness/runs/r5-validation/stdout/r5r-e2-hot_conflict-git_three_way-s23-r1-opt.log	500	2026-10-08 17:57	8966ed54c415d64ce696c54261ebf1ce2db1b6a6	on-main-identical		research/paper-v2/generations/r5-2026-10-08/raw/r5-stdout.tgz!runs/r5-validation/stdout/r5r-e2-hot_conflict-git_three_way-s23-r1-opt.log	
/workspace/reports/atm-v2-harness/runs/r5-validation/stdout/r5r-e2-hot_conflict-git_three_way-s23-r1-q.log	496	2026-10-08 17:57	83292908428b765f7010d6f28f758112c0467649	on-main-identical		research/paper-v2/generations/r5-2026-10-08/raw/r5-stdout.tgz!runs/r5-validation/stdout/r5r-e2-hot_conflict-git_three_way-s23-r1-q.log	
/workspace/reports/atm-v2-harness/runs/r5-validation/stdout/r5r-e2-hot_conflict-git_three_way-s23-r2-opt.log	500	2026-10-08 17:57	5995a755b1fd58d19d11cfd9b927e32f01b7d120	on-main-identical		research/paper-v2/generations/r5-2026-10-08/raw/r5-stdout.tgz!runs/r5-validation/stdout/r5r-e2-hot_conflict-git_three_way-s23-r2-opt.log	
/workspace/reports/atm-v2-harness/runs/r5-validation/stdout/r5r-e2-hot_conflict-git_three_way-s23-r2-q.log	496	2026-10-08 17:57	b75d302c91671980b181cdfa0a604e9890f3d06f	on-main-identical		research/paper-v2/generations/r5-2026-10-08/raw/r5-stdout.tgz!runs/r5-validation/stdout/r5r-e2-hot_conflict-git_three_way-s23-r2-q.log	
/workspace/reports/atm-v2-harness/runs/r5-validation/stdout/r5r-e2-hot_conflict-occ-s11-r1-opt.log	470	2026-10-08 17:56	a09138785d793b03fa86e61bfeea5b68546de00f	on-main-identical		research/paper-v2/generations/r5-2026-10-08/raw/r5-stdout.tgz!runs/r5-validation/stdout/r5r-e2-hot_conflict-occ-s11-r1-opt.log	
/workspace/reports/atm-v2-harness/runs/r5-validation/stdout/r5r-e2-hot_conflict-occ-s11-r1-q.log	466	2026-10-08 17:56	bd0ab1d45d591b1186e2c1f9036718efd54a4c0d	on-main-identical		research/paper-v2/generations/r5-2026-10-08/raw/r5-stdout.tgz!runs/r5-validation/stdout/r5r-e2-hot_conflict-occ-s11-r1-q.log	
/workspace/reports/atm-v2-harness/runs/r5-validation/stdout/r5r-e2-hot_conflict-occ-s11-r2-opt.log	470	2026-10-08 17:56	2d9cf80597aebbfbb9c744e5510dee1883453775	on-main-identical		research/paper-v2/generations/r5-2026-10-08/raw/r5-stdout.tgz!runs/r5-validation/stdout/r5r-e2-hot_conflict-occ-s11-r2-opt.log	
/workspace/reports/atm-v2-harness/runs/r5-validation/stdout/r5r-e2-hot_conflict-occ-s11-r2-q.log	466	2026-10-08 17:56	5d7b90f056b0b3010030e4363bac915557ff510f	on-main-identical		research/paper-v2/generations/r5-2026-10-08/raw/r5-stdout.tgz!runs/r5-validation/stdout/r5r-e2-hot_conflict-occ-s11-r2-q.log	
/workspace/reports/atm-v2-harness/runs/r5-validation/stdout/r5r-e2-hot_conflict-occ-s17-r1-opt.log	470	2026-10-08 17:56	73b8ac40eeacc868412617d12dd988a88b2b1ff9	on-main-identical		research/paper-v2/generations/r5-2026-10-08/raw/r5-stdout.tgz!runs/r5-validation/stdout/r5r-e2-hot_conflict-occ-s17-r1-opt.log	
/workspace/reports/atm-v2-harness/runs/r5-validation/stdout/r5r-e2-hot_conflict-occ-s17-r1-q.log	466	2026-10-08 17:56	4f6baceb24049feec3de7b43da87e7b9084d20fa	on-main-identical		research/paper-v2/generations/r5-2026-10-08/raw/r5-stdout.tgz!runs/r5-validation/stdout/r5r-e2-hot_conflict-occ-s17-r1-q.log	
/workspace/reports/atm-v2-harness/runs/r5-validation/stdout/r5r-e2-hot_conflict-occ-s17-r2-opt.log	470	2026-10-08 17:56	5c32fae817228bef9e151a9ea4445baf64b1b67e	on-main-identical		research/paper-v2/generations/r5-2026-10-08/raw/r5-stdout.tgz!runs/r5-validation/stdout/r5r-e2-hot_conflict-occ-s17-r2-opt.log	
/workspace/reports/atm-v2-harness/runs/r5-validation/stdout/r5r-e2-hot_conflict-occ-s17-r2-q.log	466	2026-10-08 17:56	edddb3cc77703f39781d4b5a87e6b4342ed2ad6f	on-main-identical		research/paper-v2/generations/r5-2026-10-08/raw/r5-stdout.tgz!runs/r5-validation/stdout/r5r-e2-hot_conflict-occ-s17-r2-q.log	
/workspace/reports/atm-v2-harness/runs/r5-validation/stdout/r5r-e2-hot_conflict-occ-s23-r1-opt.log	470	2026-10-08 17:56	e60127f8a2175aaa1966d220955497c57f9bee7e	on-main-identical		research/paper-v2/generations/r5-2026-10-08/raw/r5-stdout.tgz!runs/r5-validation/stdout/r5r-e2-hot_conflict-occ-s23-r1-opt.log	
/workspace/reports/atm-v2-harness/runs/r5-validation/stdout/r5r-e2-hot_conflict-occ-s23-r1-q.log	466	2026-10-08 17:56	82adbf204283e9ed768332e18df3a551d8c592df	on-main-identical		research/paper-v2/generations/r5-2026-10-08/raw/r5-stdout.tgz!runs/r5-validation/stdout/r5r-e2-hot_conflict-occ-s23-r1-q.log	
/workspace/reports/atm-v2-harness/runs/r5-validation/stdout/r5r-e2-hot_conflict-occ-s23-r2-opt.log	469	2026-10-08 17:56	732e1746e3bb58173a951a0d1ccff144c3a6656f	on-main-identical		research/paper-v2/generations/r5-2026-10-08/raw/r5-stdout.tgz!runs/r5-validation/stdout/r5r-e2-hot_conflict-occ-s23-r2-opt.log	
/workspace/reports/atm-v2-harness/runs/r5-validation/stdout/r5r-e2-hot_conflict-occ-s23-r2-q.log	466	2026-10-08 17:56	9d2fab666d9cc6fc91ce96b80e2f6f2406b8188a	on-main-identical		research/paper-v2/generations/r5-2026-10-08/raw/r5-stdout.tgz!runs/r5-validation/stdout/r5r-e2-hot_conflict-occ-s23-r2-q.log	
/workspace/reports/atm-v2-harness/runs/r5-validation/stdout/r5r-e2-hot_conflict-steward-s11-r1-nq.log	479	2026-10-08 17:56	b9b1be15e6007f7ccde8d1864a54169fc35296a5	on-main-identical		research/paper-v2/generations/r5-2026-10-08/raw/r5-stdout.tgz!runs/r5-validation/stdout/r5r-e2-hot_conflict-steward-s11-r1-nq.log	
/workspace/reports/atm-v2-harness/runs/r5-validation/stdout/r5r-e2-hot_conflict-steward-s11-r1-opt.log	481	2026-10-08 17:56	a8b552918fcd0a9f195dfeeadbe7adce26a45757	on-main-identical		research/paper-v2/generations/r5-2026-10-08/raw/r5-stdout.tgz!runs/r5-validation/stdout/r5r-e2-hot_conflict-steward-s11-r1-opt.log	
/workspace/reports/atm-v2-harness/runs/r5-validation/stdout/r5r-e2-hot_conflict-steward-s11-r1-q.log	477	2026-10-08 17:56	df5c0c9e57bbaa3520552bf7510f1cad79cbced4	on-main-identical		research/paper-v2/generations/r5-2026-10-08/raw/r5-stdout.tgz!runs/r5-validation/stdout/r5r-e2-hot_conflict-steward-s11-r1-q.log	
/workspace/reports/atm-v2-harness/runs/r5-validation/stdout/r5r-e2-hot_conflict-steward-s11-r2-nq.log	479	2026-10-08 17:56	6cb4ebc45a82c4645cb3e0f134f6172c627ef580	on-main-identical		research/paper-v2/generations/r5-2026-10-08/raw/r5-stdout.tgz!runs/r5-validation/stdout/r5r-e2-hot_conflict-steward-s11-r2-nq.log	
/workspace/reports/atm-v2-harness/runs/r5-validation/stdout/r5r-e2-hot_conflict-steward-s11-r2-opt.log	481	2026-10-08 17:56	7206d05c4dac226a3eda8ccbb9f31b53ca72c46a	on-main-identical		research/paper-v2/generations/r5-2026-10-08/raw/r5-stdout.tgz!runs/r5-validation/stdout/r5r-e2-hot_conflict-steward-s11-r2-opt.log	
/workspace/reports/atm-v2-harness/runs/r5-validation/stdout/r5r-e2-hot_conflict-steward-s11-r2-q.log	477	2026-10-08 17:56	e93c709017bb623ab8370ce70382def35a03cc81	on-main-identical		research/paper-v2/generations/r5-2026-10-08/raw/r5-stdout.tgz!runs/r5-validation/stdout/r5r-e2-hot_conflict-steward-s11-r2-q.log	
/workspace/reports/atm-v2-harness/runs/r5-validation/stdout/r5r-e2-hot_conflict-steward-s17-r1-nq.log	479	2026-10-08 17:56	b8d8f4f650a8a86f9fca3bbaac1fb34c5e0a15a2	on-main-identical		research/paper-v2/generations/r5-2026-10-08/raw/r5-stdout.tgz!runs/r5-validation/stdout/r5r-e2-hot_conflict-steward-s17-r1-nq.log	
/workspace/reports/atm-v2-harness/runs/r5-validation/stdout/r5r-e2-hot_conflict-steward-s17-r1-opt.log	478	2026-10-08 17:56	971339b8a4a2851329fc7b37e0c5290a843a6660	on-main-identical		research/paper-v2/generations/r5-2026-10-08/raw/r5-stdout.tgz!runs/r5-validation/stdout/r5r-e2-hot_conflict-steward-s17-r1-opt.log	
/workspace/reports/atm-v2-harness/runs/r5-validation/stdout/r5r-e2-hot_conflict-steward-s17-r1-q.log	477	2026-10-08 17:56	87915354fe89791fb6702e13ab2eb0604385e864	on-main-identical		research/paper-v2/generations/r5-2026-10-08/raw/r5-stdout.tgz!runs/r5-validation/stdout/r5r-e2-hot_conflict-steward-s17-r1-q.log	
/workspace/reports/atm-v2-harness/runs/r5-validation/stdout/r5r-e2-hot_conflict-steward-s17-r2-nq.log	479	2026-10-08 17:56	eb84b722da11d468f7e756b575f9152bd48fe03b	on-main-identical		research/paper-v2/generations/r5-2026-10-08/raw/r5-stdout.tgz!runs/r5-validation/stdout/r5r-e2-hot_conflict-steward-s17-r2-nq.log	
/workspace/reports/atm-v2-harness/runs/r5-validation/stdout/r5r-e2-hot_conflict-steward-s17-r2-opt.log	481	2026-10-08 17:56	860886a0920f61872bebbef5ef42f700f6d74943	on-main-identical		research/paper-v2/generations/r5-2026-10-08/raw/r5-stdout.tgz!runs/r5-validation/stdout/r5r-e2-hot_conflict-steward-s17-r2-opt.log	
/workspace/reports/atm-v2-harness/runs/r5-validation/stdout/r5r-e2-hot_conflict-steward-s17-r2-q.log	477	2026-10-08 17:56	3b39f66dea0857512d0f6ff3127b22affb31b917	on-main-identical		research/paper-v2/generations/r5-2026-10-08/raw/r5-stdout.tgz!runs/r5-validation/stdout/r5r-e2-hot_conflict-steward-s17-r2-q.log	
/workspace/reports/atm-v2-harness/runs/r5-validation/stdout/r5r-e2-hot_conflict-steward-s23-r1-nq.log	479	2026-10-08 17:56	b626fceddda6ac8044dad37919c9b3ee62ba9d55	on-main-identical		research/paper-v2/generations/r5-2026-10-08/raw/r5-stdout.tgz!runs/r5-validation/stdout/r5r-e2-hot_conflict-steward-s23-r1-nq.log	
/workspace/reports/atm-v2-harness/runs/r5-validation/stdout/r5r-e2-hot_conflict-steward-s23-r1-opt.log	481	2026-10-08 17:56	e8782b8816db6d8b325b2b0b66ea4a8f889c9e1b	on-main-identical		research/paper-v2/generations/r5-2026-10-08/raw/r5-stdout.tgz!runs/r5-validation/stdout/r5r-e2-hot_conflict-steward-s23-r1-opt.log	
/workspace/reports/atm-v2-harness/runs/r5-validation/stdout/r5r-e2-hot_conflict-steward-s23-r1-q.log	474	2026-10-08 17:56	0a33ff392655e67b974fb7e3921db4a47191f661	on-main-identical		research/paper-v2/generations/r5-2026-10-08/raw/r5-stdout.tgz!runs/r5-validation/stdout/r5r-e2-hot_conflict-steward-s23-r1-q.log	
/workspace/reports/atm-v2-harness/runs/r5-validation/stdout/r5r-e2-hot_conflict-steward-s23-r2-nq.log	479	2026-10-08 17:56	6644716518fe7aea30c38a9723d15bd22edda32c	on-main-identical		research/paper-v2/generations/r5-2026-10-08/raw/r5-stdout.tgz!runs/r5-validation/stdout/r5r-e2-hot_conflict-steward-s23-r2-nq.log	
/workspace/reports/atm-v2-harness/runs/r5-validation/stdout/r5r-e2-hot_conflict-steward-s23-r2-opt.log	481	2026-10-08 17:56	23bc37c011c8373576b1bbd2d7361be654057c1c	on-main-identical		research/paper-v2/generations/r5-2026-10-08/raw/r5-stdout.tgz!runs/r5-validation/stdout/r5r-e2-hot_conflict-steward-s23-r2-opt.log	
/workspace/reports/atm-v2-harness/runs/r5-validation/stdout/r5r-e2-hot_conflict-steward-s23-r2-q.log	476	2026-10-08 17:56	ebc98b39f389a732119112ffbf25d2538da39f57	on-main-identical		research/paper-v2/generations/r5-2026-10-08/raw/r5-stdout.tgz!runs/r5-validation/stdout/r5r-e2-hot_conflict-steward-s23-r2-q.log	
/workspace/reports/atm-v2-harness/runs/r5-validation/stdout/r5r-e2-hot_disjoint-bare_composer-s11-r1-opt.log	510	2026-10-08 17:57	d884a5c97c3575f6bf6c723a1567504539dbe496	on-main-identical		research/paper-v2/generations/r5-2026-10-08/raw/r5-stdout.tgz!runs/r5-validation/stdout/r5r-e2-hot_disjoint-bare_composer-s11-r1-opt.log	
/workspace/reports/atm-v2-harness/runs/r5-validation/stdout/r5r-e2-hot_disjoint-bare_composer-s11-r1-q.log	506	2026-10-08 17:57	4c8ee3a00982f517c7c83af3f358e9062846fd85	on-main-identical		research/paper-v2/generations/r5-2026-10-08/raw/r5-stdout.tgz!runs/r5-validation/stdout/r5r-e2-hot_disjoint-bare_composer-s11-r1-q.log	
/workspace/reports/atm-v2-harness/runs/r5-validation/stdout/r5r-e2-hot_disjoint-bare_composer-s11-r2-opt.log	510	2026-10-08 17:57	b35dc270010e150b569209b90daf05a6ca67eebd	on-main-identical		research/paper-v2/generations/r5-2026-10-08/raw/r5-stdout.tgz!runs/r5-validation/stdout/r5r-e2-hot_disjoint-bare_composer-s11-r2-opt.log	
/workspace/reports/atm-v2-harness/runs/r5-validation/stdout/r5r-e2-hot_disjoint-bare_composer-s11-r2-q.log	506	2026-10-08 17:57	2f033fff9c8b2bebc091bb1f4ae097558a0b06fd	on-main-identical		research/paper-v2/generations/r5-2026-10-08/raw/r5-stdout.tgz!runs/r5-validation/stdout/r5r-e2-hot_disjoint-bare_composer-s11-r2-q.log	
/workspace/reports/atm-v2-harness/runs/r5-validation/stdout/r5r-e2-hot_disjoint-bare_composer-s17-r1-opt.log	510	2026-10-08 17:57	69e655704a680c9e1cec97cb1d11862161b10e45	on-main-identical		research/paper-v2/generations/r5-2026-10-08/raw/r5-stdout.tgz!runs/r5-validation/stdout/r5r-e2-hot_disjoint-bare_composer-s17-r1-opt.log	
/workspace/reports/atm-v2-harness/runs/r5-validation/stdout/r5r-e2-hot_disjoint-bare_composer-s17-r1-q.log	506	2026-10-08 17:57	e441e2a33258940093e574f47cb3a9629993ba45	on-main-identical		research/paper-v2/generations/r5-2026-10-08/raw/r5-stdout.tgz!runs/r5-validation/stdout/r5r-e2-hot_disjoint-bare_composer-s17-r1-q.log	
/workspace/reports/atm-v2-harness/runs/r5-validation/stdout/r5r-e2-hot_disjoint-bare_composer-s17-r2-opt.log	509	2026-10-08 17:57	9e6635b1b07d03b5d01ffcfa2c6194c6ca19ef1d	on-main-identical		research/paper-v2/generations/r5-2026-10-08/raw/r5-stdout.tgz!runs/r5-validation/stdout/r5r-e2-hot_disjoint-bare_composer-s17-r2-opt.log	
/workspace/reports/atm-v2-harness/runs/r5-validation/stdout/r5r-e2-hot_disjoint-bare_composer-s17-r2-q.log	506	2026-10-08 17:57	cd438c7ab969b49e5b701c4b3a79bbd0a8e4a665	on-main-identical		research/paper-v2/generations/r5-2026-10-08/raw/r5-stdout.tgz!runs/r5-validation/stdout/r5r-e2-hot_disjoint-bare_composer-s17-r2-q.log	
/workspace/reports/atm-v2-harness/runs/r5-validation/stdout/r5r-e2-hot_disjoint-bare_composer-s23-r1-opt.log	510	2026-10-08 17:57	58309885093629a8b899d40b542b51c115ee26b8	on-main-identical		research/paper-v2/generations/r5-2026-10-08/raw/r5-stdout.tgz!runs/r5-validation/stdout/r5r-e2-hot_disjoint-bare_composer-s23-r1-opt.log	
/workspace/reports/atm-v2-harness/runs/r5-validation/stdout/r5r-e2-hot_disjoint-bare_composer-s23-r1-q.log	506	2026-10-08 17:57	fa98e3f26852ca0310b80d171f623bcedc226e4d	on-main-identical		research/paper-v2/generations/r5-2026-10-08/raw/r5-stdout.tgz!runs/r5-validation/stdout/r5r-e2-hot_disjoint-bare_composer-s23-r1-q.log	
/workspace/reports/atm-v2-harness/runs/r5-validation/stdout/r5r-e2-hot_disjoint-bare_composer-s23-r2-opt.log	510	2026-10-08 17:58	ff02cb03e7a45782f2a5bf9df8e7075fee7d10d0	on-main-identical		research/paper-v2/generations/r5-2026-10-08/raw/r5-stdout.tgz!runs/r5-validation/stdout/r5r-e2-hot_disjoint-bare_composer-s23-r2-opt.log	
/workspace/reports/atm-v2-harness/runs/r5-validation/stdout/r5r-e2-hot_disjoint-bare_composer-s23-r2-q.log	506	2026-10-08 17:58	660407cba9df4ae9ee50a2a3756b6622f324fa71	on-main-identical		research/paper-v2/generations/r5-2026-10-08/raw/r5-stdout.tgz!runs/r5-validation/stdout/r5r-e2-hot_disjoint-bare_composer-s23-r2-q.log	
/workspace/reports/atm-v2-harness/runs/r5-validation/stdout/r5r-e2-hot_disjoint-file_lock-s11-r1-opt.log	491	2026-10-08 17:57	b95ff35efa08f0551a3623f24e96ce1650b871e2	on-main-identical		research/paper-v2/generations/r5-2026-10-08/raw/r5-stdout.tgz!runs/r5-validation/stdout/r5r-e2-hot_disjoint-file_lock-s11-r1-opt.log	
/workspace/reports/atm-v2-harness/runs/r5-validation/stdout/r5r-e2-hot_disjoint-file_lock-s11-r1-q.log	487	2026-10-08 17:57	a70c7e11c58f68e1bea4ca4005c6b832a08819d2	on-main-identical		research/paper-v2/generations/r5-2026-10-08/raw/r5-stdout.tgz!runs/r5-validation/stdout/r5r-e2-hot_disjoint-file_lock-s11-r1-q.log	
/workspace/reports/atm-v2-harness/runs/r5-validation/stdout/r5r-e2-hot_disjoint-file_lock-s11-r2-opt.log	491	2026-10-08 17:57	5b4b9d9f600428c3bfb3299cb51282757ecc8872	on-main-identical		research/paper-v2/generations/r5-2026-10-08/raw/r5-stdout.tgz!runs/r5-validation/stdout/r5r-e2-hot_disjoint-file_lock-s11-r2-opt.log	
/workspace/reports/atm-v2-harness/runs/r5-validation/stdout/r5r-e2-hot_disjoint-file_lock-s11-r2-q.log	487	2026-10-08 17:57	963b09cceccf2a78d0579079411055c070e6f673	on-main-identical		research/paper-v2/generations/r5-2026-10-08/raw/r5-stdout.tgz!runs/r5-validation/stdout/r5r-e2-hot_disjoint-file_lock-s11-r2-q.log	
/workspace/reports/atm-v2-harness/runs/r5-validation/stdout/r5r-e2-hot_disjoint-file_lock-s17-r1-opt.log	491	2026-10-08 17:57	e2b02d2bd78cb1258dd088639413a2691ef5c9c4	on-main-identical		research/paper-v2/generations/r5-2026-10-08/raw/r5-stdout.tgz!runs/r5-validation/stdout/r5r-e2-hot_disjoint-file_lock-s17-r1-opt.log	
/workspace/reports/atm-v2-harness/runs/r5-validation/stdout/r5r-e2-hot_disjoint-file_lock-s17-r1-q.log	487	2026-10-08 17:57	4a9a6d02e804b18fba6c3f60b5ab5600ababa081	on-main-identical		research/paper-v2/generations/r5-2026-10-08/raw/r5-stdout.tgz!runs/r5-validation/stdout/r5r-e2-hot_disjoint-file_lock-s17-r1-q.log	
/workspace/reports/atm-v2-harness/runs/r5-validation/stdout/r5r-e2-hot_disjoint-file_lock-s17-r2-opt.log	491	2026-10-08 17:57	0aed2e6678a7c9cbe67ac15a343bfc8209671d04	on-main-identical		research/paper-v2/generations/r5-2026-10-08/raw/r5-stdout.tgz!runs/r5-validation/stdout/r5r-e2-hot_disjoint-file_lock-s17-r2-opt.log	
/workspace/reports/atm-v2-harness/runs/r5-validation/stdout/r5r-e2-hot_disjoint-file_lock-s17-r2-q.log	487	2026-10-08 17:57	44a52dc537f341ed188a0a350cc2a7cc50c58bd3	on-main-identical		research/paper-v2/generations/r5-2026-10-08/raw/r5-stdout.tgz!runs/r5-validation/stdout/r5r-e2-hot_disjoint-file_lock-s17-r2-q.log	
/workspace/reports/atm-v2-harness/runs/r5-validation/stdout/r5r-e2-hot_disjoint-file_lock-s23-r1-opt.log	491	2026-10-08 17:57	f38ea66ea7aad652c177d269f72e6b4955d396e1	on-main-identical		research/paper-v2/generations/r5-2026-10-08/raw/r5-stdout.tgz!runs/r5-validation/stdout/r5r-e2-hot_disjoint-file_lock-s23-r1-opt.log	
/workspace/reports/atm-v2-harness/runs/r5-validation/stdout/r5r-e2-hot_disjoint-file_lock-s23-r1-q.log	487	2026-10-08 17:57	629cac432e1191b5d2fb1fcc25ab700f249c95a6	on-main-identical		research/paper-v2/generations/r5-2026-10-08/raw/r5-stdout.tgz!runs/r5-validation/stdout/r5r-e2-hot_disjoint-file_lock-s23-r1-q.log	
/workspace/reports/atm-v2-harness/runs/r5-validation/stdout/r5r-e2-hot_disjoint-file_lock-s23-r2-opt.log	490	2026-10-08 17:57	2a078f216503f4e9ab7e89b6ab7716f1ef021fd2	on-main-identical		research/paper-v2/generations/r5-2026-10-08/raw/r5-stdout.tgz!runs/r5-validation/stdout/r5r-e2-hot_disjoint-file_lock-s23-r2-opt.log	
/workspace/reports/atm-v2-harness/runs/r5-validation/stdout/r5r-e2-hot_disjoint-file_lock-s23-r2-q.log	487	2026-10-08 17:57	a529293f8b3a5b66b634efab49981e4aa71c5532	on-main-identical		research/paper-v2/generations/r5-2026-10-08/raw/r5-stdout.tgz!runs/r5-validation/stdout/r5r-e2-hot_disjoint-file_lock-s23-r2-q.log	
/workspace/reports/atm-v2-harness/runs/r5-validation/stdout/r5r-e2-hot_disjoint-git_three_way-s11-r1-opt.log	500	2026-10-08 17:57	3ab74601553b0545d7669605b7ada09910da1933	on-main-identical		research/paper-v2/generations/r5-2026-10-08/raw/r5-stdout.tgz!runs/r5-validation/stdout/r5r-e2-hot_disjoint-git_three_way-s11-r1-opt.log	
/workspace/reports/atm-v2-harness/runs/r5-validation/stdout/r5r-e2-hot_disjoint-git_three_way-s11-r1-q.log	496	2026-10-08 17:57	3f0a363d6b2f08eed2434507ad798c99b5deb3bb	on-main-identical		research/paper-v2/generations/r5-2026-10-08/raw/r5-stdout.tgz!runs/r5-validation/stdout/r5r-e2-hot_disjoint-git_three_way-s11-r1-q.log	
/workspace/reports/atm-v2-harness/runs/r5-validation/stdout/r5r-e2-hot_disjoint-git_three_way-s11-r2-opt.log	500	2026-10-08 17:57	4dff00529af7cd6d6adac0de955885a2bbaec0c0	on-main-identical		research/paper-v2/generations/r5-2026-10-08/raw/r5-stdout.tgz!runs/r5-validation/stdout/r5r-e2-hot_disjoint-git_three_way-s11-r2-opt.log	
/workspace/reports/atm-v2-harness/runs/r5-validation/stdout/r5r-e2-hot_disjoint-git_three_way-s11-r2-q.log	496	2026-10-08 17:57	1e7494ac437795727667acf22e97634737beddc3	on-main-identical		research/paper-v2/generations/r5-2026-10-08/raw/r5-stdout.tgz!runs/r5-validation/stdout/r5r-e2-hot_disjoint-git_three_way-s11-r2-q.log	
/workspace/reports/atm-v2-harness/runs/r5-validation/stdout/r5r-e2-hot_disjoint-git_three_way-s17-r1-opt.log	500	2026-10-08 17:57	fd96072e0d5fa9a6d9166a81ac3f315e383c7680	on-main-identical		research/paper-v2/generations/r5-2026-10-08/raw/r5-stdout.tgz!runs/r5-validation/stdout/r5r-e2-hot_disjoint-git_three_way-s17-r1-opt.log	
/workspace/reports/atm-v2-harness/runs/r5-validation/stdout/r5r-e2-hot_disjoint-git_three_way-s17-r1-q.log	496	2026-10-08 17:57	ad283fd8c945351473400bf31f0c122b871ec004	on-main-identical		research/paper-v2/generations/r5-2026-10-08/raw/r5-stdout.tgz!runs/r5-validation/stdout/r5r-e2-hot_disjoint-git_three_way-s17-r1-q.log	
/workspace/reports/atm-v2-harness/runs/r5-validation/stdout/r5r-e2-hot_disjoint-git_three_way-s17-r2-opt.log	500	2026-10-08 17:57	fcefd1ef6cc7ff8f4a32f5e9e0c5de1949ac5a98	on-main-identical		research/paper-v2/generations/r5-2026-10-08/raw/r5-stdout.tgz!runs/r5-validation/stdout/r5r-e2-hot_disjoint-git_three_way-s17-r2-opt.log	
/workspace/reports/atm-v2-harness/runs/r5-validation/stdout/r5r-e2-hot_disjoint-git_three_way-s17-r2-q.log	496	2026-10-08 17:57	5a1e2774c619852097f8785a106cc66997600a1a	on-main-identical		research/paper-v2/generations/r5-2026-10-08/raw/r5-stdout.tgz!runs/r5-validation/stdout/r5r-e2-hot_disjoint-git_three_way-s17-r2-q.log	
/workspace/reports/atm-v2-harness/runs/r5-validation/stdout/r5r-e2-hot_disjoint-git_three_way-s23-r1-opt.log	500	2026-10-08 17:57	98257d2151083ef3765e6facfc068bf81b817427	on-main-identical		research/paper-v2/generations/r5-2026-10-08/raw/r5-stdout.tgz!runs/r5-validation/stdout/r5r-e2-hot_disjoint-git_three_way-s23-r1-opt.log	
/workspace/reports/atm-v2-harness/runs/r5-validation/stdout/r5r-e2-hot_disjoint-git_three_way-s23-r1-q.log	496	2026-10-08 17:57	00bc9f92de5069518f4d6536a9f275a3dbddea62	on-main-identical		research/paper-v2/generations/r5-2026-10-08/raw/r5-stdout.tgz!runs/r5-validation/stdout/r5r-e2-hot_disjoint-git_three_way-s23-r1-q.log	
/workspace/reports/atm-v2-harness/runs/r5-validation/stdout/r5r-e2-hot_disjoint-git_three_way-s23-r2-opt.log	500	2026-10-08 17:57	be205504897197686921906e1802af19bba451de	on-main-identical		research/paper-v2/generations/r5-2026-10-08/raw/r5-stdout.tgz!runs/r5-validation/stdout/r5r-e2-hot_disjoint-git_three_way-s23-r2-opt.log	
/workspace/reports/atm-v2-harness/runs/r5-validation/stdout/r5r-e2-hot_disjoint-git_three_way-s23-r2-q.log	496	2026-10-08 17:57	6d119cc9947c1e8cd1e8b5f46a44d7945365fac3	on-main-identical		research/paper-v2/generations/r5-2026-10-08/raw/r5-stdout.tgz!runs/r5-validation/stdout/r5r-e2-hot_disjoint-git_three_way-s23-r2-q.log	
/workspace/reports/atm-v2-harness/runs/r5-validation/stdout/r5r-e2-hot_disjoint-occ-s11-r1-opt.log	470	2026-10-08 17:57	22ae298a0ebac31b7a08a31d2f5cbdc51185aeeb	on-main-identical		research/paper-v2/generations/r5-2026-10-08/raw/r5-stdout.tgz!runs/r5-validation/stdout/r5r-e2-hot_disjoint-occ-s11-r1-opt.log	
/workspace/reports/atm-v2-harness/runs/r5-validation/stdout/r5r-e2-hot_disjoint-occ-s11-r1-q.log	466	2026-10-08 17:57	785328d762ef4739772a60a0a7584acc1947ba3b	on-main-identical		research/paper-v2/generations/r5-2026-10-08/raw/r5-stdout.tgz!runs/r5-validation/stdout/r5r-e2-hot_disjoint-occ-s11-r1-q.log	
/workspace/reports/atm-v2-harness/runs/r5-validation/stdout/r5r-e2-hot_disjoint-occ-s11-r2-opt.log	470	2026-10-08 17:57	77975fc6a1c81576826ee4caaab3c72e88ae2b95	on-main-identical		research/paper-v2/generations/r5-2026-10-08/raw/r5-stdout.tgz!runs/r5-validation/stdout/r5r-e2-hot_disjoint-occ-s11-r2-opt.log	
/workspace/reports/atm-v2-harness/runs/r5-validation/stdout/r5r-e2-hot_disjoint-occ-s11-r2-q.log	466	2026-10-08 17:57	0d2e8aeb051cca40f65c6ea078b314af4ec2d521	on-main-identical		research/paper-v2/generations/r5-2026-10-08/raw/r5-stdout.tgz!runs/r5-validation/stdout/r5r-e2-hot_disjoint-occ-s11-r2-q.log	
/workspace/reports/atm-v2-harness/runs/r5-validation/stdout/r5r-e2-hot_disjoint-occ-s17-r1-opt.log	470	2026-10-08 17:57	46a217ad2c421328b31ac7cbb65aff074a3e5909	on-main-identical		research/paper-v2/generations/r5-2026-10-08/raw/r5-stdout.tgz!runs/r5-validation/stdout/r5r-e2-hot_disjoint-occ-s17-r1-opt.log	
/workspace/reports/atm-v2-harness/runs/r5-validation/stdout/r5r-e2-hot_disjoint-occ-s17-r1-q.log	466	2026-10-08 17:57	aa01af2539591113411d8d2f4c126c80cb744193	on-main-identical		research/paper-v2/generations/r5-2026-10-08/raw/r5-stdout.tgz!runs/r5-validation/stdout/r5r-e2-hot_disjoint-occ-s17-r1-q.log	
/workspace/reports/atm-v2-harness/runs/r5-validation/stdout/r5r-e2-hot_disjoint-occ-s17-r2-opt.log	470	2026-10-08 17:57	db188492179c2a95031f99e2c5252150e1c47c28	on-main-identical		research/paper-v2/generations/r5-2026-10-08/raw/r5-stdout.tgz!runs/r5-validation/stdout/r5r-e2-hot_disjoint-occ-s17-r2-opt.log	
/workspace/reports/atm-v2-harness/runs/r5-validation/stdout/r5r-e2-hot_disjoint-occ-s17-r2-q.log	466	2026-10-08 17:57	e1b02da4d8029f939aae5b8ebaa71e66e05bd41a	on-main-identical		research/paper-v2/generations/r5-2026-10-08/raw/r5-stdout.tgz!runs/r5-validation/stdout/r5r-e2-hot_disjoint-occ-s17-r2-q.log	
/workspace/reports/atm-v2-harness/runs/r5-validation/stdout/r5r-e2-hot_disjoint-occ-s23-r1-opt.log	470	2026-10-08 17:57	adb44eef9a37d93c63cc2003d255c9fa14356956	on-main-identical		research/paper-v2/generations/r5-2026-10-08/raw/r5-stdout.tgz!runs/r5-validation/stdout/r5r-e2-hot_disjoint-occ-s23-r1-opt.log	
/workspace/reports/atm-v2-harness/runs/r5-validation/stdout/r5r-e2-hot_disjoint-occ-s23-r1-q.log	466	2026-10-08 17:57	13d143261bd8979db6e88ac792c3eafaecb0361f	on-main-identical		research/paper-v2/generations/r5-2026-10-08/raw/r5-stdout.tgz!runs/r5-validation/stdout/r5r-e2-hot_disjoint-occ-s23-r1-q.log	
/workspace/reports/atm-v2-harness/runs/r5-validation/stdout/r5r-e2-hot_disjoint-occ-s23-r2-opt.log	470	2026-10-08 17:57	eedb49081f2dadb5e2d24aa47360959e4617a9bf	on-main-identical		research/paper-v2/generations/r5-2026-10-08/raw/r5-stdout.tgz!runs/r5-validation/stdout/r5r-e2-hot_disjoint-occ-s23-r2-opt.log	
/workspace/reports/atm-v2-harness/runs/r5-validation/stdout/r5r-e2-hot_disjoint-occ-s23-r2-q.log	466	2026-10-08 17:57	6076fcf0672a429a3d02efec584daee77d8f3277	on-main-identical		research/paper-v2/generations/r5-2026-10-08/raw/r5-stdout.tgz!runs/r5-validation/stdout/r5r-e2-hot_disjoint-occ-s23-r2-q.log	
/workspace/reports/atm-v2-harness/runs/r5-validation/stdout/r5r-e2-hot_disjoint-steward-s11-r1-nq.log	478	2026-10-08 17:57	df8f3aa816b49065b96f208900496f1492e6c961	on-main-identical		research/paper-v2/generations/r5-2026-10-08/raw/r5-stdout.tgz!runs/r5-validation/stdout/r5r-e2-hot_disjoint-steward-s11-r1-nq.log	
/workspace/reports/atm-v2-harness/runs/r5-validation/stdout/r5r-e2-hot_disjoint-steward-s11-r1-opt.log	481	2026-10-08 17:57	6d03f851024d5aca4795cd7c85b118c9eb1a7692	on-main-identical		research/paper-v2/generations/r5-2026-10-08/raw/r5-stdout.tgz!runs/r5-validation/stdout/r5r-e2-hot_disjoint-steward-s11-r1-opt.log	
/workspace/reports/atm-v2-harness/runs/r5-validation/stdout/r5r-e2-hot_disjoint-steward-s11-r1-q.log	477	2026-10-08 17:57	a48196cec2fe3a1888da0270d99e87b893237d55	on-main-identical		research/paper-v2/generations/r5-2026-10-08/raw/r5-stdout.tgz!runs/r5-validation/stdout/r5r-e2-hot_disjoint-steward-s11-r1-q.log	
/workspace/reports/atm-v2-harness/runs/r5-validation/stdout/r5r-e2-hot_disjoint-steward-s11-r2-nq.log	479	2026-10-08 17:57	04f380f1cb2718aee0f601d3fac9ffcb1820af7b	on-main-identical		research/paper-v2/generations/r5-2026-10-08/raw/r5-stdout.tgz!runs/r5-validation/stdout/r5r-e2-hot_disjoint-steward-s11-r2-nq.log	
/workspace/reports/atm-v2-harness/runs/r5-validation/stdout/r5r-e2-hot_disjoint-steward-s11-r2-opt.log	481	2026-10-08 17:57	d38d56602279a9fec6ee374e0a9d32408c267b2f	on-main-identical		research/paper-v2/generations/r5-2026-10-08/raw/r5-stdout.tgz!runs/r5-validation/stdout/r5r-e2-hot_disjoint-steward-s11-r2-opt.log	
/workspace/reports/atm-v2-harness/runs/r5-validation/stdout/r5r-e2-hot_disjoint-steward-s11-r2-q.log	477	2026-10-08 17:57	2448c63c5d4aec06fa90aa664bcb449832dfc2b3	on-main-identical		research/paper-v2/generations/r5-2026-10-08/raw/r5-stdout.tgz!runs/r5-validation/stdout/r5r-e2-hot_disjoint-steward-s11-r2-q.log	
/workspace/reports/atm-v2-harness/runs/r5-validation/stdout/r5r-e2-hot_disjoint-steward-s17-r1-nq.log	479	2026-10-08 17:57	1fd2e685b4c0c9438afd7a766c79572ee8bde3d4	on-main-identical		research/paper-v2/generations/r5-2026-10-08/raw/r5-stdout.tgz!runs/r5-validation/stdout/r5r-e2-hot_disjoint-steward-s17-r1-nq.log	
/workspace/reports/atm-v2-harness/runs/r5-validation/stdout/r5r-e2-hot_disjoint-steward-s17-r1-opt.log	481	2026-10-08 17:57	59eb955a4a4101c8e83934f658e18ac47e093d8e	on-main-identical		research/paper-v2/generations/r5-2026-10-08/raw/r5-stdout.tgz!runs/r5-validation/stdout/r5r-e2-hot_disjoint-steward-s17-r1-opt.log	
/workspace/reports/atm-v2-harness/runs/r5-validation/stdout/r5r-e2-hot_disjoint-steward-s17-r1-q.log	477	2026-10-08 17:57	93efab77ee589fab42f6e36ea2f1266620dde41a	on-main-identical		research/paper-v2/generations/r5-2026-10-08/raw/r5-stdout.tgz!runs/r5-validation/stdout/r5r-e2-hot_disjoint-steward-s17-r1-q.log	
/workspace/reports/atm-v2-harness/runs/r5-validation/stdout/r5r-e2-hot_disjoint-steward-s17-r2-nq.log	479	2026-10-08 17:57	d42f4f5827b5f045e98b105326fe401b662f679e	on-main-identical		research/paper-v2/generations/r5-2026-10-08/raw/r5-stdout.tgz!runs/r5-validation/stdout/r5r-e2-hot_disjoint-steward-s17-r2-nq.log	
/workspace/reports/atm-v2-harness/runs/r5-validation/stdout/r5r-e2-hot_disjoint-steward-s17-r2-opt.log	481	2026-10-08 17:57	ee53f13f856592a9d7d8276f63d25b7ace40e5cf	on-main-identical		research/paper-v2/generations/r5-2026-10-08/raw/r5-stdout.tgz!runs/r5-validation/stdout/r5r-e2-hot_disjoint-steward-s17-r2-opt.log	
/workspace/reports/atm-v2-harness/runs/r5-validation/stdout/r5r-e2-hot_disjoint-steward-s17-r2-q.log	477	2026-10-08 17:57	f2029981870fae7a23d0ec50f6ab6cc5806e6f4d	on-main-identical		research/paper-v2/generations/r5-2026-10-08/raw/r5-stdout.tgz!runs/r5-validation/stdout/r5r-e2-hot_disjoint-steward-s17-r2-q.log	
/workspace/reports/atm-v2-harness/runs/r5-validation/stdout/r5r-e2-hot_disjoint-steward-s23-r1-nq.log	479	2026-10-08 17:57	cb440348acc9e5b81ae2b806da9bb5e52bb36917	on-main-identical		research/paper-v2/generations/r5-2026-10-08/raw/r5-stdout.tgz!runs/r5-validation/stdout/r5r-e2-hot_disjoint-steward-s23-r1-nq.log	
/workspace/reports/atm-v2-harness/runs/r5-validation/stdout/r5r-e2-hot_disjoint-steward-s23-r1-opt.log	481	2026-10-08 17:57	65d7772bb98fcec250ec875c594edbe1486d6d9b	on-main-identical		research/paper-v2/generations/r5-2026-10-08/raw/r5-stdout.tgz!runs/r5-validation/stdout/r5r-e2-hot_disjoint-steward-s23-r1-opt.log	
/workspace/reports/atm-v2-harness/runs/r5-validation/stdout/r5r-e2-hot_disjoint-steward-s23-r1-q.log	477	2026-10-08 17:57	abe40243491efa1acbdb718853813a16aae604af	on-main-identical		research/paper-v2/generations/r5-2026-10-08/raw/r5-stdout.tgz!runs/r5-validation/stdout/r5r-e2-hot_disjoint-steward-s23-r1-q.log	
/workspace/reports/atm-v2-harness/runs/r5-validation/stdout/r5r-e2-hot_disjoint-steward-s23-r2-nq.log	479	2026-10-08 17:57	46de8a7640857f7e44440fcebbfafe1ffef90a2b	on-main-identical		research/paper-v2/generations/r5-2026-10-08/raw/r5-stdout.tgz!runs/r5-validation/stdout/r5r-e2-hot_disjoint-steward-s23-r2-nq.log	
/workspace/reports/atm-v2-harness/runs/r5-validation/stdout/r5r-e2-hot_disjoint-steward-s23-r2-opt.log	481	2026-10-08 17:57	7406cce2a4fce22e50cb915bcb5a1fcde9b5e877	on-main-identical		research/paper-v2/generations/r5-2026-10-08/raw/r5-stdout.tgz!runs/r5-validation/stdout/r5r-e2-hot_disjoint-steward-s23-r2-opt.log	
/workspace/reports/atm-v2-harness/runs/r5-validation/stdout/r5r-e2-hot_disjoint-steward-s23-r2-q.log	477	2026-10-08 17:57	735d23442f8ed52c6f086c7e45639e5602706aab	on-main-identical		research/paper-v2/generations/r5-2026-10-08/raw/r5-stdout.tgz!runs/r5-validation/stdout/r5r-e2-hot_disjoint-steward-s23-r2-q.log	
/workspace/reports/atm-v2-harness/runs/r5-validation/stdout/r5v-e4-p2-s11-g-fix-r1.log	1206	2026-10-08 17:48	79800f35a29ccc4c0b5dc4037c3766b43d1457ca	on-main-identical		research/paper-v2/generations/r5-2026-10-08/raw/r5-stdout.tgz!runs/r5-validation/stdout/r5v-e4-p2-s11-g-fix-r1.log	
/workspace/reports/atm-v2-harness/runs/r5-validation/stdout/r5v-e4-p2-s11-g-fix-r2.log	1207	2026-10-08 17:48	f6ce7ee6f1ddd668a4c9cb76040edf27ce82650d	on-main-identical		research/paper-v2/generations/r5-2026-10-08/raw/r5-stdout.tgz!runs/r5-validation/stdout/r5v-e4-p2-s11-g-fix-r2.log	
/workspace/reports/atm-v2-harness/runs/r5-validation/stdout/r5v-e4-p2-s11-g-fix-r3.log	1206	2026-10-08 17:48	043a05f885216ab35306dce08fdd55c06a23c4a4	on-main-identical		research/paper-v2/generations/r5-2026-10-08/raw/r5-stdout.tgz!runs/r5-validation/stdout/r5v-e4-p2-s11-g-fix-r3.log	
/workspace/reports/atm-v2-harness/runs/r5-validation/stdout/r5v-e4-p2-s11-g-fix-r4.log	1206	2026-10-08 17:48	1c808d185f5b372496ce1ce2247c42617cba7557	on-main-identical		research/paper-v2/generations/r5-2026-10-08/raw/r5-stdout.tgz!runs/r5-validation/stdout/r5v-e4-p2-s11-g-fix-r4.log	
/workspace/reports/atm-v2-harness/runs/r5-validation/stdout/r5v-e4-p2-s11-g-fix-r5.log	1206	2026-10-08 17:48	87c2b25a3f25ad3a950ef8f0e7954b84ee6db26b	on-main-identical		research/paper-v2/generations/r5-2026-10-08/raw/r5-stdout.tgz!runs/r5-validation/stdout/r5v-e4-p2-s11-g-fix-r5.log	
/workspace/reports/atm-v2-harness/runs/r5-validation/stdout/r5v-e4-p2-s11-g-nq-r1.log	1203	2026-10-08 17:48	85c4518994ab79bea121458eaa54061c58585889	on-main-identical		research/paper-v2/generations/r5-2026-10-08/raw/r5-stdout.tgz!runs/r5-validation/stdout/r5v-e4-p2-s11-g-nq-r1.log	
/workspace/reports/atm-v2-harness/runs/r5-validation/stdout/r5v-e4-p2-s11-g-nq-r2.log	1201	2026-10-08 17:48	f657f11ed8eda36e9c919fe96c3dd69062456812	on-main-identical		research/paper-v2/generations/r5-2026-10-08/raw/r5-stdout.tgz!runs/r5-validation/stdout/r5v-e4-p2-s11-g-nq-r2.log	
/workspace/reports/atm-v2-harness/runs/r5-validation/stdout/r5v-e4-p2-s11-g-nq-r3.log	1202	2026-10-08 17:48	af8765e718ecf7a136ef3d1b627d6c588f3d0cbd	on-main-identical		research/paper-v2/generations/r5-2026-10-08/raw/r5-stdout.tgz!runs/r5-validation/stdout/r5v-e4-p2-s11-g-nq-r3.log	
/workspace/reports/atm-v2-harness/runs/r5-validation/stdout/r5v-e4-p2-s11-g-nq-r4.log	1202	2026-10-08 17:48	bb158ff7ed974121d0b60bced3fad6ea6cc6bf8a	on-main-identical		research/paper-v2/generations/r5-2026-10-08/raw/r5-stdout.tgz!runs/r5-validation/stdout/r5v-e4-p2-s11-g-nq-r4.log	
/workspace/reports/atm-v2-harness/runs/r5-validation/stdout/r5v-e4-p2-s11-g-nq-r5.log	1202	2026-10-08 17:48	9e62552ba4816bcc75d255d64eb56f1c55f376a4	on-main-identical		research/paper-v2/generations/r5-2026-10-08/raw/r5-stdout.tgz!runs/r5-validation/stdout/r5v-e4-p2-s11-g-nq-r5.log	
/workspace/reports/atm-v2-harness/runs/r5-validation/stdout/r5v-e4-p2-s11-g-nqr0-r1.log	1211	2026-10-08 18:26	c7efd601085fa29a076844bae983fbdb5828a797	on-main-identical		research/paper-v2/generations/r5-2026-10-08/raw/r5-stdout.tgz!runs/r5-validation/stdout/r5v-e4-p2-s11-g-nqr0-r1.log	
/workspace/reports/atm-v2-harness/runs/r5-validation/stdout/r5v-e4-p2-s11-g-nqr0-r2.log	1208	2026-10-08 18:26	f5a392e72ba99331dc669910922eca5d69292fe7	on-main-identical		research/paper-v2/generations/r5-2026-10-08/raw/r5-stdout.tgz!runs/r5-validation/stdout/r5v-e4-p2-s11-g-nqr0-r2.log	
/workspace/reports/atm-v2-harness/runs/r5-validation/stdout/r5v-e4-p2-s11-g-nqr0-r3.log	1209	2026-10-08 18:26	5a9faf46009f25b8f1dd75b2c5d59e6a4e1d816a	on-main-identical		research/paper-v2/generations/r5-2026-10-08/raw/r5-stdout.tgz!runs/r5-validation/stdout/r5v-e4-p2-s11-g-nqr0-r3.log	
/workspace/reports/atm-v2-harness/runs/r5-validation/stdout/r5v-e4-p2-s11-g-nqr0-r4.log	1210	2026-10-08 18:26	983f68dfd7cd0b83f50851a0cf7a1fdda33e8677	on-main-identical		research/paper-v2/generations/r5-2026-10-08/raw/r5-stdout.tgz!runs/r5-validation/stdout/r5v-e4-p2-s11-g-nqr0-r4.log	
/workspace/reports/atm-v2-harness/runs/r5-validation/stdout/r5v-e4-p2-s11-g-nqr0-r5.log	1211	2026-10-08 18:26	8512f4ac612e7f710986e3c89024c0d92410c851	on-main-identical		research/paper-v2/generations/r5-2026-10-08/raw/r5-stdout.tgz!runs/r5-validation/stdout/r5v-e4-p2-s11-g-nqr0-r5.log	
/workspace/reports/atm-v2-harness/runs/r5-validation/stdout/r5v-e4-p2-s11-g-nqr1-r1.log	1210	2026-10-08 18:26	3d4d93ec787e3f098c5ef8be82e03464ea5934ec	on-main-identical		research/paper-v2/generations/r5-2026-10-08/raw/r5-stdout.tgz!runs/r5-validation/stdout/r5v-e4-p2-s11-g-nqr1-r1.log	
/workspace/reports/atm-v2-harness/runs/r5-validation/stdout/r5v-e4-p2-s11-g-nqr1-r2.log	1210	2026-10-08 18:26	9b294988fc76893ff255c942820d0d5af5e4aa6d	on-main-identical		research/paper-v2/generations/r5-2026-10-08/raw/r5-stdout.tgz!runs/r5-validation/stdout/r5v-e4-p2-s11-g-nqr1-r2.log	
/workspace/reports/atm-v2-harness/runs/r5-validation/stdout/r5v-e4-p2-s11-g-nqr1-r3.log	1209	2026-10-08 18:26	3f88a2840344352440dd1e163354fb09f8508eb6	on-main-identical		research/paper-v2/generations/r5-2026-10-08/raw/r5-stdout.tgz!runs/r5-validation/stdout/r5v-e4-p2-s11-g-nqr1-r3.log	
/workspace/reports/atm-v2-harness/runs/r5-validation/stdout/r5v-e4-p2-s11-g-nqr1-r4.log	1204	2026-10-08 18:26	a3fe8ad9e8005a020249193db5f44586f009fb21	on-main-identical		research/paper-v2/generations/r5-2026-10-08/raw/r5-stdout.tgz!runs/r5-validation/stdout/r5v-e4-p2-s11-g-nqr1-r4.log	
/workspace/reports/atm-v2-harness/runs/r5-validation/stdout/r5v-e4-p2-s11-g-nqr1-r5.log	1209	2026-10-08 18:26	6d155e814ddef7595070c0d5da59dc5f4710ed9b	on-main-identical		research/paper-v2/generations/r5-2026-10-08/raw/r5-stdout.tgz!runs/r5-validation/stdout/r5v-e4-p2-s11-g-nqr1-r5.log	
/workspace/reports/atm-v2-harness/runs/r5-validation/stdout/r5v-e4-p2-s11-g-nqref-r1.log	1214	2026-10-08 18:26	bbd20174e659f2b573498a50b68a280b137deaa6	on-main-identical		research/paper-v2/generations/r5-2026-10-08/raw/r5-stdout.tgz!runs/r5-validation/stdout/r5v-e4-p2-s11-g-nqref-r1.log	
/workspace/reports/atm-v2-harness/runs/r5-validation/stdout/r5v-e4-p2-s11-g-nqref-r2.log	1215	2026-10-08 18:26	0697301b2436f4beb28220022b79f82f992985c9	on-main-identical		research/paper-v2/generations/r5-2026-10-08/raw/r5-stdout.tgz!runs/r5-validation/stdout/r5v-e4-p2-s11-g-nqref-r2.log	
/workspace/reports/atm-v2-harness/runs/r5-validation/stdout/r5v-e4-p2-s11-g-nqref-r3.log	1215	2026-10-08 18:26	304f341ff3eb3202517be89ef7cd6f0cb2a48eee	on-main-identical		research/paper-v2/generations/r5-2026-10-08/raw/r5-stdout.tgz!runs/r5-validation/stdout/r5v-e4-p2-s11-g-nqref-r3.log	
/workspace/reports/atm-v2-harness/runs/r5-validation/stdout/r5v-e4-p2-s11-g-nqref-r4.log	1215	2026-10-08 18:26	aaa966c4fa479590b50efe992316308afeeeb92f	on-main-identical		research/paper-v2/generations/r5-2026-10-08/raw/r5-stdout.tgz!runs/r5-validation/stdout/r5v-e4-p2-s11-g-nqref-r4.log	
/workspace/reports/atm-v2-harness/runs/r5-validation/stdout/r5v-e4-p2-s11-g-nqref-r5.log	1214	2026-10-08 18:26	79b54d06bd6516e3719e378a460e952f81ff3d7c	on-main-identical		research/paper-v2/generations/r5-2026-10-08/raw/r5-stdout.tgz!runs/r5-validation/stdout/r5v-e4-p2-s11-g-nqref-r5.log	
/workspace/reports/atm-v2-harness/runs/r5-validation/stdout/r5v-e4-p2-s11-g-old-r1.log	1202	2026-10-08 17:48	e8cbf9080a78d27f024fa7fa779dd5a5357acbf5	on-main-identical		research/paper-v2/generations/r5-2026-10-08/raw/r5-stdout.tgz!runs/r5-validation/stdout/r5v-e4-p2-s11-g-old-r1.log	
/workspace/reports/atm-v2-harness/runs/r5-validation/stdout/r5v-e4-p2-s11-g-old-r2.log	1205	2026-10-08 17:48	80966ec2260337b701f9d7abba0608a4c55f9974	on-main-identical		research/paper-v2/generations/r5-2026-10-08/raw/r5-stdout.tgz!runs/r5-validation/stdout/r5v-e4-p2-s11-g-old-r2.log	
/workspace/reports/atm-v2-harness/runs/r5-validation/stdout/r5v-e4-p2-s11-g-old-r3.log	1206	2026-10-08 17:48	75d7bc9a60d18f8a817fa0151eaa9cf892a9ae89	on-main-identical		research/paper-v2/generations/r5-2026-10-08/raw/r5-stdout.tgz!runs/r5-validation/stdout/r5v-e4-p2-s11-g-old-r3.log	
/workspace/reports/atm-v2-harness/runs/r5-validation/stdout/r5v-e4-p2-s11-g-old-r4.log	1205	2026-10-08 17:48	15464a5ccb607550e7460153139a75c7089c323e	on-main-identical		research/paper-v2/generations/r5-2026-10-08/raw/r5-stdout.tgz!runs/r5-validation/stdout/r5v-e4-p2-s11-g-old-r4.log	
/workspace/reports/atm-v2-harness/runs/r5-validation/stdout/r5v-e4-p2-s11-g-old-r5.log	1207	2026-10-08 17:48	a0a4dc4f82b74d6ee68f7a913373ded423d7ab9a	on-main-identical		research/paper-v2/generations/r5-2026-10-08/raw/r5-stdout.tgz!runs/r5-validation/stdout/r5v-e4-p2-s11-g-old-r5.log	
/workspace/reports/atm-v2-harness/runs/r5-validation/stdout/r5v-e4-p2-s11-g-opt-r1.log	1207	2026-10-08 17:48	59b06a7c9b73f4bd87a117e94d9ae7a08445d4d2	on-main-identical		research/paper-v2/generations/r5-2026-10-08/raw/r5-stdout.tgz!runs/r5-validation/stdout/r5v-e4-p2-s11-g-opt-r1.log	
/workspace/reports/atm-v2-harness/runs/r5-validation/stdout/r5v-e4-p2-s11-g-opt-r2.log	1206	2026-10-08 17:48	4ac4c076e83741b111260818c59eb0f961e65924	on-main-identical		research/paper-v2/generations/r5-2026-10-08/raw/r5-stdout.tgz!runs/r5-validation/stdout/r5v-e4-p2-s11-g-opt-r2.log	
/workspace/reports/atm-v2-harness/runs/r5-validation/stdout/r5v-e4-p2-s11-g-opt-r3.log	1207	2026-10-08 17:48	58b0e2976ccbcab5c05d71d45240b63e03f40b4e	on-main-identical		research/paper-v2/generations/r5-2026-10-08/raw/r5-stdout.tgz!runs/r5-validation/stdout/r5v-e4-p2-s11-g-opt-r3.log	
/workspace/reports/atm-v2-harness/runs/r5-validation/stdout/r5v-e4-p2-s11-g-opt-r4.log	1207	2026-10-08 17:48	6797a2e7a35ffa8e5fbca1533f2f25a44ff1f785	on-main-identical		research/paper-v2/generations/r5-2026-10-08/raw/r5-stdout.tgz!runs/r5-validation/stdout/r5v-e4-p2-s11-g-opt-r4.log	
/workspace/reports/atm-v2-harness/runs/r5-validation/stdout/r5v-e4-p2-s11-g-opt-r5.log	1207	2026-10-08 17:48	a5f4f6a035612055c792f65e69f76a043966e169	on-main-identical		research/paper-v2/generations/r5-2026-10-08/raw/r5-stdout.tgz!runs/r5-validation/stdout/r5v-e4-p2-s11-g-opt-r5.log	
/workspace/reports/atm-v2-harness/runs/r5-validation/stdout/r5v-e4-p2-s11-g-q-r1.log	1196	2026-10-08 17:48	1396b9abadfcd9c8a93ca9843e6b498727f1ab26	on-main-identical		research/paper-v2/generations/r5-2026-10-08/raw/r5-stdout.tgz!runs/r5-validation/stdout/r5v-e4-p2-s11-g-q-r1.log	
/workspace/reports/atm-v2-harness/runs/r5-validation/stdout/r5v-e4-p2-s11-g-q-r2.log	1199	2026-10-08 17:48	1f06ed51d194b859a3d92e14076b8e91a895ded8	on-main-identical		research/paper-v2/generations/r5-2026-10-08/raw/r5-stdout.tgz!runs/r5-validation/stdout/r5v-e4-p2-s11-g-q-r2.log	
/workspace/reports/atm-v2-harness/runs/r5-validation/stdout/r5v-e4-p2-s11-g-q-r3.log	1199	2026-10-08 17:48	1e209113a472b28110b02d29e68c7a45b4f08859	on-main-identical		research/paper-v2/generations/r5-2026-10-08/raw/r5-stdout.tgz!runs/r5-validation/stdout/r5v-e4-p2-s11-g-q-r3.log	
/workspace/reports/atm-v2-harness/runs/r5-validation/stdout/r5v-e4-p2-s11-g-q-r4.log	1199	2026-10-08 17:48	26c69ae6dc62c6cb47be2fe07516c7e96fddc833	on-main-identical		research/paper-v2/generations/r5-2026-10-08/raw/r5-stdout.tgz!runs/r5-validation/stdout/r5v-e4-p2-s11-g-q-r4.log	
/workspace/reports/atm-v2-harness/runs/r5-validation/stdout/r5v-e4-p2-s11-g-q-r5.log	1199	2026-10-08 17:48	28a568618298b1fec079e64bbc9e19893c32cf85	on-main-identical		research/paper-v2/generations/r5-2026-10-08/raw/r5-stdout.tgz!runs/r5-validation/stdout/r5v-e4-p2-s11-g-q-r5.log	
/workspace/reports/atm-v2-harness/runs/r5-validation/stdout/r5v-e4-p2-s11-g-qr0-r1.log	1206	2026-10-08 17:48	56fcd1b43c0c4cf4126d78fee2caf892df0945cd	on-main-identical		research/paper-v2/generations/r5-2026-10-08/raw/r5-stdout.tgz!runs/r5-validation/stdout/r5v-e4-p2-s11-g-qr0-r1.log	
/workspace/reports/atm-v2-harness/runs/r5-validation/stdout/r5v-e4-p2-s11-g-qr0-r2.log	1207	2026-10-08 17:48	030f292e66c1e642d89cde51011752c8a04acd36	on-main-identical		research/paper-v2/generations/r5-2026-10-08/raw/r5-stdout.tgz!runs/r5-validation/stdout/r5v-e4-p2-s11-g-qr0-r2.log	
/workspace/reports/atm-v2-harness/runs/r5-validation/stdout/r5v-e4-p2-s11-g-qr0-r3.log	1204	2026-10-08 17:48	a469754f4ca5d7ead73089e66dd9c56fcc9476f1	on-main-identical		research/paper-v2/generations/r5-2026-10-08/raw/r5-stdout.tgz!runs/r5-validation/stdout/r5v-e4-p2-s11-g-qr0-r3.log	
/workspace/reports/atm-v2-harness/runs/r5-validation/stdout/r5v-e4-p2-s11-g-qr0-r4.log	1206	2026-10-08 17:48	7af3504ca0879b30587d8aceb12a58452809bbd8	on-main-identical		research/paper-v2/generations/r5-2026-10-08/raw/r5-stdout.tgz!runs/r5-validation/stdout/r5v-e4-p2-s11-g-qr0-r4.log	
/workspace/reports/atm-v2-harness/runs/r5-validation/stdout/r5v-e4-p2-s11-g-qr0-r5.log	1207	2026-10-08 17:48	17b1f4b99c3a3b77859ba1de5dd97c1ba44569fa	on-main-identical		research/paper-v2/generations/r5-2026-10-08/raw/r5-stdout.tgz!runs/r5-validation/stdout/r5v-e4-p2-s11-g-qr0-r5.log	
/workspace/reports/atm-v2-harness/runs/r5-validation/stdout/r5v-e4-p2-s11-g-qr1-r1.log	1207	2026-10-08 17:48	2a53e00e066c8e042bbcffa605c02fdf33c5581e	on-main-identical		research/paper-v2/generations/r5-2026-10-08/raw/r5-stdout.tgz!runs/r5-validation/stdout/r5v-e4-p2-s11-g-qr1-r1.log	
/workspace/reports/atm-v2-harness/runs/r5-validation/stdout/r5v-e4-p2-s11-g-qr1-r2.log	1206	2026-10-08 17:48	bfffd8da5f633cd5fd79a4503b4e1b5b8ec265d3	on-main-identical		research/paper-v2/generations/r5-2026-10-08/raw/r5-stdout.tgz!runs/r5-validation/stdout/r5v-e4-p2-s11-g-qr1-r2.log	
/workspace/reports/atm-v2-harness/runs/r5-validation/stdout/r5v-e4-p2-s11-g-qr1-r3.log	1208	2026-10-08 17:48	083bdeaee82783fab5099b595bf657fa6df57bde	on-main-identical		research/paper-v2/generations/r5-2026-10-08/raw/r5-stdout.tgz!runs/r5-validation/stdout/r5v-e4-p2-s11-g-qr1-r3.log	
/workspace/reports/atm-v2-harness/runs/r5-validation/stdout/r5v-e4-p2-s11-g-qr1-r4.log	1204	2026-10-08 17:48	6dade136309a6c689d7c1315e99e05fc0744524d	on-main-identical		research/paper-v2/generations/r5-2026-10-08/raw/r5-stdout.tgz!runs/r5-validation/stdout/r5v-e4-p2-s11-g-qr1-r4.log	
/workspace/reports/atm-v2-harness/runs/r5-validation/stdout/r5v-e4-p2-s11-g-qr1-r5.log	1207	2026-10-08 17:48	8270870589fdb4880e0ef1639f6ecd576df5d0f7	on-main-identical		research/paper-v2/generations/r5-2026-10-08/raw/r5-stdout.tgz!runs/r5-validation/stdout/r5v-e4-p2-s11-g-qr1-r5.log	
/workspace/reports/atm-v2-harness/runs/r5-validation/stdout/r5v-e4-p2-s17-fix-r01.log	1204	2026-10-08 17:44	bf7bd492d5961db848150557cb15ba976093788d	on-main-identical		research/paper-v2/generations/r5-2026-10-08/raw/r5-stdout.tgz!runs/r5-validation/stdout/r5v-e4-p2-s17-fix-r01.log	
/workspace/reports/atm-v2-harness/runs/r5-validation/stdout/r5v-e4-p2-s17-fix-r02.log	1201	2026-10-08 17:44	1b13a8d9a043352dd501231bee6a3005108c67a2	on-main-identical		research/paper-v2/generations/r5-2026-10-08/raw/r5-stdout.tgz!runs/r5-validation/stdout/r5v-e4-p2-s17-fix-r02.log	
/workspace/reports/atm-v2-harness/runs/r5-validation/stdout/r5v-e4-p2-s17-fix-r03.log	1203	2026-10-08 17:44	2372237820e5a87d80384ff5e28171ad9c521a4e	on-main-identical		research/paper-v2/generations/r5-2026-10-08/raw/r5-stdout.tgz!runs/r5-validation/stdout/r5v-e4-p2-s17-fix-r03.log	
/workspace/reports/atm-v2-harness/runs/r5-validation/stdout/r5v-e4-p2-s17-fix-r04.log	1202	2026-10-08 17:44	93d915a35524ec3c8e290f9813bfcf97230428b1	on-main-identical		research/paper-v2/generations/r5-2026-10-08/raw/r5-stdout.tgz!runs/r5-validation/stdout/r5v-e4-p2-s17-fix-r04.log	
/workspace/reports/atm-v2-harness/runs/r5-validation/stdout/r5v-e4-p2-s17-fix-r05.log	1202	2026-10-08 17:44	d25a84d40b985b0221283bcfad853fd04f7aa5c1	on-main-identical		research/paper-v2/generations/r5-2026-10-08/raw/r5-stdout.tgz!runs/r5-validation/stdout/r5v-e4-p2-s17-fix-r05.log	
/workspace/reports/atm-v2-harness/runs/r5-validation/stdout/r5v-e4-p2-s17-fix-r06.log	1204	2026-10-08 17:44	ed35affe6602750feba299768fffb49fbe0c6eb7	on-main-identical		research/paper-v2/generations/r5-2026-10-08/raw/r5-stdout.tgz!runs/r5-validation/stdout/r5v-e4-p2-s17-fix-r06.log	
/workspace/reports/atm-v2-harness/runs/r5-validation/stdout/r5v-e4-p2-s17-fix-r07.log	1204	2026-10-08 17:45	79959633046b468075dc356edcf97d6324b403d2	on-main-identical		research/paper-v2/generations/r5-2026-10-08/raw/r5-stdout.tgz!runs/r5-validation/stdout/r5v-e4-p2-s17-fix-r07.log	
/workspace/reports/atm-v2-harness/runs/r5-validation/stdout/r5v-e4-p2-s17-fix-r08.log	1205	2026-10-08 17:45	908b3aaf19362672be5aef37df3f1e1fd740320f	on-main-identical		research/paper-v2/generations/r5-2026-10-08/raw/r5-stdout.tgz!runs/r5-validation/stdout/r5v-e4-p2-s17-fix-r08.log	
/workspace/reports/atm-v2-harness/runs/r5-validation/stdout/r5v-e4-p2-s17-fix-r09.log	1204	2026-10-08 17:45	50669e6f25525f3b010e1038fef86e5b2954c93f	on-main-identical		research/paper-v2/generations/r5-2026-10-08/raw/r5-stdout.tgz!runs/r5-validation/stdout/r5v-e4-p2-s17-fix-r09.log	
/workspace/reports/atm-v2-harness/runs/r5-validation/stdout/r5v-e4-p2-s17-fix-r10.log	1202	2026-10-08 17:45	d32274aa5edbbf701c84e8ac2930f7cd418cbb00	on-main-identical		research/paper-v2/generations/r5-2026-10-08/raw/r5-stdout.tgz!runs/r5-validation/stdout/r5v-e4-p2-s17-fix-r10.log	
/workspace/reports/atm-v2-harness/runs/r5-validation/stdout/r5v-e4-p2-s17-fix-r11.log	1202	2026-10-08 17:45	04da14fb81779b37ac1f4106fd86df08455b7576	on-main-identical		research/paper-v2/generations/r5-2026-10-08/raw/r5-stdout.tgz!runs/r5-validation/stdout/r5v-e4-p2-s17-fix-r11.log	
/workspace/reports/atm-v2-harness/runs/r5-validation/stdout/r5v-e4-p2-s17-fix-r12.log	1205	2026-10-08 17:45	7987f6ce6de2682bad40885593e8f14f9388e6c1	on-main-identical		research/paper-v2/generations/r5-2026-10-08/raw/r5-stdout.tgz!runs/r5-validation/stdout/r5v-e4-p2-s17-fix-r12.log	
/workspace/reports/atm-v2-harness/runs/r5-validation/stdout/r5v-e4-p2-s17-fix-r13.log	1201	2026-10-08 17:45	211b3b7103f622c3bcc14a407ff490f48c577a05	on-main-identical		research/paper-v2/generations/r5-2026-10-08/raw/r5-stdout.tgz!runs/r5-validation/stdout/r5v-e4-p2-s17-fix-r13.log	
/workspace/reports/atm-v2-harness/runs/r5-validation/stdout/r5v-e4-p2-s17-fix-r14.log	1203	2026-10-08 17:46	dabc050c31a57164e475e1fdcb558efbfdcd8e97	on-main-identical		research/paper-v2/generations/r5-2026-10-08/raw/r5-stdout.tgz!runs/r5-validation/stdout/r5v-e4-p2-s17-fix-r14.log	
/workspace/reports/atm-v2-harness/runs/r5-validation/stdout/r5v-e4-p2-s17-fix-r15.log	1199	2026-10-08 17:46	bd362770879c81e6f6eb95b6be9fa9f9ac46a224	on-main-identical		research/paper-v2/generations/r5-2026-10-08/raw/r5-stdout.tgz!runs/r5-validation/stdout/r5v-e4-p2-s17-fix-r15.log	
/workspace/reports/atm-v2-harness/runs/r5-validation/stdout/r5v-e4-p2-s17-fix-r16.log	1204	2026-10-08 17:46	5551635e727c4af9c250df3fe173fc2391331089	on-main-identical		research/paper-v2/generations/r5-2026-10-08/raw/r5-stdout.tgz!runs/r5-validation/stdout/r5v-e4-p2-s17-fix-r16.log	
/workspace/reports/atm-v2-harness/runs/r5-validation/stdout/r5v-e4-p2-s17-fix-r17.log	1203	2026-10-08 17:46	f23de71cc38b36b7cbb00822537c094f4c1c64b1	on-main-identical		research/paper-v2/generations/r5-2026-10-08/raw/r5-stdout.tgz!runs/r5-validation/stdout/r5v-e4-p2-s17-fix-r17.log	
/workspace/reports/atm-v2-harness/runs/r5-validation/stdout/r5v-e4-p2-s17-fix-r18.log	1201	2026-10-08 17:46	edc0f8e1cfad3c4407127bd0935a52a246d57f8f	on-main-identical		research/paper-v2/generations/r5-2026-10-08/raw/r5-stdout.tgz!runs/r5-validation/stdout/r5v-e4-p2-s17-fix-r18.log	
/workspace/reports/atm-v2-harness/runs/r5-validation/stdout/r5v-e4-p2-s17-fix-r19.log	1201	2026-10-08 17:46	42300a637e911da428819dba85f92cc7f06c0999	on-main-identical		research/paper-v2/generations/r5-2026-10-08/raw/r5-stdout.tgz!runs/r5-validation/stdout/r5v-e4-p2-s17-fix-r19.log	
/workspace/reports/atm-v2-harness/runs/r5-validation/stdout/r5v-e4-p2-s17-fix-r20.log	1205	2026-10-08 17:46	f0fd853ecb95ebadd9e86fae937ffc654fff0699	on-main-identical		research/paper-v2/generations/r5-2026-10-08/raw/r5-stdout.tgz!runs/r5-validation/stdout/r5v-e4-p2-s17-fix-r20.log	
/workspace/reports/atm-v2-harness/runs/r5-validation/stdout/r5v-e4-p2-s17-fix-r21.log	1203	2026-10-08 17:46	0cda71326df8365a21a13edc609093b0d028a3c7	on-main-identical		research/paper-v2/generations/r5-2026-10-08/raw/r5-stdout.tgz!runs/r5-validation/stdout/r5v-e4-p2-s17-fix-r21.log	
/workspace/reports/atm-v2-harness/runs/r5-validation/stdout/r5v-e4-p2-s17-fix-r22.log	1204	2026-10-08 17:47	ec30f2ddbf00dfb72f80d8a3d183736f2aedeba1	on-main-identical		research/paper-v2/generations/r5-2026-10-08/raw/r5-stdout.tgz!runs/r5-validation/stdout/r5v-e4-p2-s17-fix-r22.log	
/workspace/reports/atm-v2-harness/runs/r5-validation/stdout/r5v-e4-p2-s17-fix-r23.log	1202	2026-10-08 17:47	9b3ca4e05610382d7d1f72b540b5b9452220aeff	on-main-identical		research/paper-v2/generations/r5-2026-10-08/raw/r5-stdout.tgz!runs/r5-validation/stdout/r5v-e4-p2-s17-fix-r23.log	
/workspace/reports/atm-v2-harness/runs/r5-validation/stdout/r5v-e4-p2-s17-fix-r24.log	1202	2026-10-08 17:47	2c367812a96bff5f2ccb824afab1b1e56123a552	on-main-identical		research/paper-v2/generations/r5-2026-10-08/raw/r5-stdout.tgz!runs/r5-validation/stdout/r5v-e4-p2-s17-fix-r24.log	
/workspace/reports/atm-v2-harness/runs/r5-validation/stdout/r5v-e4-p2-s17-fix-r25.log	1203	2026-10-08 17:47	8aad4abab26760e10982eff10b554256d829e1ce	on-main-identical		research/paper-v2/generations/r5-2026-10-08/raw/r5-stdout.tgz!runs/r5-validation/stdout/r5v-e4-p2-s17-fix-r25.log	
/workspace/reports/atm-v2-harness/runs/r5-validation/stdout/r5v-e4-p2-s17-fix-r26.log	1197	2026-10-08 17:47	abec94c3a978a39ee168b0bbcb2ab4c3511e3498	on-main-identical		research/paper-v2/generations/r5-2026-10-08/raw/r5-stdout.tgz!runs/r5-validation/stdout/r5v-e4-p2-s17-fix-r26.log	
/workspace/reports/atm-v2-harness/runs/r5-validation/stdout/r5v-e4-p2-s17-fix-r27.log	1202	2026-10-08 17:47	d2afd6276e89b89cca5fbcf1deabf167290f2980	on-main-identical		research/paper-v2/generations/r5-2026-10-08/raw/r5-stdout.tgz!runs/r5-validation/stdout/r5v-e4-p2-s17-fix-r27.log	
/workspace/reports/atm-v2-harness/runs/r5-validation/stdout/r5v-e4-p2-s17-fix-r28.log	1203	2026-10-08 17:47	8352d244a101616618365cd54f5b3ae3abc76b53	on-main-identical		research/paper-v2/generations/r5-2026-10-08/raw/r5-stdout.tgz!runs/r5-validation/stdout/r5v-e4-p2-s17-fix-r28.log	
/workspace/reports/atm-v2-harness/runs/r5-validation/stdout/r5v-e4-p2-s17-fix-r29.log	1202	2026-10-08 17:48	a94991f85ebeb5572a9835e60a2a850bcce23bd4	on-main-identical		research/paper-v2/generations/r5-2026-10-08/raw/r5-stdout.tgz!runs/r5-validation/stdout/r5v-e4-p2-s17-fix-r29.log	
/workspace/reports/atm-v2-harness/runs/r5-validation/stdout/r5v-e4-p2-s17-fix-r30.log	1204	2026-10-08 17:48	b928e9bd69234c9c290e15e3f37930c4f764e730	on-main-identical		research/paper-v2/generations/r5-2026-10-08/raw/r5-stdout.tgz!runs/r5-validation/stdout/r5v-e4-p2-s17-fix-r30.log	
/workspace/reports/atm-v2-harness/runs/r5-validation/stdout/r5v-e4-p2-s17-g-fix-r1.log	1205	2026-10-08 17:48	17b4f5fb37bd2be5202aa52021888ffbd4e2ba2e	on-main-identical		research/paper-v2/generations/r5-2026-10-08/raw/r5-stdout.tgz!runs/r5-validation/stdout/r5v-e4-p2-s17-g-fix-r1.log	
/workspace/reports/atm-v2-harness/runs/r5-validation/stdout/r5v-e4-p2-s17-g-fix-r2.log	1207	2026-10-08 17:49	55a60fc30333fb276feb540cb1246eaa1683963b	on-main-identical		research/paper-v2/generations/r5-2026-10-08/raw/r5-stdout.tgz!runs/r5-validation/stdout/r5v-e4-p2-s17-g-fix-r2.log	
/workspace/reports/atm-v2-harness/runs/r5-validation/stdout/r5v-e4-p2-s17-g-fix-r3.log	1206	2026-10-08 17:49	0addbc8679280fc206136f23d8e288c85b227220	on-main-identical		research/paper-v2/generations/r5-2026-10-08/raw/r5-stdout.tgz!runs/r5-validation/stdout/r5v-e4-p2-s17-g-fix-r3.log	
/workspace/reports/atm-v2-harness/runs/r5-validation/stdout/r5v-e4-p2-s17-g-fix-r4.log	1207	2026-10-08 17:49	722258a9d48fddb117710cdf3c89249c545f77f6	on-main-identical		research/paper-v2/generations/r5-2026-10-08/raw/r5-stdout.tgz!runs/r5-validation/stdout/r5v-e4-p2-s17-g-fix-r4.log	
/workspace/reports/atm-v2-harness/runs/r5-validation/stdout/r5v-e4-p2-s17-g-fix-r5.log	1196	2026-10-08 17:49	2c9cb7229c4bececb02fcb00e2fc3a31d810e055	on-main-identical		research/paper-v2/generations/r5-2026-10-08/raw/r5-stdout.tgz!runs/r5-validation/stdout/r5v-e4-p2-s17-g-fix-r5.log	
/workspace/reports/atm-v2-harness/runs/r5-validation/stdout/r5v-e4-p2-s17-g-nq-r1.log	1202	2026-10-08 17:49	0df9b9d8943401c57533acc5c9da60f3f9e592b6	on-main-identical		research/paper-v2/generations/r5-2026-10-08/raw/r5-stdout.tgz!runs/r5-validation/stdout/r5v-e4-p2-s17-g-nq-r1.log	
/workspace/reports/atm-v2-harness/runs/r5-validation/stdout/r5v-e4-p2-s17-g-nq-r2.log	1202	2026-10-08 17:49	dc63a2bd5e9f006f0f29dc29ab63f896c1bb899e	on-main-identical		research/paper-v2/generations/r5-2026-10-08/raw/r5-stdout.tgz!runs/r5-validation/stdout/r5v-e4-p2-s17-g-nq-r2.log	
/workspace/reports/atm-v2-harness/runs/r5-validation/stdout/r5v-e4-p2-s17-g-nq-r3.log	1200	2026-10-08 17:49	0dc90a951e9646056e8d0b52ba048ad0104d9152	on-main-identical		research/paper-v2/generations/r5-2026-10-08/raw/r5-stdout.tgz!runs/r5-validation/stdout/r5v-e4-p2-s17-g-nq-r3.log	
/workspace/reports/atm-v2-harness/runs/r5-validation/stdout/r5v-e4-p2-s17-g-nq-r4.log	1202	2026-10-08 17:49	ef4f9a05b51947bc8e3c6df6d821dd454d941330	on-main-identical		research/paper-v2/generations/r5-2026-10-08/raw/r5-stdout.tgz!runs/r5-validation/stdout/r5v-e4-p2-s17-g-nq-r4.log	
/workspace/reports/atm-v2-harness/runs/r5-validation/stdout/r5v-e4-p2-s17-g-nq-r5.log	1202	2026-10-08 17:49	91f6e44bcf5e74120166270c83f5a95b510e8edd	on-main-identical		research/paper-v2/generations/r5-2026-10-08/raw/r5-stdout.tgz!runs/r5-validation/stdout/r5v-e4-p2-s17-g-nq-r5.log	
/workspace/reports/atm-v2-harness/runs/r5-validation/stdout/r5v-e4-p2-s17-g-nqr0-r1.log	1212	2026-10-08 18:27	9fed13e20dbf45780f25afa88f57f1c79dd7a385	on-main-identical		research/paper-v2/generations/r5-2026-10-08/raw/r5-stdout.tgz!runs/r5-validation/stdout/r5v-e4-p2-s17-g-nqr0-r1.log	
/workspace/reports/atm-v2-harness/runs/r5-validation/stdout/r5v-e4-p2-s17-g-nqr0-r2.log	1210	2026-10-08 18:27	9746f9836c92219ebe556c389240c6cc7293fb0f	on-main-identical		research/paper-v2/generations/r5-2026-10-08/raw/r5-stdout.tgz!runs/r5-validation/stdout/r5v-e4-p2-s17-g-nqr0-r2.log	
/workspace/reports/atm-v2-harness/runs/r5-validation/stdout/r5v-e4-p2-s17-g-nqr0-r3.log	1210	2026-10-08 18:27	238e80531b5188c54a8b91a7c7ad3800661d6d96	on-main-identical		research/paper-v2/generations/r5-2026-10-08/raw/r5-stdout.tgz!runs/r5-validation/stdout/r5v-e4-p2-s17-g-nqr0-r3.log	
/workspace/reports/atm-v2-harness/runs/r5-validation/stdout/r5v-e4-p2-s17-g-nqr0-r4.log	1211	2026-10-08 18:27	94c81b4decd58fcdc4529cbb0395b5c3e7e56463	on-main-identical		research/paper-v2/generations/r5-2026-10-08/raw/r5-stdout.tgz!runs/r5-validation/stdout/r5v-e4-p2-s17-g-nqr0-r4.log	
/workspace/reports/atm-v2-harness/runs/r5-validation/stdout/r5v-e4-p2-s17-g-nqr0-r5.log	1210	2026-10-08 18:27	17c1e267862fa18e463775f4c0e65eace64643d6	on-main-identical		research/paper-v2/generations/r5-2026-10-08/raw/r5-stdout.tgz!runs/r5-validation/stdout/r5v-e4-p2-s17-g-nqr0-r5.log	
/workspace/reports/atm-v2-harness/runs/r5-validation/stdout/r5v-e4-p2-s17-g-nqr1-r1.log	1209	2026-10-08 18:27	37a08d4ede168e57b1c15ef76b140a6dfa921e0f	on-main-identical		research/paper-v2/generations/r5-2026-10-08/raw/r5-stdout.tgz!runs/r5-validation/stdout/r5v-e4-p2-s17-g-nqr1-r1.log	
/workspace/reports/atm-v2-harness/runs/r5-validation/stdout/r5v-e4-p2-s17-g-nqr1-r2.log	1210	2026-10-08 18:27	8514a649fe6f6677ce7f08da608bb6d98202343c	on-main-identical		research/paper-v2/generations/r5-2026-10-08/raw/r5-stdout.tgz!runs/r5-validation/stdout/r5v-e4-p2-s17-g-nqr1-r2.log	
/workspace/reports/atm-v2-harness/runs/r5-validation/stdout/r5v-e4-p2-s17-g-nqr1-r3.log	1211	2026-10-08 18:27	438548f21c8fc5534fe879efd6c80213989f029f	on-main-identical		research/paper-v2/generations/r5-2026-10-08/raw/r5-stdout.tgz!runs/r5-validation/stdout/r5v-e4-p2-s17-g-nqr1-r3.log	
/workspace/reports/atm-v2-harness/runs/r5-validation/stdout/r5v-e4-p2-s17-g-nqr1-r4.log	1209	2026-10-08 18:27	f811de1258c66fcd4e4dc88823c2514119b4e0a5	on-main-identical		research/paper-v2/generations/r5-2026-10-08/raw/r5-stdout.tgz!runs/r5-validation/stdout/r5v-e4-p2-s17-g-nqr1-r4.log	
/workspace/reports/atm-v2-harness/runs/r5-validation/stdout/r5v-e4-p2-s17-g-nqr1-r5.log	1212	2026-10-08 18:27	089a1fc5953b72d16893fbe85bb4220c80561442	on-main-identical		research/paper-v2/generations/r5-2026-10-08/raw/r5-stdout.tgz!runs/r5-validation/stdout/r5v-e4-p2-s17-g-nqr1-r5.log	
/workspace/reports/atm-v2-harness/runs/r5-validation/stdout/r5v-e4-p2-s17-g-nqref-r1.log	1215	2026-10-08 18:27	427c30512b8a7358394c0e6039571f5299cdf68e	on-main-identical		research/paper-v2/generations/r5-2026-10-08/raw/r5-stdout.tgz!runs/r5-validation/stdout/r5v-e4-p2-s17-g-nqref-r1.log	
/workspace/reports/atm-v2-harness/runs/r5-validation/stdout/r5v-e4-p2-s17-g-nqref-r2.log	1215	2026-10-08 18:27	a2b18939d15ba8634e779dcc140a721049a5565b	on-main-identical		research/paper-v2/generations/r5-2026-10-08/raw/r5-stdout.tgz!runs/r5-validation/stdout/r5v-e4-p2-s17-g-nqref-r2.log	
/workspace/reports/atm-v2-harness/runs/r5-validation/stdout/r5v-e4-p2-s17-g-nqref-r3.log	1213	2026-10-08 18:27	57a215738d83db7d8693ea8c09776808f644548a	on-main-identical		research/paper-v2/generations/r5-2026-10-08/raw/r5-stdout.tgz!runs/r5-validation/stdout/r5v-e4-p2-s17-g-nqref-r3.log	
/workspace/reports/atm-v2-harness/runs/r5-validation/stdout/r5v-e4-p2-s17-g-nqref-r4.log	1214	2026-10-08 18:27	6deb0a4d914513181a65d97a465c1ad12fd86831	on-main-identical		research/paper-v2/generations/r5-2026-10-08/raw/r5-stdout.tgz!runs/r5-validation/stdout/r5v-e4-p2-s17-g-nqref-r4.log	
/workspace/reports/atm-v2-harness/runs/r5-validation/stdout/r5v-e4-p2-s17-g-nqref-r5.log	1212	2026-10-08 18:27	aded6019012224c860c4b407531d625ff5032c36	on-main-identical		research/paper-v2/generations/r5-2026-10-08/raw/r5-stdout.tgz!runs/r5-validation/stdout/r5v-e4-p2-s17-g-nqref-r5.log	
/workspace/reports/atm-v2-harness/runs/r5-validation/stdout/r5v-e4-p2-s17-g-old-r1.log	1207	2026-10-08 17:48	b9ac4c56aa66095eaee5df5741d556b385bae08c	on-main-identical		research/paper-v2/generations/r5-2026-10-08/raw/r5-stdout.tgz!runs/r5-validation/stdout/r5v-e4-p2-s17-g-old-r1.log	
/workspace/reports/atm-v2-harness/runs/r5-validation/stdout/r5v-e4-p2-s17-g-old-r2.log	1206	2026-10-08 17:49	b0fe9214c8993219fcc854e7ed6c4a2fd3bb89b1	on-main-identical		research/paper-v2/generations/r5-2026-10-08/raw/r5-stdout.tgz!runs/r5-validation/stdout/r5v-e4-p2-s17-g-old-r2.log	
/workspace/reports/atm-v2-harness/runs/r5-validation/stdout/r5v-e4-p2-s17-g-old-r3.log	1206	2026-10-08 17:49	eb7900d4ff1e4e3400b53a80d819d94dce18de14	on-main-identical		research/paper-v2/generations/r5-2026-10-08/raw/r5-stdout.tgz!runs/r5-validation/stdout/r5v-e4-p2-s17-g-old-r3.log	
/workspace/reports/atm-v2-harness/runs/r5-validation/stdout/r5v-e4-p2-s17-g-old-r4.log	1206	2026-10-08 17:49	33c466c189cb3325023adad32f17126134525a7a	on-main-identical		research/paper-v2/generations/r5-2026-10-08/raw/r5-stdout.tgz!runs/r5-validation/stdout/r5v-e4-p2-s17-g-old-r4.log	
/workspace/reports/atm-v2-harness/runs/r5-validation/stdout/r5v-e4-p2-s17-g-old-r5.log	1205	2026-10-08 17:49	a3ea2a9d2f9d934372be910a67635e6ef059cf63	on-main-identical		research/paper-v2/generations/r5-2026-10-08/raw/r5-stdout.tgz!runs/r5-validation/stdout/r5v-e4-p2-s17-g-old-r5.log	
/workspace/reports/atm-v2-harness/runs/r5-validation/stdout/r5v-e4-p2-s17-g-opt-r1.log	1206	2026-10-08 17:48	6ed6e1a8afdfb9cc36969db06432456760995a18	on-main-identical		research/paper-v2/generations/r5-2026-10-08/raw/r5-stdout.tgz!runs/r5-validation/stdout/r5v-e4-p2-s17-g-opt-r1.log	
/workspace/reports/atm-v2-harness/runs/r5-validation/stdout/r5v-e4-p2-s17-g-opt-r2.log	1207	2026-10-08 17:49	d8ed1e103ef9669b716ac58d5cc51ff297f551af	on-main-identical		research/paper-v2/generations/r5-2026-10-08/raw/r5-stdout.tgz!runs/r5-validation/stdout/r5v-e4-p2-s17-g-opt-r2.log	
/workspace/reports/atm-v2-harness/runs/r5-validation/stdout/r5v-e4-p2-s17-g-opt-r3.log	1205	2026-10-08 17:49	dc91dd36538f4b9e4a23271671f458edd87a0d0b	on-main-identical		research/paper-v2/generations/r5-2026-10-08/raw/r5-stdout.tgz!runs/r5-validation/stdout/r5v-e4-p2-s17-g-opt-r3.log	
/workspace/reports/atm-v2-harness/runs/r5-validation/stdout/r5v-e4-p2-s17-g-opt-r4.log	1206	2026-10-08 17:49	6fde7fdc1d0b52aa82a44bcb6802f8bb1e5a4097	on-main-identical		research/paper-v2/generations/r5-2026-10-08/raw/r5-stdout.tgz!runs/r5-validation/stdout/r5v-e4-p2-s17-g-opt-r4.log	
/workspace/reports/atm-v2-harness/runs/r5-validation/stdout/r5v-e4-p2-s17-g-opt-r5.log	1207	2026-10-08 17:49	ba38d0d511cebe7f18be7ab04bfbf1dadf5d3f95	on-main-identical		research/paper-v2/generations/r5-2026-10-08/raw/r5-stdout.tgz!runs/r5-validation/stdout/r5v-e4-p2-s17-g-opt-r5.log	
/workspace/reports/atm-v2-harness/runs/r5-validation/stdout/r5v-e4-p2-s17-g-q-r1.log	1198	2026-10-08 17:48	13f330e71c9d38a3ac70954252fefbc6d22a8a95	on-main-identical		research/paper-v2/generations/r5-2026-10-08/raw/r5-stdout.tgz!runs/r5-validation/stdout/r5v-e4-p2-s17-g-q-r1.log	
/workspace/reports/atm-v2-harness/runs/r5-validation/stdout/r5v-e4-p2-s17-g-q-r2.log	1195	2026-10-08 17:49	33e84d0cf392b94210623573189d24035d5f664c	on-main-identical		research/paper-v2/generations/r5-2026-10-08/raw/r5-stdout.tgz!runs/r5-validation/stdout/r5v-e4-p2-s17-g-q-r2.log	
/workspace/reports/atm-v2-harness/runs/r5-validation/stdout/r5v-e4-p2-s17-g-q-r3.log	1196	2026-10-08 17:49	5cbe2c1fe5c20273dd75df1bb7438d9ad569cf0e	on-main-identical		research/paper-v2/generations/r5-2026-10-08/raw/r5-stdout.tgz!runs/r5-validation/stdout/r5v-e4-p2-s17-g-q-r3.log	
/workspace/reports/atm-v2-harness/runs/r5-validation/stdout/r5v-e4-p2-s17-g-q-r4.log	1197	2026-10-08 17:49	06f3f7d0b71b931e14505351924f2d51c042a126	on-main-identical		research/paper-v2/generations/r5-2026-10-08/raw/r5-stdout.tgz!runs/r5-validation/stdout/r5v-e4-p2-s17-g-q-r4.log	
/workspace/reports/atm-v2-harness/runs/r5-validation/stdout/r5v-e4-p2-s17-g-q-r5.log	1198	2026-10-08 17:49	bfd8f208d3306efbf6ca4ac7e8b923194f45f033	on-main-identical		research/paper-v2/generations/r5-2026-10-08/raw/r5-stdout.tgz!runs/r5-validation/stdout/r5v-e4-p2-s17-g-q-r5.log	
/workspace/reports/atm-v2-harness/runs/r5-validation/stdout/r5v-e4-p2-s17-g-qr0-r1.log	1206	2026-10-08 17:49	20ec4c40096ab6bf269a0d9c8fbae3cfaea7713e	on-main-identical		research/paper-v2/generations/r5-2026-10-08/raw/r5-stdout.tgz!runs/r5-validation/stdout/r5v-e4-p2-s17-g-qr0-r1.log	
/workspace/reports/atm-v2-harness/runs/r5-validation/stdout/r5v-e4-p2-s17-g-qr0-r2.log	1203	2026-10-08 17:49	360310ecc44e6d60f1e3a1d330a74f7e0e74e6ec	on-main-identical		research/paper-v2/generations/r5-2026-10-08/raw/r5-stdout.tgz!runs/r5-validation/stdout/r5v-e4-p2-s17-g-qr0-r2.log	
/workspace/reports/atm-v2-harness/runs/r5-validation/stdout/r5v-e4-p2-s17-g-qr0-r3.log	1208	2026-10-08 17:49	e8bb6a678e0c3120cb9bc92f01adffb7c6324749	on-main-identical		research/paper-v2/generations/r5-2026-10-08/raw/r5-stdout.tgz!runs/r5-validation/stdout/r5v-e4-p2-s17-g-qr0-r3.log	
/workspace/reports/atm-v2-harness/runs/r5-validation/stdout/r5v-e4-p2-s17-g-qr0-r4.log	1205	2026-10-08 17:49	7e65be94a3091e68c009bae815d7d7c3cff1541b	on-main-identical		research/paper-v2/generations/r5-2026-10-08/raw/r5-stdout.tgz!runs/r5-validation/stdout/r5v-e4-p2-s17-g-qr0-r4.log	
/workspace/reports/atm-v2-harness/runs/r5-validation/stdout/r5v-e4-p2-s17-g-qr0-r5.log	1206	2026-10-08 17:49	a81342832f4d11bb8d7c0168d44131cca8940ca5	on-main-identical		research/paper-v2/generations/r5-2026-10-08/raw/r5-stdout.tgz!runs/r5-validation/stdout/r5v-e4-p2-s17-g-qr0-r5.log	
/workspace/reports/atm-v2-harness/runs/r5-validation/stdout/r5v-e4-p2-s17-g-qr1-r1.log	1208	2026-10-08 17:49	2f96f05e3e7e7ec233cc7554c9414444b5624550	on-main-identical		research/paper-v2/generations/r5-2026-10-08/raw/r5-stdout.tgz!runs/r5-validation/stdout/r5v-e4-p2-s17-g-qr1-r1.log	
/workspace/reports/atm-v2-harness/runs/r5-validation/stdout/r5v-e4-p2-s17-g-qr1-r2.log	1204	2026-10-08 17:49	d65caf32c520913ab82866344041b7855067f5aa	on-main-identical		research/paper-v2/generations/r5-2026-10-08/raw/r5-stdout.tgz!runs/r5-validation/stdout/r5v-e4-p2-s17-g-qr1-r2.log	
/workspace/reports/atm-v2-harness/runs/r5-validation/stdout/r5v-e4-p2-s17-g-qr1-r3.log	1202	2026-10-08 17:49	75781448c61cc4cf8d30132225d5969814dddd72	on-main-identical		research/paper-v2/generations/r5-2026-10-08/raw/r5-stdout.tgz!runs/r5-validation/stdout/r5v-e4-p2-s17-g-qr1-r3.log	
/workspace/reports/atm-v2-harness/runs/r5-validation/stdout/r5v-e4-p2-s17-g-qr1-r4.log	1205	2026-10-08 17:49	68419c23072388f0683e7fe294dc17e1d2a84efd	on-main-identical		research/paper-v2/generations/r5-2026-10-08/raw/r5-stdout.tgz!runs/r5-validation/stdout/r5v-e4-p2-s17-g-qr1-r4.log	
/workspace/reports/atm-v2-harness/runs/r5-validation/stdout/r5v-e4-p2-s17-g-qr1-r5.log	1208	2026-10-08 17:49	6ed2273e5ecc8951122744802f0f4ea8ea97967e	on-main-identical		research/paper-v2/generations/r5-2026-10-08/raw/r5-stdout.tgz!runs/r5-validation/stdout/r5v-e4-p2-s17-g-qr1-r5.log	
/workspace/reports/atm-v2-harness/runs/r5-validation/stdout/r5v-e4-p2-s17-nq-r01.log	1199	2026-10-08 17:44	b55c19924f44ff4516663e6da2dfd87b95ee046c	on-main-identical		research/paper-v2/generations/r5-2026-10-08/raw/r5-stdout.tgz!runs/r5-validation/stdout/r5v-e4-p2-s17-nq-r01.log	
/workspace/reports/atm-v2-harness/runs/r5-validation/stdout/r5v-e4-p2-s17-nq-r02.log	1200	2026-10-08 17:44	50d796c536b5be5bd0693f1c52356169b6006f68	on-main-identical		research/paper-v2/generations/r5-2026-10-08/raw/r5-stdout.tgz!runs/r5-validation/stdout/r5v-e4-p2-s17-nq-r02.log	
/workspace/reports/atm-v2-harness/runs/r5-validation/stdout/r5v-e4-p2-s17-nq-r03.log	1198	2026-10-08 17:44	5a2126aa8a266793c343f1a20e8c8480389a1be3	on-main-identical		research/paper-v2/generations/r5-2026-10-08/raw/r5-stdout.tgz!runs/r5-validation/stdout/r5v-e4-p2-s17-nq-r03.log	
/workspace/reports/atm-v2-harness/runs/r5-validation/stdout/r5v-e4-p2-s17-nq-r04.log	1196	2026-10-08 17:44	3e7d8b49224f6e96a9059064709b820ab157891e	on-main-identical		research/paper-v2/generations/r5-2026-10-08/raw/r5-stdout.tgz!runs/r5-validation/stdout/r5v-e4-p2-s17-nq-r04.log	
/workspace/reports/atm-v2-harness/runs/r5-validation/stdout/r5v-e4-p2-s17-nq-r05.log	1200	2026-10-08 17:44	a088850df1a1af7b6ea9ed37534da980d98bf711	on-main-identical		research/paper-v2/generations/r5-2026-10-08/raw/r5-stdout.tgz!runs/r5-validation/stdout/r5v-e4-p2-s17-nq-r05.log	
/workspace/reports/atm-v2-harness/runs/r5-validation/stdout/r5v-e4-p2-s17-nq-r06.log	1201	2026-10-08 17:44	ac388b39ab2ef57aaa1db3eade71d580b2668c0f	on-main-identical		research/paper-v2/generations/r5-2026-10-08/raw/r5-stdout.tgz!runs/r5-validation/stdout/r5v-e4-p2-s17-nq-r06.log	
/workspace/reports/atm-v2-harness/runs/r5-validation/stdout/r5v-e4-p2-s17-nq-r07.log	1201	2026-10-08 17:45	3ce9eb6456ea10569d07626af8d5fdf502e18d9a	on-main-identical		research/paper-v2/generations/r5-2026-10-08/raw/r5-stdout.tgz!runs/r5-validation/stdout/r5v-e4-p2-s17-nq-r07.log	
/workspace/reports/atm-v2-harness/runs/r5-validation/stdout/r5v-e4-p2-s17-nq-r08.log	1200	2026-10-08 17:45	cb234117dfcdae37e45a1fe4d22947aec668f5c7	on-main-identical		research/paper-v2/generations/r5-2026-10-08/raw/r5-stdout.tgz!runs/r5-validation/stdout/r5v-e4-p2-s17-nq-r08.log	
/workspace/reports/atm-v2-harness/runs/r5-validation/stdout/r5v-e4-p2-s17-nq-r09.log	1199	2026-10-08 17:45	14a82f4fc734a2a217e19b811fae136617f0543b	on-main-identical		research/paper-v2/generations/r5-2026-10-08/raw/r5-stdout.tgz!runs/r5-validation/stdout/r5v-e4-p2-s17-nq-r09.log	
/workspace/reports/atm-v2-harness/runs/r5-validation/stdout/r5v-e4-p2-s17-nq-r10.log	1199	2026-10-08 17:45	1113b2453b8428c6123779c56b3b02f04c38afc7	on-main-identical		research/paper-v2/generations/r5-2026-10-08/raw/r5-stdout.tgz!runs/r5-validation/stdout/r5v-e4-p2-s17-nq-r10.log	
/workspace/reports/atm-v2-harness/runs/r5-validation/stdout/r5v-e4-p2-s17-nq-r11.log	1193	2026-10-08 17:45	5dcc6e52e1e6ffc8290ad42fc1e60b888918052d	on-main-identical		research/paper-v2/generations/r5-2026-10-08/raw/r5-stdout.tgz!runs/r5-validation/stdout/r5v-e4-p2-s17-nq-r11.log	
/workspace/reports/atm-v2-harness/runs/r5-validation/stdout/r5v-e4-p2-s17-nq-r12.log	1200	2026-10-08 17:45	9ac7a7cf216ed64f43c69617b4f889e6a0be43d3	on-main-identical		research/paper-v2/generations/r5-2026-10-08/raw/r5-stdout.tgz!runs/r5-validation/stdout/r5v-e4-p2-s17-nq-r12.log	
/workspace/reports/atm-v2-harness/runs/r5-validation/stdout/r5v-e4-p2-s17-nq-r13.log	1199	2026-10-08 17:45	0bfea8c50818f67be7a8ec5ebf16e095c587ebe9	on-main-identical		research/paper-v2/generations/r5-2026-10-08/raw/r5-stdout.tgz!runs/r5-validation/stdout/r5v-e4-p2-s17-nq-r13.log	
/workspace/reports/atm-v2-harness/runs/r5-validation/stdout/r5v-e4-p2-s17-nq-r14.log	1198	2026-10-08 17:46	bd8de1dec26e4dc7b35560a16bbcc2b85b5c5beb	on-main-identical		research/paper-v2/generations/r5-2026-10-08/raw/r5-stdout.tgz!runs/r5-validation/stdout/r5v-e4-p2-s17-nq-r14.log	
/workspace/reports/atm-v2-harness/runs/r5-validation/stdout/r5v-e4-p2-s17-nq-r15.log	1199	2026-10-08 17:46	19de506f2856e7bdd04406dc83bdf31f37c74196	on-main-identical		research/paper-v2/generations/r5-2026-10-08/raw/r5-stdout.tgz!runs/r5-validation/stdout/r5v-e4-p2-s17-nq-r15.log	
/workspace/reports/atm-v2-harness/runs/r5-validation/stdout/r5v-e4-p2-s17-nq-r16.log	1198	2026-10-08 17:46	c52e05c18f3a020854bd6c8773d3b580b956f5db	on-main-identical		research/paper-v2/generations/r5-2026-10-08/raw/r5-stdout.tgz!runs/r5-validation/stdout/r5v-e4-p2-s17-nq-r16.log	
/workspace/reports/atm-v2-harness/runs/r5-validation/stdout/r5v-e4-p2-s17-nq-r17.log	1197	2026-10-08 17:46	32eeea5f11e35014488fd11a0190673ed39bb5e1	on-main-identical		research/paper-v2/generations/r5-2026-10-08/raw/r5-stdout.tgz!runs/r5-validation/stdout/r5v-e4-p2-s17-nq-r17.log	
/workspace/reports/atm-v2-harness/runs/r5-validation/stdout/r5v-e4-p2-s17-nq-r18.log	1199	2026-10-08 17:46	719fde5286d624eb4aae6da7f50821bf6f156eb3	on-main-identical		research/paper-v2/generations/r5-2026-10-08/raw/r5-stdout.tgz!runs/r5-validation/stdout/r5v-e4-p2-s17-nq-r18.log	
/workspace/reports/atm-v2-harness/runs/r5-validation/stdout/r5v-e4-p2-s17-nq-r19.log	1199	2026-10-08 17:46	7839ebd826cd0286720df2cad6bb7e6c4d14a8d7	on-main-identical		research/paper-v2/generations/r5-2026-10-08/raw/r5-stdout.tgz!runs/r5-validation/stdout/r5v-e4-p2-s17-nq-r19.log	
/workspace/reports/atm-v2-harness/runs/r5-validation/stdout/r5v-e4-p2-s17-nq-r20.log	1197	2026-10-08 17:46	46dfe70f90a633a3871f16b10b3cfaf14a513036	on-main-identical		research/paper-v2/generations/r5-2026-10-08/raw/r5-stdout.tgz!runs/r5-validation/stdout/r5v-e4-p2-s17-nq-r20.log	
/workspace/reports/atm-v2-harness/runs/r5-validation/stdout/r5v-e4-p2-s17-nq-r21.log	1201	2026-10-08 17:47	10237b0d5b89f1099cfeac1e1fb91305e867f34e	on-main-identical		research/paper-v2/generations/r5-2026-10-08/raw/r5-stdout.tgz!runs/r5-validation/stdout/r5v-e4-p2-s17-nq-r21.log	
/workspace/reports/atm-v2-harness/runs/r5-validation/stdout/r5v-e4-p2-s17-nq-r22.log	1197	2026-10-08 17:47	4c2effb98e1b7a22794d385be074182a2cf77a9d	on-main-identical		research/paper-v2/generations/r5-2026-10-08/raw/r5-stdout.tgz!runs/r5-validation/stdout/r5v-e4-p2-s17-nq-r22.log	
/workspace/reports/atm-v2-harness/runs/r5-validation/stdout/r5v-e4-p2-s17-nq-r23.log	1200	2026-10-08 17:47	a21d240ecdd4b3d4a4aeff460427117823ddee67	on-main-identical		research/paper-v2/generations/r5-2026-10-08/raw/r5-stdout.tgz!runs/r5-validation/stdout/r5v-e4-p2-s17-nq-r23.log	
/workspace/reports/atm-v2-harness/runs/r5-validation/stdout/r5v-e4-p2-s17-nq-r24.log	1197	2026-10-08 17:47	d8b56d58d99f441c12cfec869ee784601088181f	on-main-identical		research/paper-v2/generations/r5-2026-10-08/raw/r5-stdout.tgz!runs/r5-validation/stdout/r5v-e4-p2-s17-nq-r24.log	
/workspace/reports/atm-v2-harness/runs/r5-validation/stdout/r5v-e4-p2-s17-nq-r25.log	1199	2026-10-08 17:47	c2b37a71263fca1e46f2d14aadf2d9aacc99bfcf	on-main-identical		research/paper-v2/generations/r5-2026-10-08/raw/r5-stdout.tgz!runs/r5-validation/stdout/r5v-e4-p2-s17-nq-r25.log	
/workspace/reports/atm-v2-harness/runs/r5-validation/stdout/r5v-e4-p2-s17-nq-r26.log	1195	2026-10-08 17:47	fe1a8e63186931f19bd984b96bbecddd93081107	on-main-identical		research/paper-v2/generations/r5-2026-10-08/raw/r5-stdout.tgz!runs/r5-validation/stdout/r5v-e4-p2-s17-nq-r26.log	
/workspace/reports/atm-v2-harness/runs/r5-validation/stdout/r5v-e4-p2-s17-nq-r27.log	1199	2026-10-08 17:47	92c5a549793de4c44a41c33c2369e0096b6da25d	on-main-identical		research/paper-v2/generations/r5-2026-10-08/raw/r5-stdout.tgz!runs/r5-validation/stdout/r5v-e4-p2-s17-nq-r27.log	
/workspace/reports/atm-v2-harness/runs/r5-validation/stdout/r5v-e4-p2-s17-nq-r28.log	1200	2026-10-08 17:48	6031983836ec70ae2e9ce16920cf6196e5c8dc87	on-main-identical		research/paper-v2/generations/r5-2026-10-08/raw/r5-stdout.tgz!runs/r5-validation/stdout/r5v-e4-p2-s17-nq-r28.log	
/workspace/reports/atm-v2-harness/runs/r5-validation/stdout/r5v-e4-p2-s17-nq-r29.log	1200	2026-10-08 17:48	5781bc88557d66f8768c47a609ec7ed8e07d6d24	on-main-identical		research/paper-v2/generations/r5-2026-10-08/raw/r5-stdout.tgz!runs/r5-validation/stdout/r5v-e4-p2-s17-nq-r29.log	
/workspace/reports/atm-v2-harness/runs/r5-validation/stdout/r5v-e4-p2-s17-nq-r30.log	1198	2026-10-08 17:48	90659f6248782abef5b17cff4aa75f09ede84f50	on-main-identical		research/paper-v2/generations/r5-2026-10-08/raw/r5-stdout.tgz!runs/r5-validation/stdout/r5v-e4-p2-s17-nq-r30.log	
/workspace/reports/atm-v2-harness/runs/r5-validation/stdout/r5v-e4-p2-s17-nqr0-r01.log	1204	2026-10-08 18:25	afb16150874e912676345b51062b00bab365b023	on-main-identical		research/paper-v2/generations/r5-2026-10-08/raw/r5-stdout.tgz!runs/r5-validation/stdout/r5v-e4-p2-s17-nqr0-r01.log	
/workspace/reports/atm-v2-harness/runs/r5-validation/stdout/r5v-e4-p2-s17-nqr0-r02.log	1209	2026-10-08 18:25	b50eab312208e04746e589f3e8a756c2fe4144f4	on-main-identical		research/paper-v2/generations/r5-2026-10-08/raw/r5-stdout.tgz!runs/r5-validation/stdout/r5v-e4-p2-s17-nqr0-r02.log	
/workspace/reports/atm-v2-harness/runs/r5-validation/stdout/r5v-e4-p2-s17-nqr0-r03.log	1205	2026-10-08 18:25	d3c73f723b346dea354576f44e46003f326158a8	on-main-identical		research/paper-v2/generations/r5-2026-10-08/raw/r5-stdout.tgz!runs/r5-validation/stdout/r5v-e4-p2-s17-nqr0-r03.log	
/workspace/reports/atm-v2-harness/runs/r5-validation/stdout/r5v-e4-p2-s17-nqr0-r04.log	1206	2026-10-08 18:25	b3185c596c1345437193330ff17fcc18b47a5a90	on-main-identical		research/paper-v2/generations/r5-2026-10-08/raw/r5-stdout.tgz!runs/r5-validation/stdout/r5v-e4-p2-s17-nqr0-r04.log	
/workspace/reports/atm-v2-harness/runs/r5-validation/stdout/r5v-e4-p2-s17-nqr0-r05.log	1207	2026-10-08 18:25	44a0a4294fa1c33915dfce7d41313695d54c5cb2	on-main-identical		research/paper-v2/generations/r5-2026-10-08/raw/r5-stdout.tgz!runs/r5-validation/stdout/r5v-e4-p2-s17-nqr0-r05.log	
/workspace/reports/atm-v2-harness/runs/r5-validation/stdout/r5v-e4-p2-s17-nqr0-r06.log	1207	2026-10-08 18:25	1d27d04a7159063254e51c8d5f3e6ec3ff3fe54f	on-main-identical		research/paper-v2/generations/r5-2026-10-08/raw/r5-stdout.tgz!runs/r5-validation/stdout/r5v-e4-p2-s17-nqr0-r06.log	
/workspace/reports/atm-v2-harness/runs/r5-validation/stdout/r5v-e4-p2-s17-nqr0-r07.log	1206	2026-10-08 18:25	e5c852783be259c8e7fa564b296d87bdd9678d7b	on-main-identical		research/paper-v2/generations/r5-2026-10-08/raw/r5-stdout.tgz!runs/r5-validation/stdout/r5v-e4-p2-s17-nqr0-r07.log	
/workspace/reports/atm-v2-harness/runs/r5-validation/stdout/r5v-e4-p2-s17-nqr0-r08.log	1205	2026-10-08 18:25	a52c552f671c6fbce2917cb7e2c2a83dae1ba12b	on-main-identical		research/paper-v2/generations/r5-2026-10-08/raw/r5-stdout.tgz!runs/r5-validation/stdout/r5v-e4-p2-s17-nqr0-r08.log	
/workspace/reports/atm-v2-harness/runs/r5-validation/stdout/r5v-e4-p2-s17-nqr0-r09.log	1208	2026-10-08 18:25	bf34a465d0580ec3a5f02bfd5597c02d59a7eea5	on-main-identical		research/paper-v2/generations/r5-2026-10-08/raw/r5-stdout.tgz!runs/r5-validation/stdout/r5v-e4-p2-s17-nqr0-r09.log	
/workspace/reports/atm-v2-harness/runs/r5-validation/stdout/r5v-e4-p2-s17-nqr0-r10.log	1206	2026-10-08 18:25	a67e208632e87a5ee0c16c92da9a0279447512cd	on-main-identical		research/paper-v2/generations/r5-2026-10-08/raw/r5-stdout.tgz!runs/r5-validation/stdout/r5v-e4-p2-s17-nqr0-r10.log	
/workspace/reports/atm-v2-harness/runs/r5-validation/stdout/r5v-e4-p2-s17-nqr0-r11.log	1205	2026-10-08 18:25	351773423adb33901dde51ef050d9cf8fe9d665f	on-main-identical		research/paper-v2/generations/r5-2026-10-08/raw/r5-stdout.tgz!runs/r5-validation/stdout/r5v-e4-p2-s17-nqr0-r11.log	
/workspace/reports/atm-v2-harness/runs/r5-validation/stdout/r5v-e4-p2-s17-nqr0-r12.log	1208	2026-10-08 18:25	7ab9de12edc4699237e0730a72495c4385e09a24	on-main-identical		research/paper-v2/generations/r5-2026-10-08/raw/r5-stdout.tgz!runs/r5-validation/stdout/r5v-e4-p2-s17-nqr0-r12.log	
/workspace/reports/atm-v2-harness/runs/r5-validation/stdout/r5v-e4-p2-s17-nqr0-r13.log	1206	2026-10-08 18:25	96984f87f0f8212ba27bcf23f8ef10bcec4948ce	on-main-identical		research/paper-v2/generations/r5-2026-10-08/raw/r5-stdout.tgz!runs/r5-validation/stdout/r5v-e4-p2-s17-nqr0-r13.log	
/workspace/reports/atm-v2-harness/runs/r5-validation/stdout/r5v-e4-p2-s17-nqr0-r14.log	1207	2026-10-08 18:25	e6b6979b860b0065372129bf78cad8a20e8a417c	on-main-identical		research/paper-v2/generations/r5-2026-10-08/raw/r5-stdout.tgz!runs/r5-validation/stdout/r5v-e4-p2-s17-nqr0-r14.log	
/workspace/reports/atm-v2-harness/runs/r5-validation/stdout/r5v-e4-p2-s17-nqr0-r15.log	1208	2026-10-08 18:25	4f863085a30224a1107c7a2096a75fdf55fc389f	on-main-identical		research/paper-v2/generations/r5-2026-10-08/raw/r5-stdout.tgz!runs/r5-validation/stdout/r5v-e4-p2-s17-nqr0-r15.log	
/workspace/reports/atm-v2-harness/runs/r5-validation/stdout/r5v-e4-p2-s17-nqr0-r16.log	1208	2026-10-08 18:25	a5076b26d6033620c25eccca28a6bb1da0dc7e8e	on-main-identical		research/paper-v2/generations/r5-2026-10-08/raw/r5-stdout.tgz!runs/r5-validation/stdout/r5v-e4-p2-s17-nqr0-r16.log	
/workspace/reports/atm-v2-harness/runs/r5-validation/stdout/r5v-e4-p2-s17-nqr0-r17.log	1206	2026-10-08 18:25	c58ed0393efdb7b9caa6826d2aef1130d55a6739	on-main-identical		research/paper-v2/generations/r5-2026-10-08/raw/r5-stdout.tgz!runs/r5-validation/stdout/r5v-e4-p2-s17-nqr0-r17.log	
/workspace/reports/atm-v2-harness/runs/r5-validation/stdout/r5v-e4-p2-s17-nqr0-r18.log	1206	2026-10-08 18:26	b9064496c740d46fe3ca7e6f312a00bf50a87da6	on-main-identical		research/paper-v2/generations/r5-2026-10-08/raw/r5-stdout.tgz!runs/r5-validation/stdout/r5v-e4-p2-s17-nqr0-r18.log	
/workspace/reports/atm-v2-harness/runs/r5-validation/stdout/r5v-e4-p2-s17-nqr0-r19.log	1208	2026-10-08 18:26	f386ffd77955efb07dd413870a746e9b7ce5fa6d	on-main-identical		research/paper-v2/generations/r5-2026-10-08/raw/r5-stdout.tgz!runs/r5-validation/stdout/r5v-e4-p2-s17-nqr0-r19.log	
/workspace/reports/atm-v2-harness/runs/r5-validation/stdout/r5v-e4-p2-s17-nqr0-r20.log	1205	2026-10-08 18:26	cfdc465b08a6179cc0764d1051f9e1dbf4457f60	on-main-identical		research/paper-v2/generations/r5-2026-10-08/raw/r5-stdout.tgz!runs/r5-validation/stdout/r5v-e4-p2-s17-nqr0-r20.log	
/workspace/reports/atm-v2-harness/runs/r5-validation/stdout/r5v-e4-p2-s17-nqr0-r21.log	1204	2026-10-08 18:26	b93bad410c32985fba3f29b52d23176a03b484d0	on-main-identical		research/paper-v2/generations/r5-2026-10-08/raw/r5-stdout.tgz!runs/r5-validation/stdout/r5v-e4-p2-s17-nqr0-r21.log	
/workspace/reports/atm-v2-harness/runs/r5-validation/stdout/r5v-e4-p2-s17-nqr0-r22.log	1206	2026-10-08 18:26	b52b8a05a225ebc1c54cf3ac2b8263d9e2660f8b	on-main-identical		research/paper-v2/generations/r5-2026-10-08/raw/r5-stdout.tgz!runs/r5-validation/stdout/r5v-e4-p2-s17-nqr0-r22.log	
/workspace/reports/atm-v2-harness/runs/r5-validation/stdout/r5v-e4-p2-s17-nqr0-r23.log	1205	2026-10-08 18:26	daa2dc028a42ca8717ec2839ec65f47e398c3e73	on-main-identical		research/paper-v2/generations/r5-2026-10-08/raw/r5-stdout.tgz!runs/r5-validation/stdout/r5v-e4-p2-s17-nqr0-r23.log	
/workspace/reports/atm-v2-harness/runs/r5-validation/stdout/r5v-e4-p2-s17-nqr0-r24.log	1207	2026-10-08 18:26	c237f69313d8feb6284c226939ddc64d436b2b90	on-main-identical		research/paper-v2/generations/r5-2026-10-08/raw/r5-stdout.tgz!runs/r5-validation/stdout/r5v-e4-p2-s17-nqr0-r24.log	
/workspace/reports/atm-v2-harness/runs/r5-validation/stdout/r5v-e4-p2-s17-nqr0-r25.log	1204	2026-10-08 18:26	07a12fef73133796c7318445b27d01f50f8762e1	on-main-identical		research/paper-v2/generations/r5-2026-10-08/raw/r5-stdout.tgz!runs/r5-validation/stdout/r5v-e4-p2-s17-nqr0-r25.log	
/workspace/reports/atm-v2-harness/runs/r5-validation/stdout/r5v-e4-p2-s17-nqr0-r26.log	1205	2026-10-08 18:26	46f1d7d39d6ec56ca659e6836cf922dceeaf9ad1	on-main-identical		research/paper-v2/generations/r5-2026-10-08/raw/r5-stdout.tgz!runs/r5-validation/stdout/r5v-e4-p2-s17-nqr0-r26.log	
/workspace/reports/atm-v2-harness/runs/r5-validation/stdout/r5v-e4-p2-s17-nqr0-r27.log	1207	2026-10-08 18:26	5c8565afba3ce554f795bb0b813f3803214544bc	on-main-identical		research/paper-v2/generations/r5-2026-10-08/raw/r5-stdout.tgz!runs/r5-validation/stdout/r5v-e4-p2-s17-nqr0-r27.log	
/workspace/reports/atm-v2-harness/runs/r5-validation/stdout/r5v-e4-p2-s17-nqr0-r28.log	1207	2026-10-08 18:26	93d2e343d71da6414ac98f2d86215156fb0b49b3	on-main-identical		research/paper-v2/generations/r5-2026-10-08/raw/r5-stdout.tgz!runs/r5-validation/stdout/r5v-e4-p2-s17-nqr0-r28.log	
/workspace/reports/atm-v2-harness/runs/r5-validation/stdout/r5v-e4-p2-s17-nqr0-r29.log	1208	2026-10-08 18:26	3ef7f518ba92ce4f6c7112e83b42fceeff4f57cf	on-main-identical		research/paper-v2/generations/r5-2026-10-08/raw/r5-stdout.tgz!runs/r5-validation/stdout/r5v-e4-p2-s17-nqr0-r29.log	
/workspace/reports/atm-v2-harness/runs/r5-validation/stdout/r5v-e4-p2-s17-nqr0-r30.log	1205	2026-10-08 18:26	eb2297e812158f41535d69958c3e86b2d9b71f6a	on-main-identical		research/paper-v2/generations/r5-2026-10-08/raw/r5-stdout.tgz!runs/r5-validation/stdout/r5v-e4-p2-s17-nqr0-r30.log	
/workspace/reports/atm-v2-harness/runs/r5-validation/stdout/r5v-e4-p2-s17-nqr1-r01.log	1209	2026-10-08 18:25	681ed420fd23c8e41b0cf9422884587339aa47d8	on-main-identical		research/paper-v2/generations/r5-2026-10-08/raw/r5-stdout.tgz!runs/r5-validation/stdout/r5v-e4-p2-s17-nqr1-r01.log	
/workspace/reports/atm-v2-harness/runs/r5-validation/stdout/r5v-e4-p2-s17-nqr1-r02.log	1213	2026-10-08 18:25	c97bc652111775b5ed73d64f2ad64a612d8dab0a	on-main-identical		research/paper-v2/generations/r5-2026-10-08/raw/r5-stdout.tgz!runs/r5-validation/stdout/r5v-e4-p2-s17-nqr1-r02.log	
/workspace/reports/atm-v2-harness/runs/r5-validation/stdout/r5v-e4-p2-s17-nqr1-r03.log	1208	2026-10-08 18:25	51eda098675fd8018fe91723a52430e586be2954	on-main-identical		research/paper-v2/generations/r5-2026-10-08/raw/r5-stdout.tgz!runs/r5-validation/stdout/r5v-e4-p2-s17-nqr1-r03.log	
/workspace/reports/atm-v2-harness/runs/r5-validation/stdout/r5v-e4-p2-s17-nqr1-r04.log	1205	2026-10-08 18:25	1a61eb92d8fe440f6b454876a553c148b5b9016c	on-main-identical		research/paper-v2/generations/r5-2026-10-08/raw/r5-stdout.tgz!runs/r5-validation/stdout/r5v-e4-p2-s17-nqr1-r04.log	
/workspace/reports/atm-v2-harness/runs/r5-validation/stdout/r5v-e4-p2-s17-nqr1-r05.log	1208	2026-10-08 18:25	cc96bc69408b05082a241aba1b32eb49f29c4720	on-main-identical		research/paper-v2/generations/r5-2026-10-08/raw/r5-stdout.tgz!runs/r5-validation/stdout/r5v-e4-p2-s17-nqr1-r05.log	
/workspace/reports/atm-v2-harness/runs/r5-validation/stdout/r5v-e4-p2-s17-nqr1-r06.log	1204	2026-10-08 18:25	91b33666f405f84b484e000c91ebc487268591c0	on-main-identical		research/paper-v2/generations/r5-2026-10-08/raw/r5-stdout.tgz!runs/r5-validation/stdout/r5v-e4-p2-s17-nqr1-r06.log	
/workspace/reports/atm-v2-harness/runs/r5-validation/stdout/r5v-e4-p2-s17-nqr1-r07.log	1207	2026-10-08 18:25	d68720e6bba3f0db5b7dc5af0e3d270a762d5731	on-main-identical		research/paper-v2/generations/r5-2026-10-08/raw/r5-stdout.tgz!runs/r5-validation/stdout/r5v-e4-p2-s17-nqr1-r07.log	
/workspace/reports/atm-v2-harness/runs/r5-validation/stdout/r5v-e4-p2-s17-nqr1-r08.log	1202	2026-10-08 18:25	df7ec29274534d6ce937950e2d2157b374e8f81b	on-main-identical		research/paper-v2/generations/r5-2026-10-08/raw/r5-stdout.tgz!runs/r5-validation/stdout/r5v-e4-p2-s17-nqr1-r08.log	
/workspace/reports/atm-v2-harness/runs/r5-validation/stdout/r5v-e4-p2-s17-nqr1-r09.log	1206	2026-10-08 18:25	ac3a773d3eafcded21e51eb6fbe86663d50291d1	on-main-identical		research/paper-v2/generations/r5-2026-10-08/raw/r5-stdout.tgz!runs/r5-validation/stdout/r5v-e4-p2-s17-nqr1-r09.log	
/workspace/reports/atm-v2-harness/runs/r5-validation/stdout/r5v-e4-p2-s17-nqr1-r10.log	1205	2026-10-08 18:25	1196d7e0540dad27150837d715c918ce52432c9c	on-main-identical		research/paper-v2/generations/r5-2026-10-08/raw/r5-stdout.tgz!runs/r5-validation/stdout/r5v-e4-p2-s17-nqr1-r10.log	
/workspace/reports/atm-v2-harness/runs/r5-validation/stdout/r5v-e4-p2-s17-nqr1-r11.log	1209	2026-10-08 18:25	1e3b925f7d4833da19a9c321576c798bbccb8737	on-main-identical		research/paper-v2/generations/r5-2026-10-08/raw/r5-stdout.tgz!runs/r5-validation/stdout/r5v-e4-p2-s17-nqr1-r11.log	
/workspace/reports/atm-v2-harness/runs/r5-validation/stdout/r5v-e4-p2-s17-nqr1-r12.log	1206	2026-10-08 18:25	3516503a04b232ed16ea8bab3c78b228f3f03389	on-main-identical		research/paper-v2/generations/r5-2026-10-08/raw/r5-stdout.tgz!runs/r5-validation/stdout/r5v-e4-p2-s17-nqr1-r12.log	
/workspace/reports/atm-v2-harness/runs/r5-validation/stdout/r5v-e4-p2-s17-nqr1-r13.log	1206	2026-10-08 18:25	d3a3ac618f4ac62676e83f973e1bec3de1ac8007	on-main-identical		research/paper-v2/generations/r5-2026-10-08/raw/r5-stdout.tgz!runs/r5-validation/stdout/r5v-e4-p2-s17-nqr1-r13.log	
/workspace/reports/atm-v2-harness/runs/r5-validation/stdout/r5v-e4-p2-s17-nqr1-r14.log	1208	2026-10-08 18:25	d9a09607ed314515d2bcc94f05087787070178df	on-main-identical		research/paper-v2/generations/r5-2026-10-08/raw/r5-stdout.tgz!runs/r5-validation/stdout/r5v-e4-p2-s17-nqr1-r14.log	
/workspace/reports/atm-v2-harness/runs/r5-validation/stdout/r5v-e4-p2-s17-nqr1-r15.log	1205	2026-10-08 18:25	df3bdcac17fd73215ad806a3dc53f1313eaf1286	on-main-identical		research/paper-v2/generations/r5-2026-10-08/raw/r5-stdout.tgz!runs/r5-validation/stdout/r5v-e4-p2-s17-nqr1-r15.log	
/workspace/reports/atm-v2-harness/runs/r5-validation/stdout/r5v-e4-p2-s17-nqr1-r16.log	1207	2026-10-08 18:25	78c7111d49fb23cd4fa9db4b535b50d7007d0b16	on-main-identical		research/paper-v2/generations/r5-2026-10-08/raw/r5-stdout.tgz!runs/r5-validation/stdout/r5v-e4-p2-s17-nqr1-r16.log	
/workspace/reports/atm-v2-harness/runs/r5-validation/stdout/r5v-e4-p2-s17-nqr1-r17.log	1206	2026-10-08 18:25	29ce8a07fa2c7d8c660352710405e37ae85aab52	on-main-identical		research/paper-v2/generations/r5-2026-10-08/raw/r5-stdout.tgz!runs/r5-validation/stdout/r5v-e4-p2-s17-nqr1-r17.log	
/workspace/reports/atm-v2-harness/runs/r5-validation/stdout/r5v-e4-p2-s17-nqr1-r18.log	1207	2026-10-08 18:26	cac17408f133af841157d3519d6789d85d05bb47	on-main-identical		research/paper-v2/generations/r5-2026-10-08/raw/r5-stdout.tgz!runs/r5-validation/stdout/r5v-e4-p2-s17-nqr1-r18.log	
/workspace/reports/atm-v2-harness/runs/r5-validation/stdout/r5v-e4-p2-s17-nqr1-r19.log	1206	2026-10-08 18:26	79e4caafd9c9e0f29c47eed6c316c30fe1864d7f	on-main-identical		research/paper-v2/generations/r5-2026-10-08/raw/r5-stdout.tgz!runs/r5-validation/stdout/r5v-e4-p2-s17-nqr1-r19.log	
/workspace/reports/atm-v2-harness/runs/r5-validation/stdout/r5v-e4-p2-s17-nqr1-r20.log	1208	2026-10-08 18:26	4e668c183c51f8283b76a3caf7377c2918a6d020	on-main-identical		research/paper-v2/generations/r5-2026-10-08/raw/r5-stdout.tgz!runs/r5-validation/stdout/r5v-e4-p2-s17-nqr1-r20.log	
/workspace/reports/atm-v2-harness/runs/r5-validation/stdout/r5v-e4-p2-s17-nqr1-r21.log	1208	2026-10-08 18:26	9fe7205d7757896aa3a743da3cd07888b45233ee	on-main-identical		research/paper-v2/generations/r5-2026-10-08/raw/r5-stdout.tgz!runs/r5-validation/stdout/r5v-e4-p2-s17-nqr1-r21.log	
/workspace/reports/atm-v2-harness/runs/r5-validation/stdout/r5v-e4-p2-s17-nqr1-r22.log	1208	2026-10-08 18:26	3cc8e206e3bfcdfc39649f4d281e28b49b1e8c96	on-main-identical		research/paper-v2/generations/r5-2026-10-08/raw/r5-stdout.tgz!runs/r5-validation/stdout/r5v-e4-p2-s17-nqr1-r22.log	
/workspace/reports/atm-v2-harness/runs/r5-validation/stdout/r5v-e4-p2-s17-nqr1-r23.log	1205	2026-10-08 18:26	186d7f29f2e906c40df7e78a2349b1c4a79761fa	on-main-identical		research/paper-v2/generations/r5-2026-10-08/raw/r5-stdout.tgz!runs/r5-validation/stdout/r5v-e4-p2-s17-nqr1-r23.log	
/workspace/reports/atm-v2-harness/runs/r5-validation/stdout/r5v-e4-p2-s17-nqr1-r24.log	1208	2026-10-08 18:26	3aa2259cf8cbe9117e39ab0a0be3b944b402dc69	on-main-identical		research/paper-v2/generations/r5-2026-10-08/raw/r5-stdout.tgz!runs/r5-validation/stdout/r5v-e4-p2-s17-nqr1-r24.log	
/workspace/reports/atm-v2-harness/runs/r5-validation/stdout/r5v-e4-p2-s17-nqr1-r25.log	1207	2026-10-08 18:26	62423cddc9013eef69fbbdbe33acd97ff7d22f34	on-main-identical		research/paper-v2/generations/r5-2026-10-08/raw/r5-stdout.tgz!runs/r5-validation/stdout/r5v-e4-p2-s17-nqr1-r25.log	
/workspace/reports/atm-v2-harness/runs/r5-validation/stdout/r5v-e4-p2-s17-nqr1-r26.log	1209	2026-10-08 18:26	1a54bada4b2f1ecc9554af51bae739e6377a786c	on-main-identical		research/paper-v2/generations/r5-2026-10-08/raw/r5-stdout.tgz!runs/r5-validation/stdout/r5v-e4-p2-s17-nqr1-r26.log	
/workspace/reports/atm-v2-harness/runs/r5-validation/stdout/r5v-e4-p2-s17-nqr1-r27.log	1208	2026-10-08 18:26	631582bb835c1c07e2031f9f7e20f7406824f6c3	on-main-identical		research/paper-v2/generations/r5-2026-10-08/raw/r5-stdout.tgz!runs/r5-validation/stdout/r5v-e4-p2-s17-nqr1-r27.log	
/workspace/reports/atm-v2-harness/runs/r5-validation/stdout/r5v-e4-p2-s17-nqr1-r28.log	1207	2026-10-08 18:26	20cbee60ad172656169e2b5bb6a315f30b4b1c1e	on-main-identical		research/paper-v2/generations/r5-2026-10-08/raw/r5-stdout.tgz!runs/r5-validation/stdout/r5v-e4-p2-s17-nqr1-r28.log	
/workspace/reports/atm-v2-harness/runs/r5-validation/stdout/r5v-e4-p2-s17-nqr1-r29.log	1207	2026-10-08 18:26	19270f78bebf3e5a2dcdde5dfb56a823db5661f3	on-main-identical		research/paper-v2/generations/r5-2026-10-08/raw/r5-stdout.tgz!runs/r5-validation/stdout/r5v-e4-p2-s17-nqr1-r29.log	
/workspace/reports/atm-v2-harness/runs/r5-validation/stdout/r5v-e4-p2-s17-nqr1-r30.log	1206	2026-10-08 18:26	2eabab5e032cbea448744d90a342d9a9b2937db8	on-main-identical		research/paper-v2/generations/r5-2026-10-08/raw/r5-stdout.tgz!runs/r5-validation/stdout/r5v-e4-p2-s17-nqr1-r30.log	
/workspace/reports/atm-v2-harness/runs/r5-validation/stdout/r5v-e4-p2-s17-nqref-r01.log	1212	2026-10-08 18:25	c90bc6deb55beafb7648697f06519d04e3d902a1	on-main-identical		research/paper-v2/generations/r5-2026-10-08/raw/r5-stdout.tgz!runs/r5-validation/stdout/r5v-e4-p2-s17-nqref-r01.log	
/workspace/reports/atm-v2-harness/runs/r5-validation/stdout/r5v-e4-p2-s17-nqref-r02.log	1211	2026-10-08 18:25	a0ad3b9566dbd059b1dacc0020dea4a73507895d	on-main-identical		research/paper-v2/generations/r5-2026-10-08/raw/r5-stdout.tgz!runs/r5-validation/stdout/r5v-e4-p2-s17-nqref-r02.log	
/workspace/reports/atm-v2-harness/runs/r5-validation/stdout/r5v-e4-p2-s17-nqref-r03.log	1212	2026-10-08 18:25	996be57c60a48bf5bbb4b330e6d0f2eaa16f5bbd	on-main-identical		research/paper-v2/generations/r5-2026-10-08/raw/r5-stdout.tgz!runs/r5-validation/stdout/r5v-e4-p2-s17-nqref-r03.log	
/workspace/reports/atm-v2-harness/runs/r5-validation/stdout/r5v-e4-p2-s17-nqref-r04.log	1210	2026-10-08 18:25	62605667725f300b050638adfd8d4095f306f6dd	on-main-identical		research/paper-v2/generations/r5-2026-10-08/raw/r5-stdout.tgz!runs/r5-validation/stdout/r5v-e4-p2-s17-nqref-r04.log	
/workspace/reports/atm-v2-harness/runs/r5-validation/stdout/r5v-e4-p2-s17-nqref-r05.log	1211	2026-10-08 18:25	37842108f2842c7c1accc58c776ca2df2c4d0bc2	on-main-identical		research/paper-v2/generations/r5-2026-10-08/raw/r5-stdout.tgz!runs/r5-validation/stdout/r5v-e4-p2-s17-nqref-r05.log	
/workspace/reports/atm-v2-harness/runs/r5-validation/stdout/r5v-e4-p2-s17-nqref-r06.log	1209	2026-10-08 18:25	a4636c4e2e4dd03fccc06d9f8a96cfbe6331480d	on-main-identical		research/paper-v2/generations/r5-2026-10-08/raw/r5-stdout.tgz!runs/r5-validation/stdout/r5v-e4-p2-s17-nqref-r06.log	
/workspace/reports/atm-v2-harness/runs/r5-validation/stdout/r5v-e4-p2-s17-nqref-r07.log	1212	2026-10-08 18:25	ce974bff64bcdbdfe9ef49366eda9b45ec46f528	on-main-identical		research/paper-v2/generations/r5-2026-10-08/raw/r5-stdout.tgz!runs/r5-validation/stdout/r5v-e4-p2-s17-nqref-r07.log	
/workspace/reports/atm-v2-harness/runs/r5-validation/stdout/r5v-e4-p2-s17-nqref-r08.log	1211	2026-10-08 18:25	5f6463651590def3cfb61dc7d21bae36a645937d	on-main-identical		research/paper-v2/generations/r5-2026-10-08/raw/r5-stdout.tgz!runs/r5-validation/stdout/r5v-e4-p2-s17-nqref-r08.log	
/workspace/reports/atm-v2-harness/runs/r5-validation/stdout/r5v-e4-p2-s17-nqref-r09.log	1208	2026-10-08 18:25	9d3efbda7161cf735fc6d7065316d73f1331e668	on-main-identical		research/paper-v2/generations/r5-2026-10-08/raw/r5-stdout.tgz!runs/r5-validation/stdout/r5v-e4-p2-s17-nqref-r09.log	
/workspace/reports/atm-v2-harness/runs/r5-validation/stdout/r5v-e4-p2-s17-nqref-r10.log	1211	2026-10-08 18:25	d9b20c779d2a60596e39f507851f888c0a7ef1c0	on-main-identical		research/paper-v2/generations/r5-2026-10-08/raw/r5-stdout.tgz!runs/r5-validation/stdout/r5v-e4-p2-s17-nqref-r10.log	
/workspace/reports/atm-v2-harness/runs/r5-validation/stdout/r5v-e4-p2-s17-nqref-r11.log	1212	2026-10-08 18:25	cd7486332f52e1b56490287abad4a00775dc11a2	on-main-identical		research/paper-v2/generations/r5-2026-10-08/raw/r5-stdout.tgz!runs/r5-validation/stdout/r5v-e4-p2-s17-nqref-r11.log	
/workspace/reports/atm-v2-harness/runs/r5-validation/stdout/r5v-e4-p2-s17-nqref-r12.log	1212	2026-10-08 18:25	2252cdf17a3b066a929b7c16337c38482bf4eb02	on-main-identical		research/paper-v2/generations/r5-2026-10-08/raw/r5-stdout.tgz!runs/r5-validation/stdout/r5v-e4-p2-s17-nqref-r12.log	
/workspace/reports/atm-v2-harness/runs/r5-validation/stdout/r5v-e4-p2-s17-nqref-r13.log	1210	2026-10-08 18:25	ec0251a141161dbdf5bd369a6b08e63546e128da	on-main-identical		research/paper-v2/generations/r5-2026-10-08/raw/r5-stdout.tgz!runs/r5-validation/stdout/r5v-e4-p2-s17-nqref-r13.log	
/workspace/reports/atm-v2-harness/runs/r5-validation/stdout/r5v-e4-p2-s17-nqref-r14.log	1212	2026-10-08 18:25	31d4fef9c9d7a3da5db727bb2624d5bdc4d09441	on-main-identical		research/paper-v2/generations/r5-2026-10-08/raw/r5-stdout.tgz!runs/r5-validation/stdout/r5v-e4-p2-s17-nqref-r14.log	
/workspace/reports/atm-v2-harness/runs/r5-validation/stdout/r5v-e4-p2-s17-nqref-r15.log	1211	2026-10-08 18:25	a664712f27a46998ab9dc90494a0d1d8967b30fa	on-main-identical		research/paper-v2/generations/r5-2026-10-08/raw/r5-stdout.tgz!runs/r5-validation/stdout/r5v-e4-p2-s17-nqref-r15.log	
/workspace/reports/atm-v2-harness/runs/r5-validation/stdout/r5v-e4-p2-s17-nqref-r16.log	1211	2026-10-08 18:25	2bd07ac5b507c2a9bb5e2c1f1ce7070ea7e7b5af	on-main-identical		research/paper-v2/generations/r5-2026-10-08/raw/r5-stdout.tgz!runs/r5-validation/stdout/r5v-e4-p2-s17-nqref-r16.log	
/workspace/reports/atm-v2-harness/runs/r5-validation/stdout/r5v-e4-p2-s17-nqref-r17.log	1210	2026-10-08 18:25	6c118f7b48861a7a6927a5dbea4c8ea9f5df1e86	on-main-identical		research/paper-v2/generations/r5-2026-10-08/raw/r5-stdout.tgz!runs/r5-validation/stdout/r5v-e4-p2-s17-nqref-r17.log	
/workspace/reports/atm-v2-harness/runs/r5-validation/stdout/r5v-e4-p2-s17-nqref-r18.log	1212	2026-10-08 18:26	ea68212e52912d34de21b9cf315aa329dd923ca2	on-main-identical		research/paper-v2/generations/r5-2026-10-08/raw/r5-stdout.tgz!runs/r5-validation/stdout/r5v-e4-p2-s17-nqref-r18.log	
/workspace/reports/atm-v2-harness/runs/r5-validation/stdout/r5v-e4-p2-s17-nqref-r19.log	1212	2026-10-08 18:26	f7b9c8b354fb01d4ff83e9192d0bd41c49e34357	on-main-identical		research/paper-v2/generations/r5-2026-10-08/raw/r5-stdout.tgz!runs/r5-validation/stdout/r5v-e4-p2-s17-nqref-r19.log	
/workspace/reports/atm-v2-harness/runs/r5-validation/stdout/r5v-e4-p2-s17-nqref-r20.log	1211	2026-10-08 18:26	2ab5aa0c1ed1a9ee4468f8cac84212ffc03d6284	on-main-identical		research/paper-v2/generations/r5-2026-10-08/raw/r5-stdout.tgz!runs/r5-validation/stdout/r5v-e4-p2-s17-nqref-r20.log	
/workspace/reports/atm-v2-harness/runs/r5-validation/stdout/r5v-e4-p2-s17-nqref-r21.log	1212	2026-10-08 18:26	131c51a6b84d14b54dfbe782d036127a3c3ab3ad	on-main-identical		research/paper-v2/generations/r5-2026-10-08/raw/r5-stdout.tgz!runs/r5-validation/stdout/r5v-e4-p2-s17-nqref-r21.log	
/workspace/reports/atm-v2-harness/runs/r5-validation/stdout/r5v-e4-p2-s17-nqref-r22.log	1210	2026-10-08 18:26	96071678c145ae9da7f852fdb32c239a3f79a2ec	on-main-identical		research/paper-v2/generations/r5-2026-10-08/raw/r5-stdout.tgz!runs/r5-validation/stdout/r5v-e4-p2-s17-nqref-r22.log	
/workspace/reports/atm-v2-harness/runs/r5-validation/stdout/r5v-e4-p2-s17-nqref-r23.log	1211	2026-10-08 18:26	6e4749753f853a23a8ec7377fdf24a44695a9b89	on-main-identical		research/paper-v2/generations/r5-2026-10-08/raw/r5-stdout.tgz!runs/r5-validation/stdout/r5v-e4-p2-s17-nqref-r23.log	
/workspace/reports/atm-v2-harness/runs/r5-validation/stdout/r5v-e4-p2-s17-nqref-r24.log	1211	2026-10-08 18:26	cac0bf5e59d668f8cc4a6618a8e370a498622a81	on-main-identical		research/paper-v2/generations/r5-2026-10-08/raw/r5-stdout.tgz!runs/r5-validation/stdout/r5v-e4-p2-s17-nqref-r24.log	
/workspace/reports/atm-v2-harness/runs/r5-validation/stdout/r5v-e4-p2-s17-nqref-r25.log	1211	2026-10-08 18:26	816193ea1457185456ab4bec65aea52391bf506d	on-main-identical		research/paper-v2/generations/r5-2026-10-08/raw/r5-stdout.tgz!runs/r5-validation/stdout/r5v-e4-p2-s17-nqref-r25.log	
/workspace/reports/atm-v2-harness/runs/r5-validation/stdout/r5v-e4-p2-s17-nqref-r26.log	1211	2026-10-08 18:26	94bd67450acba1f04be2ed7a2a1927864a763a87	on-main-identical		research/paper-v2/generations/r5-2026-10-08/raw/r5-stdout.tgz!runs/r5-validation/stdout/r5v-e4-p2-s17-nqref-r26.log	
/workspace/reports/atm-v2-harness/runs/r5-validation/stdout/r5v-e4-p2-s17-nqref-r27.log	1212	2026-10-08 18:26	65b7c2046b859b2263b87d6f5ac25c7b1df7757d	on-main-identical		research/paper-v2/generations/r5-2026-10-08/raw/r5-stdout.tgz!runs/r5-validation/stdout/r5v-e4-p2-s17-nqref-r27.log	
/workspace/reports/atm-v2-harness/runs/r5-validation/stdout/r5v-e4-p2-s17-nqref-r28.log	1211	2026-10-08 18:26	182b436ecd6217faa1046cb651ebfedb81ecc68a	on-main-identical		research/paper-v2/generations/r5-2026-10-08/raw/r5-stdout.tgz!runs/r5-validation/stdout/r5v-e4-p2-s17-nqref-r28.log	
/workspace/reports/atm-v2-harness/runs/r5-validation/stdout/r5v-e4-p2-s17-nqref-r29.log	1210	2026-10-08 18:26	e4978794e47156942c97fbe8cedf3cb81d5ea53b	on-main-identical		research/paper-v2/generations/r5-2026-10-08/raw/r5-stdout.tgz!runs/r5-validation/stdout/r5v-e4-p2-s17-nqref-r29.log	
/workspace/reports/atm-v2-harness/runs/r5-validation/stdout/r5v-e4-p2-s17-nqref-r30.log	1210	2026-10-08 18:26	3ea19a96fd52235063b9f3c1bd4c05eb21e51fc1	on-main-identical		research/paper-v2/generations/r5-2026-10-08/raw/r5-stdout.tgz!runs/r5-validation/stdout/r5v-e4-p2-s17-nqref-r30.log	
/workspace/reports/atm-v2-harness/runs/r5-validation/stdout/r5v-e4-p2-s17-old-r01.log	1204	2026-10-08 17:44	e18a4f85961bcc4256d70e0367cc9446fa07415d	on-main-identical		research/paper-v2/generations/r5-2026-10-08/raw/r5-stdout.tgz!runs/r5-validation/stdout/r5v-e4-p2-s17-old-r01.log	
/workspace/reports/atm-v2-harness/runs/r5-validation/stdout/r5v-e4-p2-s17-old-r02.log	1203	2026-10-08 17:44	b0758a6c1645e978896bb433d0c3d5b1adec7b26	on-main-identical		research/paper-v2/generations/r5-2026-10-08/raw/r5-stdout.tgz!runs/r5-validation/stdout/r5v-e4-p2-s17-old-r02.log	
/workspace/reports/atm-v2-harness/runs/r5-validation/stdout/r5v-e4-p2-s17-old-r03.log	1201	2026-10-08 17:44	7dc6ea195844404ebc775ebe7e04cd6317d2f52e	on-main-identical		research/paper-v2/generations/r5-2026-10-08/raw/r5-stdout.tgz!runs/r5-validation/stdout/r5v-e4-p2-s17-old-r03.log	
/workspace/reports/atm-v2-harness/runs/r5-validation/stdout/r5v-e4-p2-s17-old-r04.log	1204	2026-10-08 17:44	9337fb099c489e4df81c5f309299a81a6570d389	on-main-identical		research/paper-v2/generations/r5-2026-10-08/raw/r5-stdout.tgz!runs/r5-validation/stdout/r5v-e4-p2-s17-old-r04.log	
/workspace/reports/atm-v2-harness/runs/r5-validation/stdout/r5v-e4-p2-s17-old-r05.log	1203	2026-10-08 17:44	a98196ecb4ff628df54296b2cd8c563a97cb4a61	on-main-identical		research/paper-v2/generations/r5-2026-10-08/raw/r5-stdout.tgz!runs/r5-validation/stdout/r5v-e4-p2-s17-old-r05.log	
/workspace/reports/atm-v2-harness/runs/r5-validation/stdout/r5v-e4-p2-s17-old-r06.log	1203	2026-10-08 17:44	7c142f16e1aa9005a665dc6a5be4fcd8403ee5c6	on-main-identical		research/paper-v2/generations/r5-2026-10-08/raw/r5-stdout.tgz!runs/r5-validation/stdout/r5v-e4-p2-s17-old-r06.log	
/workspace/reports/atm-v2-harness/runs/r5-validation/stdout/r5v-e4-p2-s17-old-r07.log	1202	2026-10-08 17:45	752eacb486500c741b08d2146b24b91b3e1b13a6	on-main-identical		research/paper-v2/generations/r5-2026-10-08/raw/r5-stdout.tgz!runs/r5-validation/stdout/r5v-e4-p2-s17-old-r07.log	
/workspace/reports/atm-v2-harness/runs/r5-validation/stdout/r5v-e4-p2-s17-old-r08.log	1204	2026-10-08 17:45	2fe144ce7c7c0af417b5377dc38b348da68b05a5	on-main-identical		research/paper-v2/generations/r5-2026-10-08/raw/r5-stdout.tgz!runs/r5-validation/stdout/r5v-e4-p2-s17-old-r08.log	
/workspace/reports/atm-v2-harness/runs/r5-validation/stdout/r5v-e4-p2-s17-old-r09.log	1203	2026-10-08 17:45	88ef50000b6e7d45c2c70ad392cb0eca4a9541b4	on-main-identical		research/paper-v2/generations/r5-2026-10-08/raw/r5-stdout.tgz!runs/r5-validation/stdout/r5v-e4-p2-s17-old-r09.log	
/workspace/reports/atm-v2-harness/runs/r5-validation/stdout/r5v-e4-p2-s17-old-r10.log	1203	2026-10-08 17:45	d7245f326dac225226952e0c6a4399532e84ad11	on-main-identical		research/paper-v2/generations/r5-2026-10-08/raw/r5-stdout.tgz!runs/r5-validation/stdout/r5v-e4-p2-s17-old-r10.log	
/workspace/reports/atm-v2-harness/runs/r5-validation/stdout/r5v-e4-p2-s17-old-r11.log	1202	2026-10-08 17:45	02fc8868611cd6be5ff62b2241f1f4e2033cd178	on-main-identical		research/paper-v2/generations/r5-2026-10-08/raw/r5-stdout.tgz!runs/r5-validation/stdout/r5v-e4-p2-s17-old-r11.log	
/workspace/reports/atm-v2-harness/runs/r5-validation/stdout/r5v-e4-p2-s17-old-r12.log	1202	2026-10-08 17:45	69544d2e82a847646fe0880967ce8233b603113b	on-main-identical		research/paper-v2/generations/r5-2026-10-08/raw/r5-stdout.tgz!runs/r5-validation/stdout/r5v-e4-p2-s17-old-r12.log	
/workspace/reports/atm-v2-harness/runs/r5-validation/stdout/r5v-e4-p2-s17-old-r13.log	1203	2026-10-08 17:45	8de27d285b554faeb0ace04ec226217ba1c6a1d5	on-main-identical		research/paper-v2/generations/r5-2026-10-08/raw/r5-stdout.tgz!runs/r5-validation/stdout/r5v-e4-p2-s17-old-r13.log	
/workspace/reports/atm-v2-harness/runs/r5-validation/stdout/r5v-e4-p2-s17-old-r14.log	1204	2026-10-08 17:46	4c0f911ba99c724f594940541eda275b9e2b2862	on-main-identical		research/paper-v2/generations/r5-2026-10-08/raw/r5-stdout.tgz!runs/r5-validation/stdout/r5v-e4-p2-s17-old-r14.log	
/workspace/reports/atm-v2-harness/runs/r5-validation/stdout/r5v-e4-p2-s17-old-r15.log	1202	2026-10-08 17:46	8d298280e35c6284103b09b8e8f5d98363372cd2	on-main-identical		research/paper-v2/generations/r5-2026-10-08/raw/r5-stdout.tgz!runs/r5-validation/stdout/r5v-e4-p2-s17-old-r15.log	
/workspace/reports/atm-v2-harness/runs/r5-validation/stdout/r5v-e4-p2-s17-old-r16.log	1204	2026-10-08 17:46	f5cacdd42594675fe230b34c5df2ac979de43342	on-main-identical		research/paper-v2/generations/r5-2026-10-08/raw/r5-stdout.tgz!runs/r5-validation/stdout/r5v-e4-p2-s17-old-r16.log	
/workspace/reports/atm-v2-harness/runs/r5-validation/stdout/r5v-e4-p2-s17-old-r17.log	1204	2026-10-08 17:46	26e331d99e3369cadede8b40928cfbdca4a3c767	on-main-identical		research/paper-v2/generations/r5-2026-10-08/raw/r5-stdout.tgz!runs/r5-validation/stdout/r5v-e4-p2-s17-old-r17.log	
/workspace/reports/atm-v2-harness/runs/r5-validation/stdout/r5v-e4-p2-s17-old-r18.log	1203	2026-10-08 17:46	c377424a3fe0a6169fd4964e47e6ba60edf0fa95	on-main-identical		research/paper-v2/generations/r5-2026-10-08/raw/r5-stdout.tgz!runs/r5-validation/stdout/r5v-e4-p2-s17-old-r18.log	
/workspace/reports/atm-v2-harness/runs/r5-validation/stdout/r5v-e4-p2-s17-old-r19.log	1199	2026-10-08 17:46	a16d65d4074ba6091027b5be1844473cf95e1337	on-main-identical		research/paper-v2/generations/r5-2026-10-08/raw/r5-stdout.tgz!runs/r5-validation/stdout/r5v-e4-p2-s17-old-r19.log	
/workspace/reports/atm-v2-harness/runs/r5-validation/stdout/r5v-e4-p2-s17-old-r20.log	1205	2026-10-08 17:46	6ecbf8f15e68a57fce4cf1787d0c1247e6254875	on-main-identical		research/paper-v2/generations/r5-2026-10-08/raw/r5-stdout.tgz!runs/r5-validation/stdout/r5v-e4-p2-s17-old-r20.log	
/workspace/reports/atm-v2-harness/runs/r5-validation/stdout/r5v-e4-p2-s17-old-r21.log	1202	2026-10-08 17:46	8e494d0ba435c840d67481f984e5be8e4d6ccfe2	on-main-identical		research/paper-v2/generations/r5-2026-10-08/raw/r5-stdout.tgz!runs/r5-validation/stdout/r5v-e4-p2-s17-old-r21.log	
/workspace/reports/atm-v2-harness/runs/r5-validation/stdout/r5v-e4-p2-s17-old-r22.log	1201	2026-10-08 17:47	5a01e000b595af6e6c7fa2bf1fd17f2812fb6ef8	on-main-identical		research/paper-v2/generations/r5-2026-10-08/raw/r5-stdout.tgz!runs/r5-validation/stdout/r5v-e4-p2-s17-old-r22.log	
/workspace/reports/atm-v2-harness/runs/r5-validation/stdout/r5v-e4-p2-s17-old-r23.log	1202	2026-10-08 17:47	74bd09ba43c31a9a72a1cd6fdaa292b52417f3a3	on-main-identical		research/paper-v2/generations/r5-2026-10-08/raw/r5-stdout.tgz!runs/r5-validation/stdout/r5v-e4-p2-s17-old-r23.log	
/workspace/reports/atm-v2-harness/runs/r5-validation/stdout/r5v-e4-p2-s17-old-r24.log	1203	2026-10-08 17:47	7da0cd2612593bfa53a798430631cc2427f74073	on-main-identical		research/paper-v2/generations/r5-2026-10-08/raw/r5-stdout.tgz!runs/r5-validation/stdout/r5v-e4-p2-s17-old-r24.log	
/workspace/reports/atm-v2-harness/runs/r5-validation/stdout/r5v-e4-p2-s17-old-r25.log	1202	2026-10-08 17:47	48b6a89537909adb251dc1b6b62e5f9e5d25ff28	on-main-identical		research/paper-v2/generations/r5-2026-10-08/raw/r5-stdout.tgz!runs/r5-validation/stdout/r5v-e4-p2-s17-old-r25.log	
/workspace/reports/atm-v2-harness/runs/r5-validation/stdout/r5v-e4-p2-s17-old-r26.log	1201	2026-10-08 17:47	a20cfd6d1ac517600a06641bf6cf70885690cc61	on-main-identical		research/paper-v2/generations/r5-2026-10-08/raw/r5-stdout.tgz!runs/r5-validation/stdout/r5v-e4-p2-s17-old-r26.log	
/workspace/reports/atm-v2-harness/runs/r5-validation/stdout/r5v-e4-p2-s17-old-r27.log	1201	2026-10-08 17:47	3de314889ae2e6e35876ca5aed83c430034d06c9	on-main-identical		research/paper-v2/generations/r5-2026-10-08/raw/r5-stdout.tgz!runs/r5-validation/stdout/r5v-e4-p2-s17-old-r27.log	
/workspace/reports/atm-v2-harness/runs/r5-validation/stdout/r5v-e4-p2-s17-old-r28.log	1203	2026-10-08 17:47	691ff4654022c85e49c7b4ae3ed427104dbc8eac	on-main-identical		research/paper-v2/generations/r5-2026-10-08/raw/r5-stdout.tgz!runs/r5-validation/stdout/r5v-e4-p2-s17-old-r28.log	
/workspace/reports/atm-v2-harness/runs/r5-validation/stdout/r5v-e4-p2-s17-old-r29.log	1203	2026-10-08 17:48	a1d39db8143ede941f8d9305396f958c7fff09b4	on-main-identical		research/paper-v2/generations/r5-2026-10-08/raw/r5-stdout.tgz!runs/r5-validation/stdout/r5v-e4-p2-s17-old-r29.log	
/workspace/reports/atm-v2-harness/runs/r5-validation/stdout/r5v-e4-p2-s17-old-r30.log	1201	2026-10-08 17:48	3d01590196fca6e7e1882b7c2b9f274bbc678a18	on-main-identical		research/paper-v2/generations/r5-2026-10-08/raw/r5-stdout.tgz!runs/r5-validation/stdout/r5v-e4-p2-s17-old-r30.log	
/workspace/reports/atm-v2-harness/runs/r5-validation/stdout/r5v-e4-p2-s17-opt-r01.log	1203	2026-10-08 17:44	0dad1ea44d4f22fa529788ffdeabc0591aefd000	on-main-identical		research/paper-v2/generations/r5-2026-10-08/raw/r5-stdout.tgz!runs/r5-validation/stdout/r5v-e4-p2-s17-opt-r01.log	
/workspace/reports/atm-v2-harness/runs/r5-validation/stdout/r5v-e4-p2-s17-opt-r02.log	1204	2026-10-08 17:44	ff398307db04098519b225e50a5945e27835a70a	on-main-identical		research/paper-v2/generations/r5-2026-10-08/raw/r5-stdout.tgz!runs/r5-validation/stdout/r5v-e4-p2-s17-opt-r02.log	
/workspace/reports/atm-v2-harness/runs/r5-validation/stdout/r5v-e4-p2-s17-opt-r03.log	1201	2026-10-08 17:44	9a6e28ca00be50ac89713332792139f1bbcf5573	on-main-identical		research/paper-v2/generations/r5-2026-10-08/raw/r5-stdout.tgz!runs/r5-validation/stdout/r5v-e4-p2-s17-opt-r03.log	
/workspace/reports/atm-v2-harness/runs/r5-validation/stdout/r5v-e4-p2-s17-opt-r04.log	1204	2026-10-08 17:44	bd6c835dbce9103439eb5483559907a873b05d10	on-main-identical		research/paper-v2/generations/r5-2026-10-08/raw/r5-stdout.tgz!runs/r5-validation/stdout/r5v-e4-p2-s17-opt-r04.log	
/workspace/reports/atm-v2-harness/runs/r5-validation/stdout/r5v-e4-p2-s17-opt-r05.log	1203	2026-10-08 17:44	3a6e3497a36ae19dbe9f994f2f06ebcd024bdc7f	on-main-identical		research/paper-v2/generations/r5-2026-10-08/raw/r5-stdout.tgz!runs/r5-validation/stdout/r5v-e4-p2-s17-opt-r05.log	
/workspace/reports/atm-v2-harness/runs/r5-validation/stdout/r5v-e4-p2-s17-opt-r06.log	1204	2026-10-08 17:44	9653429c3b7b48dfc81a764c0ecf4214c012bbc0	on-main-identical		research/paper-v2/generations/r5-2026-10-08/raw/r5-stdout.tgz!runs/r5-validation/stdout/r5v-e4-p2-s17-opt-r06.log	
/workspace/reports/atm-v2-harness/runs/r5-validation/stdout/r5v-e4-p2-s17-opt-r07.log	1201	2026-10-08 17:45	f9de12e1773d57a108fdaf8e1e112721660ede4a	on-main-identical		research/paper-v2/generations/r5-2026-10-08/raw/r5-stdout.tgz!runs/r5-validation/stdout/r5v-e4-p2-s17-opt-r07.log	
/workspace/reports/atm-v2-harness/runs/r5-validation/stdout/r5v-e4-p2-s17-opt-r08.log	1203	2026-10-08 17:45	8158349ba3d4f9d20202c6613014f1134e5c88cf	on-main-identical		research/paper-v2/generations/r5-2026-10-08/raw/r5-stdout.tgz!runs/r5-validation/stdout/r5v-e4-p2-s17-opt-r08.log	
/workspace/reports/atm-v2-harness/runs/r5-validation/stdout/r5v-e4-p2-s17-opt-r09.log	1203	2026-10-08 17:45	dedaa7b0f491acb4db917b191ece3f66def7823f	on-main-identical		research/paper-v2/generations/r5-2026-10-08/raw/r5-stdout.tgz!runs/r5-validation/stdout/r5v-e4-p2-s17-opt-r09.log	
/workspace/reports/atm-v2-harness/runs/r5-validation/stdout/r5v-e4-p2-s17-opt-r10.log	1202	2026-10-08 17:45	2302a4d00b11650dea07fbce2c6a38c2b455abc1	on-main-identical		research/paper-v2/generations/r5-2026-10-08/raw/r5-stdout.tgz!runs/r5-validation/stdout/r5v-e4-p2-s17-opt-r10.log	
/workspace/reports/atm-v2-harness/runs/r5-validation/stdout/r5v-e4-p2-s17-opt-r11.log	1204	2026-10-08 17:45	b717b0cdbfdd8776ddef12a94c343a3c55211143	on-main-identical		research/paper-v2/generations/r5-2026-10-08/raw/r5-stdout.tgz!runs/r5-validation/stdout/r5v-e4-p2-s17-opt-r11.log	
/workspace/reports/atm-v2-harness/runs/r5-validation/stdout/r5v-e4-p2-s17-opt-r12.log	1201	2026-10-08 17:45	4e38e212d38675be99fa739dd932c833b058b522	on-main-identical		research/paper-v2/generations/r5-2026-10-08/raw/r5-stdout.tgz!runs/r5-validation/stdout/r5v-e4-p2-s17-opt-r12.log	
/workspace/reports/atm-v2-harness/runs/r5-validation/stdout/r5v-e4-p2-s17-opt-r13.log	1201	2026-10-08 17:45	c39251fbdd54aa2456e851c5cd87f8b8a8b5a0d7	on-main-identical		research/paper-v2/generations/r5-2026-10-08/raw/r5-stdout.tgz!runs/r5-validation/stdout/r5v-e4-p2-s17-opt-r13.log	
/workspace/reports/atm-v2-harness/runs/r5-validation/stdout/r5v-e4-p2-s17-opt-r14.log	1204	2026-10-08 17:46	263fc97ad05c5c136b9bcf0ec64a2e44ad220dd8	on-main-identical		research/paper-v2/generations/r5-2026-10-08/raw/r5-stdout.tgz!runs/r5-validation/stdout/r5v-e4-p2-s17-opt-r14.log	
/workspace/reports/atm-v2-harness/runs/r5-validation/stdout/r5v-e4-p2-s17-opt-r15.log	1203	2026-10-08 17:46	97802f336232c06309500cf1529e26a9fde43ec9	on-main-identical		research/paper-v2/generations/r5-2026-10-08/raw/r5-stdout.tgz!runs/r5-validation/stdout/r5v-e4-p2-s17-opt-r15.log	
/workspace/reports/atm-v2-harness/runs/r5-validation/stdout/r5v-e4-p2-s17-opt-r16.log	1203	2026-10-08 17:46	d71537be4bbf4690d76f769df00d88d48ef3c655	on-main-identical		research/paper-v2/generations/r5-2026-10-08/raw/r5-stdout.tgz!runs/r5-validation/stdout/r5v-e4-p2-s17-opt-r16.log	
/workspace/reports/atm-v2-harness/runs/r5-validation/stdout/r5v-e4-p2-s17-opt-r17.log	1203	2026-10-08 17:46	4616bf9ed80e043cdea7839f4c93bd872bbe33dc	on-main-identical		research/paper-v2/generations/r5-2026-10-08/raw/r5-stdout.tgz!runs/r5-validation/stdout/r5v-e4-p2-s17-opt-r17.log	
/workspace/reports/atm-v2-harness/runs/r5-validation/stdout/r5v-e4-p2-s17-opt-r18.log	1204	2026-10-08 17:46	405be42cee9b0877f52d93c160fbd3d094b7fbe8	on-main-identical		research/paper-v2/generations/r5-2026-10-08/raw/r5-stdout.tgz!runs/r5-validation/stdout/r5v-e4-p2-s17-opt-r18.log	
/workspace/reports/atm-v2-harness/runs/r5-validation/stdout/r5v-e4-p2-s17-opt-r19.log	1202	2026-10-08 17:46	78072afa0b3742984a7a6a024f32135c8f1d0f45	on-main-identical		research/paper-v2/generations/r5-2026-10-08/raw/r5-stdout.tgz!runs/r5-validation/stdout/r5v-e4-p2-s17-opt-r19.log	
/workspace/reports/atm-v2-harness/runs/r5-validation/stdout/r5v-e4-p2-s17-opt-r20.log	1203	2026-10-08 17:46	b62e96631962f2485aa893c237291c952340d839	on-main-identical		research/paper-v2/generations/r5-2026-10-08/raw/r5-stdout.tgz!runs/r5-validation/stdout/r5v-e4-p2-s17-opt-r20.log	
/workspace/reports/atm-v2-harness/runs/r5-validation/stdout/r5v-e4-p2-s17-opt-r21.log	1202	2026-10-08 17:47	7984e31bbe077270edbeea846dcdc960f3f9d2d4	on-main-identical		research/paper-v2/generations/r5-2026-10-08/raw/r5-stdout.tgz!runs/r5-validation/stdout/r5v-e4-p2-s17-opt-r21.log	
/workspace/reports/atm-v2-harness/runs/r5-validation/stdout/r5v-e4-p2-s17-opt-r22.log	1203	2026-10-08 17:47	7566ddfed9e28338b11e84726d1c8e974372b3fe	on-main-identical		research/paper-v2/generations/r5-2026-10-08/raw/r5-stdout.tgz!runs/r5-validation/stdout/r5v-e4-p2-s17-opt-r22.log	
/workspace/reports/atm-v2-harness/runs/r5-validation/stdout/r5v-e4-p2-s17-opt-r23.log	1204	2026-10-08 17:47	dd2e77b5c7e0055657cf7ba522c21d768231067a	on-main-identical		research/paper-v2/generations/r5-2026-10-08/raw/r5-stdout.tgz!runs/r5-validation/stdout/r5v-e4-p2-s17-opt-r23.log	
/workspace/reports/atm-v2-harness/runs/r5-validation/stdout/r5v-e4-p2-s17-opt-r24.log	1203	2026-10-08 17:47	84d7cae4b1f2bdbd445a19f8ab1d17a89a603612	on-main-identical		research/paper-v2/generations/r5-2026-10-08/raw/r5-stdout.tgz!runs/r5-validation/stdout/r5v-e4-p2-s17-opt-r24.log	
/workspace/reports/atm-v2-harness/runs/r5-validation/stdout/r5v-e4-p2-s17-opt-r25.log	1200	2026-10-08 17:47	766bb9d7f64cb41efcff7c183659ec3b92e506ca	on-main-identical		research/paper-v2/generations/r5-2026-10-08/raw/r5-stdout.tgz!runs/r5-validation/stdout/r5v-e4-p2-s17-opt-r25.log	
/workspace/reports/atm-v2-harness/runs/r5-validation/stdout/r5v-e4-p2-s17-opt-r26.log	1202	2026-10-08 17:47	088d607612644e53bbfd1c38cbd125070b60d507	on-main-identical		research/paper-v2/generations/r5-2026-10-08/raw/r5-stdout.tgz!runs/r5-validation/stdout/r5v-e4-p2-s17-opt-r26.log	
/workspace/reports/atm-v2-harness/runs/r5-validation/stdout/r5v-e4-p2-s17-opt-r27.log	1202	2026-10-08 17:47	fadb79d55ea48bd9b0c3d71371afffdde5604d58	on-main-identical		research/paper-v2/generations/r5-2026-10-08/raw/r5-stdout.tgz!runs/r5-validation/stdout/r5v-e4-p2-s17-opt-r27.log	
/workspace/reports/atm-v2-harness/runs/r5-validation/stdout/r5v-e4-p2-s17-opt-r28.log	1204	2026-10-08 17:47	d926b4016588d31df572ca4d527db821f719ccab	on-main-identical		research/paper-v2/generations/r5-2026-10-08/raw/r5-stdout.tgz!runs/r5-validation/stdout/r5v-e4-p2-s17-opt-r28.log	
/workspace/reports/atm-v2-harness/runs/r5-validation/stdout/r5v-e4-p2-s17-opt-r29.log	1202	2026-10-08 17:48	57a2387e02c133001d136b7cd9f075b78c4168ed	on-main-identical		research/paper-v2/generations/r5-2026-10-08/raw/r5-stdout.tgz!runs/r5-validation/stdout/r5v-e4-p2-s17-opt-r29.log	
/workspace/reports/atm-v2-harness/runs/r5-validation/stdout/r5v-e4-p2-s17-opt-r30.log	1200	2026-10-08 17:48	5f16892207d6fad56687de668e148fa4b85ec3bb	on-main-identical		research/paper-v2/generations/r5-2026-10-08/raw/r5-stdout.tgz!runs/r5-validation/stdout/r5v-e4-p2-s17-opt-r30.log	
/workspace/reports/atm-v2-harness/runs/r5-validation/stdout/r5v-e4-p2-s17-q-r01.log	1196	2026-10-08 17:44	0efc974c5d345e9c7d6e5b76e390d84eac0ca919	on-main-identical		research/paper-v2/generations/r5-2026-10-08/raw/r5-stdout.tgz!runs/r5-validation/stdout/r5v-e4-p2-s17-q-r01.log	
/workspace/reports/atm-v2-harness/runs/r5-validation/stdout/r5v-e4-p2-s17-q-r02.log	1194	2026-10-08 17:44	fd5381380d4c0846767fdee35a571d759563992f	on-main-identical		research/paper-v2/generations/r5-2026-10-08/raw/r5-stdout.tgz!runs/r5-validation/stdout/r5v-e4-p2-s17-q-r02.log	
/workspace/reports/atm-v2-harness/runs/r5-validation/stdout/r5v-e4-p2-s17-q-r03.log	1196	2026-10-08 17:44	eed20077a65d88893dcb1e2d4f856ffe5fb5652e	on-main-identical		research/paper-v2/generations/r5-2026-10-08/raw/r5-stdout.tgz!runs/r5-validation/stdout/r5v-e4-p2-s17-q-r03.log	
/workspace/reports/atm-v2-harness/runs/r5-validation/stdout/r5v-e4-p2-s17-q-r04.log	1196	2026-10-08 17:44	5bbc6cc5b24bd7c15bcf4c664c48f88c2a7e9482	on-main-identical		research/paper-v2/generations/r5-2026-10-08/raw/r5-stdout.tgz!runs/r5-validation/stdout/r5v-e4-p2-s17-q-r04.log	
/workspace/reports/atm-v2-harness/runs/r5-validation/stdout/r5v-e4-p2-s17-q-r05.log	1195	2026-10-08 17:44	f1bc53724d0d76511b4bb5439625c13b1c271736	on-main-identical		research/paper-v2/generations/r5-2026-10-08/raw/r5-stdout.tgz!runs/r5-validation/stdout/r5v-e4-p2-s17-q-r05.log	
/workspace/reports/atm-v2-harness/runs/r5-validation/stdout/r5v-e4-p2-s17-q-r06.log	1194	2026-10-08 17:44	9512e15315af9cdaaedf5b9c7c64ef9c95eb6564	on-main-identical		research/paper-v2/generations/r5-2026-10-08/raw/r5-stdout.tgz!runs/r5-validation/stdout/r5v-e4-p2-s17-q-r06.log	
/workspace/reports/atm-v2-harness/runs/r5-validation/stdout/r5v-e4-p2-s17-q-r07.log	1197	2026-10-08 17:45	4f6f070941ca81fe06c118257816eca74de28ebe	on-main-identical		research/paper-v2/generations/r5-2026-10-08/raw/r5-stdout.tgz!runs/r5-validation/stdout/r5v-e4-p2-s17-q-r07.log	
/workspace/reports/atm-v2-harness/runs/r5-validation/stdout/r5v-e4-p2-s17-q-r08.log	1197	2026-10-08 17:45	ec2e3423bb2af65a077d1cece6615cc0727861e5	on-main-identical		research/paper-v2/generations/r5-2026-10-08/raw/r5-stdout.tgz!runs/r5-validation/stdout/r5v-e4-p2-s17-q-r08.log	
/workspace/reports/atm-v2-harness/runs/r5-validation/stdout/r5v-e4-p2-s17-q-r09.log	1195	2026-10-08 17:45	3dbb73c2e008fdff2b7707db6f12f524ba923bdc	on-main-identical		research/paper-v2/generations/r5-2026-10-08/raw/r5-stdout.tgz!runs/r5-validation/stdout/r5v-e4-p2-s17-q-r09.log	
/workspace/reports/atm-v2-harness/runs/r5-validation/stdout/r5v-e4-p2-s17-q-r10.log	1196	2026-10-08 17:45	f4a071723744e90ac7c4dc9061c79529200c0e36	on-main-identical		research/paper-v2/generations/r5-2026-10-08/raw/r5-stdout.tgz!runs/r5-validation/stdout/r5v-e4-p2-s17-q-r10.log	
/workspace/reports/atm-v2-harness/runs/r5-validation/stdout/r5v-e4-p2-s17-q-r11.log	1195	2026-10-08 17:45	f89a256366fb2138302eee27ea7fef7886c7cc00	on-main-identical		research/paper-v2/generations/r5-2026-10-08/raw/r5-stdout.tgz!runs/r5-validation/stdout/r5v-e4-p2-s17-q-r11.log	
/workspace/reports/atm-v2-harness/runs/r5-validation/stdout/r5v-e4-p2-s17-q-r12.log	1192	2026-10-08 17:45	925d0d71d837ef09716db851ff9fb87aa9676144	on-main-identical		research/paper-v2/generations/r5-2026-10-08/raw/r5-stdout.tgz!runs/r5-validation/stdout/r5v-e4-p2-s17-q-r12.log	
/workspace/reports/atm-v2-harness/runs/r5-validation/stdout/r5v-e4-p2-s17-q-r13.log	1193	2026-10-08 17:45	96634e5044479ea26fb717235405b013ca85a1f5	on-main-identical		research/paper-v2/generations/r5-2026-10-08/raw/r5-stdout.tgz!runs/r5-validation/stdout/r5v-e4-p2-s17-q-r13.log	
/workspace/reports/atm-v2-harness/runs/r5-validation/stdout/r5v-e4-p2-s17-q-r14.log	1196	2026-10-08 17:46	a4a9c8e15721737658bd1038c77fbae45c11bcb2	on-main-identical		research/paper-v2/generations/r5-2026-10-08/raw/r5-stdout.tgz!runs/r5-validation/stdout/r5v-e4-p2-s17-q-r14.log	
/workspace/reports/atm-v2-harness/runs/r5-validation/stdout/r5v-e4-p2-s17-q-r15.log	1194	2026-10-08 17:46	5f7c9e7c5971a827730dbec6c118dd6aeacb05c8	on-main-identical		research/paper-v2/generations/r5-2026-10-08/raw/r5-stdout.tgz!runs/r5-validation/stdout/r5v-e4-p2-s17-q-r15.log	
/workspace/reports/atm-v2-harness/runs/r5-validation/stdout/r5v-e4-p2-s17-q-r16.log	1192	2026-10-08 17:46	405d70057d177b35f437058ea94980355c70aec3	on-main-identical		research/paper-v2/generations/r5-2026-10-08/raw/r5-stdout.tgz!runs/r5-validation/stdout/r5v-e4-p2-s17-q-r16.log	
/workspace/reports/atm-v2-harness/runs/r5-validation/stdout/r5v-e4-p2-s17-q-r17.log	1196	2026-10-08 17:46	684dfbf6702db667e24ef6e97a762397760e0227	on-main-identical		research/paper-v2/generations/r5-2026-10-08/raw/r5-stdout.tgz!runs/r5-validation/stdout/r5v-e4-p2-s17-q-r17.log	
/workspace/reports/atm-v2-harness/runs/r5-validation/stdout/r5v-e4-p2-s17-q-r18.log	1195	2026-10-08 17:46	94aad46a141bec037fbb27cd6de110b1e5422850	on-main-identical		research/paper-v2/generations/r5-2026-10-08/raw/r5-stdout.tgz!runs/r5-validation/stdout/r5v-e4-p2-s17-q-r18.log	
/workspace/reports/atm-v2-harness/runs/r5-validation/stdout/r5v-e4-p2-s17-q-r19.log	1193	2026-10-08 17:46	257b5c122b755f617712c869729b56a146189416	on-main-identical		research/paper-v2/generations/r5-2026-10-08/raw/r5-stdout.tgz!runs/r5-validation/stdout/r5v-e4-p2-s17-q-r19.log	
/workspace/reports/atm-v2-harness/runs/r5-validation/stdout/r5v-e4-p2-s17-q-r20.log	1196	2026-10-08 17:46	9328c0148915ceb24e9c131c8fcb112fe8fe7ddd	on-main-identical		research/paper-v2/generations/r5-2026-10-08/raw/r5-stdout.tgz!runs/r5-validation/stdout/r5v-e4-p2-s17-q-r20.log	
/workspace/reports/atm-v2-harness/runs/r5-validation/stdout/r5v-e4-p2-s17-q-r21.log	1195	2026-10-08 17:47	db37d1fe55f4c8d4795a9df10fdc158363c08c2e	on-main-identical		research/paper-v2/generations/r5-2026-10-08/raw/r5-stdout.tgz!runs/r5-validation/stdout/r5v-e4-p2-s17-q-r21.log	
/workspace/reports/atm-v2-harness/runs/r5-validation/stdout/r5v-e4-p2-s17-q-r22.log	1197	2026-10-08 17:47	5ef405155701a60b6b1081d98f3724e3b0dde1fd	on-main-identical		research/paper-v2/generations/r5-2026-10-08/raw/r5-stdout.tgz!runs/r5-validation/stdout/r5v-e4-p2-s17-q-r22.log	
/workspace/reports/atm-v2-harness/runs/r5-validation/stdout/r5v-e4-p2-s17-q-r23.log	1193	2026-10-08 17:47	9ff38561ba7e1ce66018f66f8147d7e3fd6ce0ee	on-main-identical		research/paper-v2/generations/r5-2026-10-08/raw/r5-stdout.tgz!runs/r5-validation/stdout/r5v-e4-p2-s17-q-r23.log	
/workspace/reports/atm-v2-harness/runs/r5-validation/stdout/r5v-e4-p2-s17-q-r24.log	1194	2026-10-08 17:47	82db9756f8daea49498e46eae33223b5f8058387	on-main-identical		research/paper-v2/generations/r5-2026-10-08/raw/r5-stdout.tgz!runs/r5-validation/stdout/r5v-e4-p2-s17-q-r24.log	
/workspace/reports/atm-v2-harness/runs/r5-validation/stdout/r5v-e4-p2-s17-q-r25.log	1194	2026-10-08 17:47	e64552fb7c91b2344b4f5175493291d300c33559	on-main-identical		research/paper-v2/generations/r5-2026-10-08/raw/r5-stdout.tgz!runs/r5-validation/stdout/r5v-e4-p2-s17-q-r25.log	
/workspace/reports/atm-v2-harness/runs/r5-validation/stdout/r5v-e4-p2-s17-q-r26.log	1195	2026-10-08 17:47	e83bf4ea0969c47f3f873bf7ea80bcf9c2a3890e	on-main-identical		research/paper-v2/generations/r5-2026-10-08/raw/r5-stdout.tgz!runs/r5-validation/stdout/r5v-e4-p2-s17-q-r26.log	
/workspace/reports/atm-v2-harness/runs/r5-validation/stdout/r5v-e4-p2-s17-q-r27.log	1195	2026-10-08 17:47	83b267ac5f8b2b16be3493f251790b52a9814c9b	on-main-identical		research/paper-v2/generations/r5-2026-10-08/raw/r5-stdout.tgz!runs/r5-validation/stdout/r5v-e4-p2-s17-q-r27.log	
/workspace/reports/atm-v2-harness/runs/r5-validation/stdout/r5v-e4-p2-s17-q-r28.log	1194	2026-10-08 17:47	d064ef3234b4fe591e4a4f44be7cc15a5ab9831b	on-main-identical		research/paper-v2/generations/r5-2026-10-08/raw/r5-stdout.tgz!runs/r5-validation/stdout/r5v-e4-p2-s17-q-r28.log	
/workspace/reports/atm-v2-harness/runs/r5-validation/stdout/r5v-e4-p2-s17-q-r29.log	1195	2026-10-08 17:48	d501434ed53201fa9a3fa7637cbdc831d8c12f03	on-main-identical		research/paper-v2/generations/r5-2026-10-08/raw/r5-stdout.tgz!runs/r5-validation/stdout/r5v-e4-p2-s17-q-r29.log	
/workspace/reports/atm-v2-harness/runs/r5-validation/stdout/r5v-e4-p2-s17-q-r30.log	1194	2026-10-08 17:48	41df8588963b256b8579774cf271f42357d9a664	on-main-identical		research/paper-v2/generations/r5-2026-10-08/raw/r5-stdout.tgz!runs/r5-validation/stdout/r5v-e4-p2-s17-q-r30.log	
/workspace/reports/atm-v2-harness/runs/r5-validation/stdout/r5v-e4-p2-s17-qr0-r01.log	1201	2026-10-08 17:44	58a42e593cd7c91902e779be3384812941831a81	on-main-identical		research/paper-v2/generations/r5-2026-10-08/raw/r5-stdout.tgz!runs/r5-validation/stdout/r5v-e4-p2-s17-qr0-r01.log	
/workspace/reports/atm-v2-harness/runs/r5-validation/stdout/r5v-e4-p2-s17-qr0-r02.log	1203	2026-10-08 17:44	48dc0a27e9226c6456dfac82430022ba5b027387	on-main-identical		research/paper-v2/generations/r5-2026-10-08/raw/r5-stdout.tgz!runs/r5-validation/stdout/r5v-e4-p2-s17-qr0-r02.log	
/workspace/reports/atm-v2-harness/runs/r5-validation/stdout/r5v-e4-p2-s17-qr0-r03.log	1202	2026-10-08 17:44	afbe91d675c5db596f3effdc5f6b5505f918f79e	on-main-identical		research/paper-v2/generations/r5-2026-10-08/raw/r5-stdout.tgz!runs/r5-validation/stdout/r5v-e4-p2-s17-qr0-r03.log	
/workspace/reports/atm-v2-harness/runs/r5-validation/stdout/r5v-e4-p2-s17-qr0-r04.log	1204	2026-10-08 17:44	65b3bce1544d204b597959f9ab1852ce8c7e59ea	on-main-identical		research/paper-v2/generations/r5-2026-10-08/raw/r5-stdout.tgz!runs/r5-validation/stdout/r5v-e4-p2-s17-qr0-r04.log	
/workspace/reports/atm-v2-harness/runs/r5-validation/stdout/r5v-e4-p2-s17-qr0-r05.log	1205	2026-10-08 17:44	d341d9b74d09e84b29fd008ea9fe47af6210e52c	on-main-identical		research/paper-v2/generations/r5-2026-10-08/raw/r5-stdout.tgz!runs/r5-validation/stdout/r5v-e4-p2-s17-qr0-r05.log	
/workspace/reports/atm-v2-harness/runs/r5-validation/stdout/r5v-e4-p2-s17-qr0-r06.log	1203	2026-10-08 17:44	0765880d7e92f74916979656c998c3b8994670b7	on-main-identical		research/paper-v2/generations/r5-2026-10-08/raw/r5-stdout.tgz!runs/r5-validation/stdout/r5v-e4-p2-s17-qr0-r06.log	
/workspace/reports/atm-v2-harness/runs/r5-validation/stdout/r5v-e4-p2-s17-qr0-r07.log	1205	2026-10-08 17:45	bc1e787ba2309aa1cc44d2e7872db1dd1b3409c3	on-main-identical		research/paper-v2/generations/r5-2026-10-08/raw/r5-stdout.tgz!runs/r5-validation/stdout/r5v-e4-p2-s17-qr0-r07.log	
/workspace/reports/atm-v2-harness/runs/r5-validation/stdout/r5v-e4-p2-s17-qr0-r08.log	1203	2026-10-08 17:45	c1d0bc282ca837d6e4e029948287fbec5186058f	on-main-identical		research/paper-v2/generations/r5-2026-10-08/raw/r5-stdout.tgz!runs/r5-validation/stdout/r5v-e4-p2-s17-qr0-r08.log	
/workspace/reports/atm-v2-harness/runs/r5-validation/stdout/r5v-e4-p2-s17-qr0-r09.log	1204	2026-10-08 17:45	284f738b5c8121ffc91bfd2105a584bfdf0d2a51	on-main-identical		research/paper-v2/generations/r5-2026-10-08/raw/r5-stdout.tgz!runs/r5-validation/stdout/r5v-e4-p2-s17-qr0-r09.log	
/workspace/reports/atm-v2-harness/runs/r5-validation/stdout/r5v-e4-p2-s17-qr0-r10.log	1203	2026-10-08 17:45	b88bc785ea85058c4550389a2170813feb33585c	on-main-identical		research/paper-v2/generations/r5-2026-10-08/raw/r5-stdout.tgz!runs/r5-validation/stdout/r5v-e4-p2-s17-qr0-r10.log	
/workspace/reports/atm-v2-harness/runs/r5-validation/stdout/r5v-e4-p2-s17-qr0-r11.log	1202	2026-10-08 17:45	bec2cc3e8f534613ad51847b326ffde253f6923a	on-main-identical		research/paper-v2/generations/r5-2026-10-08/raw/r5-stdout.tgz!runs/r5-validation/stdout/r5v-e4-p2-s17-qr0-r11.log	
/workspace/reports/atm-v2-harness/runs/r5-validation/stdout/r5v-e4-p2-s17-qr0-r12.log	1205	2026-10-08 17:45	18388218733bd1b308a688d36afb25088a741a65	on-main-identical		research/paper-v2/generations/r5-2026-10-08/raw/r5-stdout.tgz!runs/r5-validation/stdout/r5v-e4-p2-s17-qr0-r12.log	
/workspace/reports/atm-v2-harness/runs/r5-validation/stdout/r5v-e4-p2-s17-qr0-r13.log	1203	2026-10-08 17:45	259fadeb51d8b62521c407e083e7ccd52b9c8d66	on-main-identical		research/paper-v2/generations/r5-2026-10-08/raw/r5-stdout.tgz!runs/r5-validation/stdout/r5v-e4-p2-s17-qr0-r13.log	
/workspace/reports/atm-v2-harness/runs/r5-validation/stdout/r5v-e4-p2-s17-qr0-r14.log	1202	2026-10-08 17:46	ca07d182b7ca55f27608a4f48248a86faaf2cd8a	on-main-identical		research/paper-v2/generations/r5-2026-10-08/raw/r5-stdout.tgz!runs/r5-validation/stdout/r5v-e4-p2-s17-qr0-r14.log	
/workspace/reports/atm-v2-harness/runs/r5-validation/stdout/r5v-e4-p2-s17-qr0-r15.log	1201	2026-10-08 17:46	e0e298efebe3159103b1686e3cbd0fd0e9cc2c23	on-main-identical		research/paper-v2/generations/r5-2026-10-08/raw/r5-stdout.tgz!runs/r5-validation/stdout/r5v-e4-p2-s17-qr0-r15.log	
/workspace/reports/atm-v2-harness/runs/r5-validation/stdout/r5v-e4-p2-s17-qr0-r16.log	1205	2026-10-08 17:46	d961ee65bf878e96edf50e5ef1c95712e5fa8df1	on-main-identical		research/paper-v2/generations/r5-2026-10-08/raw/r5-stdout.tgz!runs/r5-validation/stdout/r5v-e4-p2-s17-qr0-r16.log	
/workspace/reports/atm-v2-harness/runs/r5-validation/stdout/r5v-e4-p2-s17-qr0-r17.log	1203	2026-10-08 17:46	28cd8996dbc5ed896fdbee0e51d6f1b737f654c4	on-main-identical		research/paper-v2/generations/r5-2026-10-08/raw/r5-stdout.tgz!runs/r5-validation/stdout/r5v-e4-p2-s17-qr0-r17.log	
/workspace/reports/atm-v2-harness/runs/r5-validation/stdout/r5v-e4-p2-s17-qr0-r18.log	1198	2026-10-08 17:46	2c971b2ad33931a107501b38bd0b2fd73b813960	on-main-identical		research/paper-v2/generations/r5-2026-10-08/raw/r5-stdout.tgz!runs/r5-validation/stdout/r5v-e4-p2-s17-qr0-r18.log	
/workspace/reports/atm-v2-harness/runs/r5-validation/stdout/r5v-e4-p2-s17-qr0-r19.log	1202	2026-10-08 17:46	0e779d183fecc3ea12bde7fe23268fa5245630f8	on-main-identical		research/paper-v2/generations/r5-2026-10-08/raw/r5-stdout.tgz!runs/r5-validation/stdout/r5v-e4-p2-s17-qr0-r19.log	
/workspace/reports/atm-v2-harness/runs/r5-validation/stdout/r5v-e4-p2-s17-qr0-r20.log	1204	2026-10-08 17:46	8be2dd26d6efa596aee6ce8c59b31b2c1d457238	on-main-identical		research/paper-v2/generations/r5-2026-10-08/raw/r5-stdout.tgz!runs/r5-validation/stdout/r5v-e4-p2-s17-qr0-r20.log	
/workspace/reports/atm-v2-harness/runs/r5-validation/stdout/r5v-e4-p2-s17-qr0-r21.log	1204	2026-10-08 17:47	7e042cccc490cc1005e803218a9b24d88dff4294	on-main-identical		research/paper-v2/generations/r5-2026-10-08/raw/r5-stdout.tgz!runs/r5-validation/stdout/r5v-e4-p2-s17-qr0-r21.log	
/workspace/reports/atm-v2-harness/runs/r5-validation/stdout/r5v-e4-p2-s17-qr0-r22.log	1203	2026-10-08 17:47	165211fd3b44285632f649855d28dcb2acdfad6f	on-main-identical		research/paper-v2/generations/r5-2026-10-08/raw/r5-stdout.tgz!runs/r5-validation/stdout/r5v-e4-p2-s17-qr0-r22.log	
/workspace/reports/atm-v2-harness/runs/r5-validation/stdout/r5v-e4-p2-s17-qr0-r23.log	1200	2026-10-08 17:47	10484bec78dfd6faa140d3a98c1bc1215164c3c7	on-main-identical		research/paper-v2/generations/r5-2026-10-08/raw/r5-stdout.tgz!runs/r5-validation/stdout/r5v-e4-p2-s17-qr0-r23.log	
/workspace/reports/atm-v2-harness/runs/r5-validation/stdout/r5v-e4-p2-s17-qr0-r24.log	1202	2026-10-08 17:47	c4cdb9b3b40ee246be7699024cfce7453e19cec1	on-main-identical		research/paper-v2/generations/r5-2026-10-08/raw/r5-stdout.tgz!runs/r5-validation/stdout/r5v-e4-p2-s17-qr0-r24.log	
/workspace/reports/atm-v2-harness/runs/r5-validation/stdout/r5v-e4-p2-s17-qr0-r25.log	1204	2026-10-08 17:47	e7d215d32cb326e2d27a7816de822eda733ee573	on-main-identical		research/paper-v2/generations/r5-2026-10-08/raw/r5-stdout.tgz!runs/r5-validation/stdout/r5v-e4-p2-s17-qr0-r25.log	
/workspace/reports/atm-v2-harness/runs/r5-validation/stdout/r5v-e4-p2-s17-qr0-r26.log	1201	2026-10-08 17:47	104f0da5c4dde92a351f0113cf2b5251d23de231	on-main-identical		research/paper-v2/generations/r5-2026-10-08/raw/r5-stdout.tgz!runs/r5-validation/stdout/r5v-e4-p2-s17-qr0-r26.log	
/workspace/reports/atm-v2-harness/runs/r5-validation/stdout/r5v-e4-p2-s17-qr0-r27.log	1203	2026-10-08 17:47	03d78bbe305e3064bc4ea0badb41298a7314aa17	on-main-identical		research/paper-v2/generations/r5-2026-10-08/raw/r5-stdout.tgz!runs/r5-validation/stdout/r5v-e4-p2-s17-qr0-r27.log	
/workspace/reports/atm-v2-harness/runs/r5-validation/stdout/r5v-e4-p2-s17-qr0-r28.log	1204	2026-10-08 17:48	8b22748a733000b5b716505306963666f5a3f3b9	on-main-identical		research/paper-v2/generations/r5-2026-10-08/raw/r5-stdout.tgz!runs/r5-validation/stdout/r5v-e4-p2-s17-qr0-r28.log	
/workspace/reports/atm-v2-harness/runs/r5-validation/stdout/r5v-e4-p2-s17-qr0-r29.log	1203	2026-10-08 17:48	a2e75eabffff3c6dea288d264970cdcf7318ea55	on-main-identical		research/paper-v2/generations/r5-2026-10-08/raw/r5-stdout.tgz!runs/r5-validation/stdout/r5v-e4-p2-s17-qr0-r29.log	
/workspace/reports/atm-v2-harness/runs/r5-validation/stdout/r5v-e4-p2-s17-qr0-r30.log	1203	2026-10-08 17:48	d26548fc678923d1226f9cc787ab27225e7d3c9d	on-main-identical		research/paper-v2/generations/r5-2026-10-08/raw/r5-stdout.tgz!runs/r5-validation/stdout/r5v-e4-p2-s17-qr0-r30.log	
/workspace/reports/atm-v2-harness/runs/r5-validation/stdout/r5v-e4-p2-s17-qr1-r01.log	1203	2026-10-08 17:44	f02ce0241d7c46fb7bf3513f4f80997c395ada05	on-main-identical		research/paper-v2/generations/r5-2026-10-08/raw/r5-stdout.tgz!runs/r5-validation/stdout/r5v-e4-p2-s17-qr1-r01.log	
/workspace/reports/atm-v2-harness/runs/r5-validation/stdout/r5v-e4-p2-s17-qr1-r02.log	1202	2026-10-08 17:44	dec0b272f1fbf0980ff528347a66db77b942857d	on-main-identical		research/paper-v2/generations/r5-2026-10-08/raw/r5-stdout.tgz!runs/r5-validation/stdout/r5v-e4-p2-s17-qr1-r02.log	
/workspace/reports/atm-v2-harness/runs/r5-validation/stdout/r5v-e4-p2-s17-qr1-r03.log	1205	2026-10-08 17:44	9428640db7991244fec053d53dcf622935cf6e61	on-main-identical		research/paper-v2/generations/r5-2026-10-08/raw/r5-stdout.tgz!runs/r5-validation/stdout/r5v-e4-p2-s17-qr1-r03.log	
/workspace/reports/atm-v2-harness/runs/r5-validation/stdout/r5v-e4-p2-s17-qr1-r04.log	1197	2026-10-08 17:44	4410e9f846171158cd7787c02377eed224bdc09a	on-main-identical		research/paper-v2/generations/r5-2026-10-08/raw/r5-stdout.tgz!runs/r5-validation/stdout/r5v-e4-p2-s17-qr1-r04.log	
/workspace/reports/atm-v2-harness/runs/r5-validation/stdout/r5v-e4-p2-s17-qr1-r05.log	1201	2026-10-08 17:44	758c41e29884f629254580264b413caff011657b	on-main-identical		research/paper-v2/generations/r5-2026-10-08/raw/r5-stdout.tgz!runs/r5-validation/stdout/r5v-e4-p2-s17-qr1-r05.log	
/workspace/reports/atm-v2-harness/runs/r5-validation/stdout/r5v-e4-p2-s17-qr1-r06.log	1200	2026-10-08 17:44	91cde8a40516d9bc795568349200367d7cf995f4	on-main-identical		research/paper-v2/generations/r5-2026-10-08/raw/r5-stdout.tgz!runs/r5-validation/stdout/r5v-e4-p2-s17-qr1-r06.log	
/workspace/reports/atm-v2-harness/runs/r5-validation/stdout/r5v-e4-p2-s17-qr1-r07.log	1203	2026-10-08 17:45	821a4493a2abae73ca32a4b36aef157f2ed8de6e	on-main-identical		research/paper-v2/generations/r5-2026-10-08/raw/r5-stdout.tgz!runs/r5-validation/stdout/r5v-e4-p2-s17-qr1-r07.log	
/workspace/reports/atm-v2-harness/runs/r5-validation/stdout/r5v-e4-p2-s17-qr1-r08.log	1205	2026-10-08 17:45	a65cf14b8be81db5736f649d7988ec68551bb897	on-main-identical		research/paper-v2/generations/r5-2026-10-08/raw/r5-stdout.tgz!runs/r5-validation/stdout/r5v-e4-p2-s17-qr1-r08.log	
/workspace/reports/atm-v2-harness/runs/r5-validation/stdout/r5v-e4-p2-s17-qr1-r09.log	1200	2026-10-08 17:45	98b4c796b949193bf39154def12bd7d240eb4d6b	on-main-identical		research/paper-v2/generations/r5-2026-10-08/raw/r5-stdout.tgz!runs/r5-validation/stdout/r5v-e4-p2-s17-qr1-r09.log	
/workspace/reports/atm-v2-harness/runs/r5-validation/stdout/r5v-e4-p2-s17-qr1-r10.log	1204	2026-10-08 17:45	9508c14c5c7c11df9c7f9fde60415c0e40eba9d6	on-main-identical		research/paper-v2/generations/r5-2026-10-08/raw/r5-stdout.tgz!runs/r5-validation/stdout/r5v-e4-p2-s17-qr1-r10.log	
/workspace/reports/atm-v2-harness/runs/r5-validation/stdout/r5v-e4-p2-s17-qr1-r11.log	1201	2026-10-08 17:45	bb20684eb92812261a27a2abf85f0fdb0218d507	on-main-identical		research/paper-v2/generations/r5-2026-10-08/raw/r5-stdout.tgz!runs/r5-validation/stdout/r5v-e4-p2-s17-qr1-r11.log	
/workspace/reports/atm-v2-harness/runs/r5-validation/stdout/r5v-e4-p2-s17-qr1-r12.log	1203	2026-10-08 17:45	503cb14e1e67a784480c81b09cee47083ad02778	on-main-identical		research/paper-v2/generations/r5-2026-10-08/raw/r5-stdout.tgz!runs/r5-validation/stdout/r5v-e4-p2-s17-qr1-r12.log	
/workspace/reports/atm-v2-harness/runs/r5-validation/stdout/r5v-e4-p2-s17-qr1-r13.log	1206	2026-10-08 17:45	dcc49cff57b784e792cfabef6a91649656bd9cb4	on-main-identical		research/paper-v2/generations/r5-2026-10-08/raw/r5-stdout.tgz!runs/r5-validation/stdout/r5v-e4-p2-s17-qr1-r13.log	
/workspace/reports/atm-v2-harness/runs/r5-validation/stdout/r5v-e4-p2-s17-qr1-r14.log	1204	2026-10-08 17:46	acb7fe30de2b63065dc31d0326be5ed5533dfa66	on-main-identical		research/paper-v2/generations/r5-2026-10-08/raw/r5-stdout.tgz!runs/r5-validation/stdout/r5v-e4-p2-s17-qr1-r14.log	
/workspace/reports/atm-v2-harness/runs/r5-validation/stdout/r5v-e4-p2-s17-qr1-r15.log	1200	2026-10-08 17:46	6076726d248f7ba65d91b9d8c9e82da80860352b	on-main-identical		research/paper-v2/generations/r5-2026-10-08/raw/r5-stdout.tgz!runs/r5-validation/stdout/r5v-e4-p2-s17-qr1-r15.log	
/workspace/reports/atm-v2-harness/runs/r5-validation/stdout/r5v-e4-p2-s17-qr1-r16.log	1203	2026-10-08 17:46	6fe6c5d2550dbc396342e4c7ef35be50697d01ba	on-main-identical		research/paper-v2/generations/r5-2026-10-08/raw/r5-stdout.tgz!runs/r5-validation/stdout/r5v-e4-p2-s17-qr1-r16.log	
/workspace/reports/atm-v2-harness/runs/r5-validation/stdout/r5v-e4-p2-s17-qr1-r17.log	1204	2026-10-08 17:46	0375bebd646160052cfa490d826bc5673392a90f	on-main-identical		research/paper-v2/generations/r5-2026-10-08/raw/r5-stdout.tgz!runs/r5-validation/stdout/r5v-e4-p2-s17-qr1-r17.log	
/workspace/reports/atm-v2-harness/runs/r5-validation/stdout/r5v-e4-p2-s17-qr1-r18.log	1200	2026-10-08 17:46	61519ee248032e29586ff3227b166e408f7fdc01	on-main-identical		research/paper-v2/generations/r5-2026-10-08/raw/r5-stdout.tgz!runs/r5-validation/stdout/r5v-e4-p2-s17-qr1-r18.log	
/workspace/reports/atm-v2-harness/runs/r5-validation/stdout/r5v-e4-p2-s17-qr1-r19.log	1205	2026-10-08 17:46	9f1ac84d50c30e3d009e3a892519426e81281dd5	on-main-identical		research/paper-v2/generations/r5-2026-10-08/raw/r5-stdout.tgz!runs/r5-validation/stdout/r5v-e4-p2-s17-qr1-r19.log	
/workspace/reports/atm-v2-harness/runs/r5-validation/stdout/r5v-e4-p2-s17-qr1-r20.log	1201	2026-10-08 17:46	6f9e54041ef0ce606db67aa051222ff04ac6475a	on-main-identical		research/paper-v2/generations/r5-2026-10-08/raw/r5-stdout.tgz!runs/r5-validation/stdout/r5v-e4-p2-s17-qr1-r20.log	
/workspace/reports/atm-v2-harness/runs/r5-validation/stdout/r5v-e4-p2-s17-qr1-r21.log	1202	2026-10-08 17:47	d99d69633918ea18db9fe8c41e3e72998838fb0b	on-main-identical		research/paper-v2/generations/r5-2026-10-08/raw/r5-stdout.tgz!runs/r5-validation/stdout/r5v-e4-p2-s17-qr1-r21.log	
/workspace/reports/atm-v2-harness/runs/r5-validation/stdout/r5v-e4-p2-s17-qr1-r22.log	1202	2026-10-08 17:47	118514affac490afd86a1de3555651598652a761	on-main-identical		research/paper-v2/generations/r5-2026-10-08/raw/r5-stdout.tgz!runs/r5-validation/stdout/r5v-e4-p2-s17-qr1-r22.log	
/workspace/reports/atm-v2-harness/runs/r5-validation/stdout/r5v-e4-p2-s17-qr1-r23.log	1203	2026-10-08 17:47	1be906a6b3522ced2d67988a3c11e9f7d627e8cd	on-main-identical		research/paper-v2/generations/r5-2026-10-08/raw/r5-stdout.tgz!runs/r5-validation/stdout/r5v-e4-p2-s17-qr1-r23.log	
/workspace/reports/atm-v2-harness/runs/r5-validation/stdout/r5v-e4-p2-s17-qr1-r24.log	1202	2026-10-08 17:47	fd10573e69bacbc3b41e4fe1cd68dc4db0ef451e	on-main-identical		research/paper-v2/generations/r5-2026-10-08/raw/r5-stdout.tgz!runs/r5-validation/stdout/r5v-e4-p2-s17-qr1-r24.log	
/workspace/reports/atm-v2-harness/runs/r5-validation/stdout/r5v-e4-p2-s17-qr1-r25.log	1203	2026-10-08 17:47	3f4426d4b51fdd754b5f7e899682ccc7387365d6	on-main-identical		research/paper-v2/generations/r5-2026-10-08/raw/r5-stdout.tgz!runs/r5-validation/stdout/r5v-e4-p2-s17-qr1-r25.log	
/workspace/reports/atm-v2-harness/runs/r5-validation/stdout/r5v-e4-p2-s17-qr1-r26.log	1202	2026-10-08 17:47	9f031af80f012dac1a81c54538a2bf86847cd0e5	on-main-identical		research/paper-v2/generations/r5-2026-10-08/raw/r5-stdout.tgz!runs/r5-validation/stdout/r5v-e4-p2-s17-qr1-r26.log	
/workspace/reports/atm-v2-harness/runs/r5-validation/stdout/r5v-e4-p2-s17-qr1-r27.log	1202	2026-10-08 17:47	8c4398b946b16d219d30dae0e50fa73748abcafb	on-main-identical		research/paper-v2/generations/r5-2026-10-08/raw/r5-stdout.tgz!runs/r5-validation/stdout/r5v-e4-p2-s17-qr1-r27.log	
/workspace/reports/atm-v2-harness/runs/r5-validation/stdout/r5v-e4-p2-s17-qr1-r28.log	1202	2026-10-08 17:48	a42bb45384141a17f353724ea5615f43aadd9370	on-main-identical		research/paper-v2/generations/r5-2026-10-08/raw/r5-stdout.tgz!runs/r5-validation/stdout/r5v-e4-p2-s17-qr1-r28.log	
/workspace/reports/atm-v2-harness/runs/r5-validation/stdout/r5v-e4-p2-s17-qr1-r29.log	1203	2026-10-08 17:48	dab552977ca1b12a0ab6f40ef2c6edba3c2d6a15	on-main-identical		research/paper-v2/generations/r5-2026-10-08/raw/r5-stdout.tgz!runs/r5-validation/stdout/r5v-e4-p2-s17-qr1-r29.log	
/workspace/reports/atm-v2-harness/runs/r5-validation/stdout/r5v-e4-p2-s17-qr1-r30.log	1204	2026-10-08 17:48	9c6686bb186d96f6f2d7b9f19aa854cdcd8bd54a	on-main-identical		research/paper-v2/generations/r5-2026-10-08/raw/r5-stdout.tgz!runs/r5-validation/stdout/r5v-e4-p2-s17-qr1-r30.log	
/workspace/reports/atm-v2-harness/runs/r5-validation/stdout/r5v-e4-p2-s23-g-fix-r1.log	1203	2026-10-08 17:49	6ca867e695a52b8b6a90bca1271d483c039a7783	on-main-identical		research/paper-v2/generations/r5-2026-10-08/raw/r5-stdout.tgz!runs/r5-validation/stdout/r5v-e4-p2-s23-g-fix-r1.log	
/workspace/reports/atm-v2-harness/runs/r5-validation/stdout/r5v-e4-p2-s23-g-fix-r2.log	1206	2026-10-08 17:49	ed3a6275084da83b2fd44196edfa6a2e7ea67992	on-main-identical		research/paper-v2/generations/r5-2026-10-08/raw/r5-stdout.tgz!runs/r5-validation/stdout/r5v-e4-p2-s23-g-fix-r2.log	
/workspace/reports/atm-v2-harness/runs/r5-validation/stdout/r5v-e4-p2-s23-g-fix-r3.log	1206	2026-10-08 17:49	b8b68b00d4fd3d95ce4971b1d8164d46c400b5f4	on-main-identical		research/paper-v2/generations/r5-2026-10-08/raw/r5-stdout.tgz!runs/r5-validation/stdout/r5v-e4-p2-s23-g-fix-r3.log	
/workspace/reports/atm-v2-harness/runs/r5-validation/stdout/r5v-e4-p2-s23-g-fix-r4.log	1208	2026-10-08 17:49	12074b29b51a0b0813db85e232a3e26696a03c5c	on-main-identical		research/paper-v2/generations/r5-2026-10-08/raw/r5-stdout.tgz!runs/r5-validation/stdout/r5v-e4-p2-s23-g-fix-r4.log	
/workspace/reports/atm-v2-harness/runs/r5-validation/stdout/r5v-e4-p2-s23-g-fix-r5.log	1206	2026-10-08 17:50	03e2a20ebaba9c1db9098bfd75807b49ffc17b31	on-main-identical		research/paper-v2/generations/r5-2026-10-08/raw/r5-stdout.tgz!runs/r5-validation/stdout/r5v-e4-p2-s23-g-fix-r5.log	
/workspace/reports/atm-v2-harness/runs/r5-validation/stdout/r5v-e4-p2-s23-g-nq-r1.log	1204	2026-10-08 17:49	740290984148e8f4c45d9826b598447655ef0151	on-main-identical		research/paper-v2/generations/r5-2026-10-08/raw/r5-stdout.tgz!runs/r5-validation/stdout/r5v-e4-p2-s23-g-nq-r1.log	
/workspace/reports/atm-v2-harness/runs/r5-validation/stdout/r5v-e4-p2-s23-g-nq-r2.log	1202	2026-10-08 17:49	39210f9f76f3139e7ee6ac4e656a20164575fb94	on-main-identical		research/paper-v2/generations/r5-2026-10-08/raw/r5-stdout.tgz!runs/r5-validation/stdout/r5v-e4-p2-s23-g-nq-r2.log	
/workspace/reports/atm-v2-harness/runs/r5-validation/stdout/r5v-e4-p2-s23-g-nq-r3.log	1202	2026-10-08 17:49	d3725b4c8cfb2376ff3c149dc22cd32de070a15e	on-main-identical		research/paper-v2/generations/r5-2026-10-08/raw/r5-stdout.tgz!runs/r5-validation/stdout/r5v-e4-p2-s23-g-nq-r3.log	
/workspace/reports/atm-v2-harness/runs/r5-validation/stdout/r5v-e4-p2-s23-g-nq-r4.log	1203	2026-10-08 17:50	4fe5d9bebe18a060900a0781a6daad542fe2fd2d	on-main-identical		research/paper-v2/generations/r5-2026-10-08/raw/r5-stdout.tgz!runs/r5-validation/stdout/r5v-e4-p2-s23-g-nq-r4.log	
/workspace/reports/atm-v2-harness/runs/r5-validation/stdout/r5v-e4-p2-s23-g-nq-r5.log	1201	2026-10-08 17:50	473ddab292db675792fdc7891416bc6d1fadba3f	on-main-identical		research/paper-v2/generations/r5-2026-10-08/raw/r5-stdout.tgz!runs/r5-validation/stdout/r5v-e4-p2-s23-g-nq-r5.log	
/workspace/reports/atm-v2-harness/runs/r5-validation/stdout/r5v-e4-p2-s23-g-nqr0-r1.log	1210	2026-10-08 18:27	72c860a188a736d73ba97e9783a2e1b4ba600625	on-main-identical		research/paper-v2/generations/r5-2026-10-08/raw/r5-stdout.tgz!runs/r5-validation/stdout/r5v-e4-p2-s23-g-nqr0-r1.log	
/workspace/reports/atm-v2-harness/runs/r5-validation/stdout/r5v-e4-p2-s23-g-nqr0-r2.log	1211	2026-10-08 18:27	e1d7b69b22706d2ccbfc3ba642f46cbe38c88cb9	on-main-identical		research/paper-v2/generations/r5-2026-10-08/raw/r5-stdout.tgz!runs/r5-validation/stdout/r5v-e4-p2-s23-g-nqr0-r2.log	
/workspace/reports/atm-v2-harness/runs/r5-validation/stdout/r5v-e4-p2-s23-g-nqr0-r3.log	1211	2026-10-08 18:27	a89eba364f5a2b99d04bc05de0497614cfc3a6a4	on-main-identical		research/paper-v2/generations/r5-2026-10-08/raw/r5-stdout.tgz!runs/r5-validation/stdout/r5v-e4-p2-s23-g-nqr0-r3.log	
/workspace/reports/atm-v2-harness/runs/r5-validation/stdout/r5v-e4-p2-s23-g-nqr0-r4.log	1211	2026-10-08 18:27	d5373927198e981524735e7a19a93b8b4d058cc2	on-main-identical		research/paper-v2/generations/r5-2026-10-08/raw/r5-stdout.tgz!runs/r5-validation/stdout/r5v-e4-p2-s23-g-nqr0-r4.log	
/workspace/reports/atm-v2-harness/runs/r5-validation/stdout/r5v-e4-p2-s23-g-nqr0-r5.log	1211	2026-10-08 18:27	efd2cbb5bba5b9c32a0b0c851996553e3188017a	on-main-identical		research/paper-v2/generations/r5-2026-10-08/raw/r5-stdout.tgz!runs/r5-validation/stdout/r5v-e4-p2-s23-g-nqr0-r5.log	
/workspace/reports/atm-v2-harness/runs/r5-validation/stdout/r5v-e4-p2-s23-g-nqr1-r1.log	1210	2026-10-08 18:27	a6229b7c130c6c72a70451259a1cae25e89f6f69	on-main-identical		research/paper-v2/generations/r5-2026-10-08/raw/r5-stdout.tgz!runs/r5-validation/stdout/r5v-e4-p2-s23-g-nqr1-r1.log	
/workspace/reports/atm-v2-harness/runs/r5-validation/stdout/r5v-e4-p2-s23-g-nqr1-r2.log	1210	2026-10-08 18:27	10699824ebeb6ed1ab060ea700361743438c543d	on-main-identical		research/paper-v2/generations/r5-2026-10-08/raw/r5-stdout.tgz!runs/r5-validation/stdout/r5v-e4-p2-s23-g-nqr1-r2.log	
/workspace/reports/atm-v2-harness/runs/r5-validation/stdout/r5v-e4-p2-s23-g-nqr1-r3.log	1207	2026-10-08 18:27	0999948598375775b6233638797393efb1af7baf	on-main-identical		research/paper-v2/generations/r5-2026-10-08/raw/r5-stdout.tgz!runs/r5-validation/stdout/r5v-e4-p2-s23-g-nqr1-r3.log	
/workspace/reports/atm-v2-harness/runs/r5-validation/stdout/r5v-e4-p2-s23-g-nqr1-r4.log	1208	2026-10-08 18:27	f27046b25341e6b438194ef110c364712ea6f505	on-main-identical		research/paper-v2/generations/r5-2026-10-08/raw/r5-stdout.tgz!runs/r5-validation/stdout/r5v-e4-p2-s23-g-nqr1-r4.log	
/workspace/reports/atm-v2-harness/runs/r5-validation/stdout/r5v-e4-p2-s23-g-nqr1-r5.log	1211	2026-10-08 18:27	00eb9b05f32c776129db1a99fa55a81e4770a5f3	on-main-identical		research/paper-v2/generations/r5-2026-10-08/raw/r5-stdout.tgz!runs/r5-validation/stdout/r5v-e4-p2-s23-g-nqr1-r5.log	
/workspace/reports/atm-v2-harness/runs/r5-validation/stdout/r5v-e4-p2-s23-g-nqref-r1.log	1213	2026-10-08 18:27	edbdba62963081ff3341bfe12f7976fe63f978a2	on-main-identical		research/paper-v2/generations/r5-2026-10-08/raw/r5-stdout.tgz!runs/r5-validation/stdout/r5v-e4-p2-s23-g-nqref-r1.log	
/workspace/reports/atm-v2-harness/runs/r5-validation/stdout/r5v-e4-p2-s23-g-nqref-r2.log	1216	2026-10-08 18:27	52c592dbb66da1052c55adec8cce2ce270bef474	on-main-identical		research/paper-v2/generations/r5-2026-10-08/raw/r5-stdout.tgz!runs/r5-validation/stdout/r5v-e4-p2-s23-g-nqref-r2.log	
/workspace/reports/atm-v2-harness/runs/r5-validation/stdout/r5v-e4-p2-s23-g-nqref-r3.log	1213	2026-10-08 18:27	8d563bb30c04a56b2f5439ffa97c7c5b71d952fb	on-main-identical		research/paper-v2/generations/r5-2026-10-08/raw/r5-stdout.tgz!runs/r5-validation/stdout/r5v-e4-p2-s23-g-nqref-r3.log	
/workspace/reports/atm-v2-harness/runs/r5-validation/stdout/r5v-e4-p2-s23-g-nqref-r4.log	1215	2026-10-08 18:27	e7cbae4d921801b3638750e4cf82a34cc000d0e3	on-main-identical		research/paper-v2/generations/r5-2026-10-08/raw/r5-stdout.tgz!runs/r5-validation/stdout/r5v-e4-p2-s23-g-nqref-r4.log	
/workspace/reports/atm-v2-harness/runs/r5-validation/stdout/r5v-e4-p2-s23-g-nqref-r5.log	1215	2026-10-08 18:27	9831e9c7e74d3bf1675f855dbf40a1f9f02b1595	on-main-identical		research/paper-v2/generations/r5-2026-10-08/raw/r5-stdout.tgz!runs/r5-validation/stdout/r5v-e4-p2-s23-g-nqref-r5.log	
/workspace/reports/atm-v2-harness/runs/r5-validation/stdout/r5v-e4-p2-s23-g-old-r1.log	1205	2026-10-08 17:49	01013fbb8672ce14f1c4a046518ab81d2823f27e	on-main-identical		research/paper-v2/generations/r5-2026-10-08/raw/r5-stdout.tgz!runs/r5-validation/stdout/r5v-e4-p2-s23-g-old-r1.log	
/workspace/reports/atm-v2-harness/runs/r5-validation/stdout/r5v-e4-p2-s23-g-old-r2.log	1207	2026-10-08 17:49	36186fad7fdcf1e6c17c87ec85e6ef371e4b99e5	on-main-identical		research/paper-v2/generations/r5-2026-10-08/raw/r5-stdout.tgz!runs/r5-validation/stdout/r5v-e4-p2-s23-g-old-r2.log	
/workspace/reports/atm-v2-harness/runs/r5-validation/stdout/r5v-e4-p2-s23-g-old-r3.log	1207	2026-10-08 17:49	cc3acfd655102fd193120eb136026b92ded41a4e	on-main-identical		research/paper-v2/generations/r5-2026-10-08/raw/r5-stdout.tgz!runs/r5-validation/stdout/r5v-e4-p2-s23-g-old-r3.log	
/workspace/reports/atm-v2-harness/runs/r5-validation/stdout/r5v-e4-p2-s23-g-old-r4.log	1207	2026-10-08 17:49	505b17054166aeec0e1eeb32c2a3022cded6c4c3	on-main-identical		research/paper-v2/generations/r5-2026-10-08/raw/r5-stdout.tgz!runs/r5-validation/stdout/r5v-e4-p2-s23-g-old-r4.log	
/workspace/reports/atm-v2-harness/runs/r5-validation/stdout/r5v-e4-p2-s23-g-old-r5.log	1205	2026-10-08 17:50	95640c9cbb08b86c95fbcd15d71bd2644bfddd52	on-main-identical		research/paper-v2/generations/r5-2026-10-08/raw/r5-stdout.tgz!runs/r5-validation/stdout/r5v-e4-p2-s23-g-old-r5.log	
/workspace/reports/atm-v2-harness/runs/r5-validation/stdout/r5v-e4-p2-s23-g-opt-r1.log	1208	2026-10-08 17:49	84d5010039e5ccde74724374415ebc8716c2574f	on-main-identical		research/paper-v2/generations/r5-2026-10-08/raw/r5-stdout.tgz!runs/r5-validation/stdout/r5v-e4-p2-s23-g-opt-r1.log	
/workspace/reports/atm-v2-harness/runs/r5-validation/stdout/r5v-e4-p2-s23-g-opt-r2.log	1207	2026-10-08 17:49	8659bb8927b8387ec36c4491e00dd0e838aa46ed	on-main-identical		research/paper-v2/generations/r5-2026-10-08/raw/r5-stdout.tgz!runs/r5-validation/stdout/r5v-e4-p2-s23-g-opt-r2.log	
/workspace/reports/atm-v2-harness/runs/r5-validation/stdout/r5v-e4-p2-s23-g-opt-r3.log	1205	2026-10-08 17:49	31ce52cce1c3104e9b47b5e13fb504e4c74e00a9	on-main-identical		research/paper-v2/generations/r5-2026-10-08/raw/r5-stdout.tgz!runs/r5-validation/stdout/r5v-e4-p2-s23-g-opt-r3.log	
/workspace/reports/atm-v2-harness/runs/r5-validation/stdout/r5v-e4-p2-s23-g-opt-r4.log	1206	2026-10-08 17:50	ebf24bdac93f971944090cbccc00026451e59345	on-main-identical		research/paper-v2/generations/r5-2026-10-08/raw/r5-stdout.tgz!runs/r5-validation/stdout/r5v-e4-p2-s23-g-opt-r4.log	
/workspace/reports/atm-v2-harness/runs/r5-validation/stdout/r5v-e4-p2-s23-g-opt-r5.log	1208	2026-10-08 17:50	80532df88caabf09c78b801aa4de4bc79aed3a28	on-main-identical		research/paper-v2/generations/r5-2026-10-08/raw/r5-stdout.tgz!runs/r5-validation/stdout/r5v-e4-p2-s23-g-opt-r5.log	
/workspace/reports/atm-v2-harness/runs/r5-validation/stdout/r5v-e4-p2-s23-g-q-r1.log	1199	2026-10-08 17:49	8e6c1d8c1cc1f46ffba0f42182010501699dd109	on-main-identical		research/paper-v2/generations/r5-2026-10-08/raw/r5-stdout.tgz!runs/r5-validation/stdout/r5v-e4-p2-s23-g-q-r1.log	
/workspace/reports/atm-v2-harness/runs/r5-validation/stdout/r5v-e4-p2-s23-g-q-r2.log	1198	2026-10-08 17:49	c41f0ee48d390f2cca2ee4b0d18d2aab914a9921	on-main-identical		research/paper-v2/generations/r5-2026-10-08/raw/r5-stdout.tgz!runs/r5-validation/stdout/r5v-e4-p2-s23-g-q-r2.log	
/workspace/reports/atm-v2-harness/runs/r5-validation/stdout/r5v-e4-p2-s23-g-q-r3.log	1199	2026-10-08 17:49	7f1e268a736ab1a5d19d5855863ebd689d6383b1	on-main-identical		research/paper-v2/generations/r5-2026-10-08/raw/r5-stdout.tgz!runs/r5-validation/stdout/r5v-e4-p2-s23-g-q-r3.log	
/workspace/reports/atm-v2-harness/runs/r5-validation/stdout/r5v-e4-p2-s23-g-q-r4.log	1199	2026-10-08 17:50	badeda96b87ad99800831ebf824da80e40a3085d	on-main-identical		research/paper-v2/generations/r5-2026-10-08/raw/r5-stdout.tgz!runs/r5-validation/stdout/r5v-e4-p2-s23-g-q-r4.log	
/workspace/reports/atm-v2-harness/runs/r5-validation/stdout/r5v-e4-p2-s23-g-q-r5.log	1197	2026-10-08 17:50	ef7a7e993b49a9b668208df3ecdfec0c3d6de8e8	on-main-identical		research/paper-v2/generations/r5-2026-10-08/raw/r5-stdout.tgz!runs/r5-validation/stdout/r5v-e4-p2-s23-g-q-r5.log	
/workspace/reports/atm-v2-harness/runs/r5-validation/stdout/r5v-e4-p2-s23-g-qr0-r1.log	1208	2026-10-08 17:49	988ace99b0c8598eaddcc5c14daab2c07ce85a7e	on-main-identical		research/paper-v2/generations/r5-2026-10-08/raw/r5-stdout.tgz!runs/r5-validation/stdout/r5v-e4-p2-s23-g-qr0-r1.log	
/workspace/reports/atm-v2-harness/runs/r5-validation/stdout/r5v-e4-p2-s23-g-qr0-r2.log	1204	2026-10-08 17:49	af0755ccbe13ec4319b35afc11ea548f238947f4	on-main-identical		research/paper-v2/generations/r5-2026-10-08/raw/r5-stdout.tgz!runs/r5-validation/stdout/r5v-e4-p2-s23-g-qr0-r2.log	
/workspace/reports/atm-v2-harness/runs/r5-validation/stdout/r5v-e4-p2-s23-g-qr0-r3.log	1206	2026-10-08 17:49	e6d64c44d1f33b90b00046e9baa7864fe52197f5	on-main-identical		research/paper-v2/generations/r5-2026-10-08/raw/r5-stdout.tgz!runs/r5-validation/stdout/r5v-e4-p2-s23-g-qr0-r3.log	
/workspace/reports/atm-v2-harness/runs/r5-validation/stdout/r5v-e4-p2-s23-g-qr0-r4.log	1202	2026-10-08 17:50	b10b97534f3371b654978581fcf07ba62d9e4d1c	on-main-identical		research/paper-v2/generations/r5-2026-10-08/raw/r5-stdout.tgz!runs/r5-validation/stdout/r5v-e4-p2-s23-g-qr0-r4.log	
/workspace/reports/atm-v2-harness/runs/r5-validation/stdout/r5v-e4-p2-s23-g-qr0-r5.log	1208	2026-10-08 17:50	cd00a4b29f85c0e59dc67ede1d66ab65b4dd4a74	on-main-identical		research/paper-v2/generations/r5-2026-10-08/raw/r5-stdout.tgz!runs/r5-validation/stdout/r5v-e4-p2-s23-g-qr0-r5.log	
/workspace/reports/atm-v2-harness/runs/r5-validation/stdout/r5v-e4-p2-s23-g-qr1-r1.log	1208	2026-10-08 17:49	fbf0609e7fa127466dc0a6c72f18e41a11910580	on-main-identical		research/paper-v2/generations/r5-2026-10-08/raw/r5-stdout.tgz!runs/r5-validation/stdout/r5v-e4-p2-s23-g-qr1-r1.log	
/workspace/reports/atm-v2-harness/runs/r5-validation/stdout/r5v-e4-p2-s23-g-qr1-r2.log	1208	2026-10-08 17:49	576cb5faa7fda6480de5de8d4684668d6e40772e	on-main-identical		research/paper-v2/generations/r5-2026-10-08/raw/r5-stdout.tgz!runs/r5-validation/stdout/r5v-e4-p2-s23-g-qr1-r2.log	
/workspace/reports/atm-v2-harness/runs/r5-validation/stdout/r5v-e4-p2-s23-g-qr1-r3.log	1208	2026-10-08 17:49	f91dc0e4da662f5b22b16e39d1cb7391b58dd965	on-main-identical		research/paper-v2/generations/r5-2026-10-08/raw/r5-stdout.tgz!runs/r5-validation/stdout/r5v-e4-p2-s23-g-qr1-r3.log	
/workspace/reports/atm-v2-harness/runs/r5-validation/stdout/r5v-e4-p2-s23-g-qr1-r4.log	1206	2026-10-08 17:50	0083979ad092110c8a4b31b8bdb73911a6efd976	on-main-identical		research/paper-v2/generations/r5-2026-10-08/raw/r5-stdout.tgz!runs/r5-validation/stdout/r5v-e4-p2-s23-g-qr1-r4.log	
/workspace/reports/atm-v2-harness/runs/r5-validation/stdout/r5v-e4-p2-s23-g-qr1-r5.log	1208	2026-10-08 17:50	cac3b2154e00ffac00d171f8e4e0be8a308fdbfd	on-main-identical		research/paper-v2/generations/r5-2026-10-08/raw/r5-stdout.tgz!runs/r5-validation/stdout/r5v-e4-p2-s23-g-qr1-r5.log	
/workspace/reports/atm-v2-harness/runs/r5-validation/stdout/r5v-e4-p4-s11-g-fix-r1.log	1209	2026-10-08 17:50	5899143ac4179706cbc0cd2704be55b21a80752d	on-main-identical		research/paper-v2/generations/r5-2026-10-08/raw/r5-stdout.tgz!runs/r5-validation/stdout/r5v-e4-p4-s11-g-fix-r1.log	
/workspace/reports/atm-v2-harness/runs/r5-validation/stdout/r5v-e4-p4-s11-g-fix-r2.log	1207	2026-10-08 17:50	2b41f9581a2d920b77638c71a665b3f0edbdf703	on-main-identical		research/paper-v2/generations/r5-2026-10-08/raw/r5-stdout.tgz!runs/r5-validation/stdout/r5v-e4-p4-s11-g-fix-r2.log	
/workspace/reports/atm-v2-harness/runs/r5-validation/stdout/r5v-e4-p4-s11-g-fix-r3.log	1207	2026-10-08 17:50	d989bc56466ea27d6cf8035bdb67e61609047883	on-main-identical		research/paper-v2/generations/r5-2026-10-08/raw/r5-stdout.tgz!runs/r5-validation/stdout/r5v-e4-p4-s11-g-fix-r3.log	
/workspace/reports/atm-v2-harness/runs/r5-validation/stdout/r5v-e4-p4-s11-g-fix-r4.log	1208	2026-10-08 17:50	14312563104fde161177890427d8285d9b211719	on-main-identical		research/paper-v2/generations/r5-2026-10-08/raw/r5-stdout.tgz!runs/r5-validation/stdout/r5v-e4-p4-s11-g-fix-r4.log	
/workspace/reports/atm-v2-harness/runs/r5-validation/stdout/r5v-e4-p4-s11-g-fix-r5.log	1208	2026-10-08 17:50	8bb3f7e6838fe4ded9fe3e125efbc6ebb785219d	on-main-identical		research/paper-v2/generations/r5-2026-10-08/raw/r5-stdout.tgz!runs/r5-validation/stdout/r5v-e4-p4-s11-g-fix-r5.log	
/workspace/reports/atm-v2-harness/runs/r5-validation/stdout/r5v-e4-p4-s11-g-nq-r1.log	1201	2026-10-08 17:50	f95f5ab85cf32f780d5779f44fd5fe422d2c1797	on-main-identical		research/paper-v2/generations/r5-2026-10-08/raw/r5-stdout.tgz!runs/r5-validation/stdout/r5v-e4-p4-s11-g-nq-r1.log	
/workspace/reports/atm-v2-harness/runs/r5-validation/stdout/r5v-e4-p4-s11-g-nq-r2.log	1203	2026-10-08 17:50	2718d3175b3f172b4e32f83df46a8f3b0358cdb1	on-main-identical		research/paper-v2/generations/r5-2026-10-08/raw/r5-stdout.tgz!runs/r5-validation/stdout/r5v-e4-p4-s11-g-nq-r2.log	
/workspace/reports/atm-v2-harness/runs/r5-validation/stdout/r5v-e4-p4-s11-g-nq-r3.log	1204	2026-10-08 17:50	d9db270945d2ab6090a9b5c722342c182362f5c2	on-main-identical		research/paper-v2/generations/r5-2026-10-08/raw/r5-stdout.tgz!runs/r5-validation/stdout/r5v-e4-p4-s11-g-nq-r3.log	
/workspace/reports/atm-v2-harness/runs/r5-validation/stdout/r5v-e4-p4-s11-g-nq-r4.log	1201	2026-10-08 17:50	2e913b17ac5c7e1745e4ed559a5d07cd3e58b69c	on-main-identical		research/paper-v2/generations/r5-2026-10-08/raw/r5-stdout.tgz!runs/r5-validation/stdout/r5v-e4-p4-s11-g-nq-r4.log	
/workspace/reports/atm-v2-harness/runs/r5-validation/stdout/r5v-e4-p4-s11-g-nq-r5.log	1201	2026-10-08 17:50	40f323fd68bbbe4dbe86ccc427e47a056faa29bb	on-main-identical		research/paper-v2/generations/r5-2026-10-08/raw/r5-stdout.tgz!runs/r5-validation/stdout/r5v-e4-p4-s11-g-nq-r5.log	
/workspace/reports/atm-v2-harness/runs/r5-validation/stdout/r5v-e4-p4-s11-g-nqr0-r1.log	1210	2026-10-08 18:27	8019dcb4a0ad3dd451cb6470e82bfba05015655a	on-main-identical		research/paper-v2/generations/r5-2026-10-08/raw/r5-stdout.tgz!runs/r5-validation/stdout/r5v-e4-p4-s11-g-nqr0-r1.log	
/workspace/reports/atm-v2-harness/runs/r5-validation/stdout/r5v-e4-p4-s11-g-nqr0-r2.log	1210	2026-10-08 18:27	0cd5b258139a4a4575ce9b5437a990a6553625d3	on-main-identical		research/paper-v2/generations/r5-2026-10-08/raw/r5-stdout.tgz!runs/r5-validation/stdout/r5v-e4-p4-s11-g-nqr0-r2.log	
/workspace/reports/atm-v2-harness/runs/r5-validation/stdout/r5v-e4-p4-s11-g-nqr0-r3.log	1212	2026-10-08 18:27	77a05dc421e4079e27f49328367675f2561be14f	on-main-identical		research/paper-v2/generations/r5-2026-10-08/raw/r5-stdout.tgz!runs/r5-validation/stdout/r5v-e4-p4-s11-g-nqr0-r3.log	
/workspace/reports/atm-v2-harness/runs/r5-validation/stdout/r5v-e4-p4-s11-g-nqr0-r4.log	1212	2026-10-08 18:27	7b8a763c620b6ac196de89e8aef5e277094aeb36	on-main-identical		research/paper-v2/generations/r5-2026-10-08/raw/r5-stdout.tgz!runs/r5-validation/stdout/r5v-e4-p4-s11-g-nqr0-r4.log	
/workspace/reports/atm-v2-harness/runs/r5-validation/stdout/r5v-e4-p4-s11-g-nqr0-r5.log	1211	2026-10-08 18:27	31d359d99dfa6883c9d5a6bed152ef3f3787c2cd	on-main-identical		research/paper-v2/generations/r5-2026-10-08/raw/r5-stdout.tgz!runs/r5-validation/stdout/r5v-e4-p4-s11-g-nqr0-r5.log	
/workspace/reports/atm-v2-harness/runs/r5-validation/stdout/r5v-e4-p4-s11-g-nqr1-r1.log	1207	2026-10-08 18:27	cdfea3f71b0db04342eb7fc0a22e3c504a35e950	on-main-identical		research/paper-v2/generations/r5-2026-10-08/raw/r5-stdout.tgz!runs/r5-validation/stdout/r5v-e4-p4-s11-g-nqr1-r1.log	
/workspace/reports/atm-v2-harness/runs/r5-validation/stdout/r5v-e4-p4-s11-g-nqr1-r2.log	1211	2026-10-08 18:27	f02796860da8d15e2cdbea74b2b912dc1cddac59	on-main-identical		research/paper-v2/generations/r5-2026-10-08/raw/r5-stdout.tgz!runs/r5-validation/stdout/r5v-e4-p4-s11-g-nqr1-r2.log	
/workspace/reports/atm-v2-harness/runs/r5-validation/stdout/r5v-e4-p4-s11-g-nqr1-r3.log	1212	2026-10-08 18:27	f57b50779e227b4bbd7ea687e01f82a4658d031c	on-main-identical		research/paper-v2/generations/r5-2026-10-08/raw/r5-stdout.tgz!runs/r5-validation/stdout/r5v-e4-p4-s11-g-nqr1-r3.log	
/workspace/reports/atm-v2-harness/runs/r5-validation/stdout/r5v-e4-p4-s11-g-nqr1-r4.log	1208	2026-10-08 18:27	16c03a85ccc3c2a087966fdd0de401aad8371cae	on-main-identical		research/paper-v2/generations/r5-2026-10-08/raw/r5-stdout.tgz!runs/r5-validation/stdout/r5v-e4-p4-s11-g-nqr1-r4.log	
/workspace/reports/atm-v2-harness/runs/r5-validation/stdout/r5v-e4-p4-s11-g-nqr1-r5.log	1209	2026-10-08 18:27	6f99968ae18a5dedd16e3f01df4b788380b42813	on-main-identical		research/paper-v2/generations/r5-2026-10-08/raw/r5-stdout.tgz!runs/r5-validation/stdout/r5v-e4-p4-s11-g-nqr1-r5.log	
/workspace/reports/atm-v2-harness/runs/r5-validation/stdout/r5v-e4-p4-s11-g-nqref-r1.log	1219	2026-10-08 18:27	81ee34fe40a6a175355aa25c8f055ebf3e297f92	on-main-identical		research/paper-v2/generations/r5-2026-10-08/raw/r5-stdout.tgz!runs/r5-validation/stdout/r5v-e4-p4-s11-g-nqref-r1.log	
/workspace/reports/atm-v2-harness/runs/r5-validation/stdout/r5v-e4-p4-s11-g-nqref-r2.log	1215	2026-10-08 18:27	5002ad5b56aac4d2e4c3d671af6d4031791dbec2	on-main-identical		research/paper-v2/generations/r5-2026-10-08/raw/r5-stdout.tgz!runs/r5-validation/stdout/r5v-e4-p4-s11-g-nqref-r2.log	
/workspace/reports/atm-v2-harness/runs/r5-validation/stdout/r5v-e4-p4-s11-g-nqref-r3.log	1216	2026-10-08 18:27	dee717d541f035e37b81fc6c267443dff0197abf	on-main-identical		research/paper-v2/generations/r5-2026-10-08/raw/r5-stdout.tgz!runs/r5-validation/stdout/r5v-e4-p4-s11-g-nqref-r3.log	
/workspace/reports/atm-v2-harness/runs/r5-validation/stdout/r5v-e4-p4-s11-g-nqref-r4.log	1212	2026-10-08 18:27	0c68741186c9d35f3060c8117886a24fb6a17a34	on-main-identical		research/paper-v2/generations/r5-2026-10-08/raw/r5-stdout.tgz!runs/r5-validation/stdout/r5v-e4-p4-s11-g-nqref-r4.log	
/workspace/reports/atm-v2-harness/runs/r5-validation/stdout/r5v-e4-p4-s11-g-nqref-r5.log	1216	2026-10-08 18:27	f74a73638196fab880bf703107410369c9d099bb	on-main-identical		research/paper-v2/generations/r5-2026-10-08/raw/r5-stdout.tgz!runs/r5-validation/stdout/r5v-e4-p4-s11-g-nqref-r5.log	
/workspace/reports/atm-v2-harness/runs/r5-validation/stdout/r5v-e4-p4-s11-g-old-r1.log	1206	2026-10-08 17:50	85c7a3c8f1966d0c2b6e277a41299246c9b6281e	on-main-identical		research/paper-v2/generations/r5-2026-10-08/raw/r5-stdout.tgz!runs/r5-validation/stdout/r5v-e4-p4-s11-g-old-r1.log	
/workspace/reports/atm-v2-harness/runs/r5-validation/stdout/r5v-e4-p4-s11-g-old-r2.log	1200	2026-10-08 17:50	5b04720a9abcab02a0c9f248496ddede1823c0a9	on-main-identical		research/paper-v2/generations/r5-2026-10-08/raw/r5-stdout.tgz!runs/r5-validation/stdout/r5v-e4-p4-s11-g-old-r2.log	
/workspace/reports/atm-v2-harness/runs/r5-validation/stdout/r5v-e4-p4-s11-g-old-r3.log	1207	2026-10-08 17:50	004564e3318a96accdd58e5f58de3bfff627ad80	on-main-identical		research/paper-v2/generations/r5-2026-10-08/raw/r5-stdout.tgz!runs/r5-validation/stdout/r5v-e4-p4-s11-g-old-r3.log	
/workspace/reports/atm-v2-harness/runs/r5-validation/stdout/r5v-e4-p4-s11-g-old-r4.log	1207	2026-10-08 17:50	a2ff38b1c302ec5cb0488f4170b6e6ca671c7b13	on-main-identical		research/paper-v2/generations/r5-2026-10-08/raw/r5-stdout.tgz!runs/r5-validation/stdout/r5v-e4-p4-s11-g-old-r4.log	
/workspace/reports/atm-v2-harness/runs/r5-validation/stdout/r5v-e4-p4-s11-g-old-r5.log	1208	2026-10-08 17:50	b740efd3ae1fe5184f9f409e2a1c9819be7d13a9	on-main-identical		research/paper-v2/generations/r5-2026-10-08/raw/r5-stdout.tgz!runs/r5-validation/stdout/r5v-e4-p4-s11-g-old-r5.log	
/workspace/reports/atm-v2-harness/runs/r5-validation/stdout/r5v-e4-p4-s11-g-opt-r1.log	1208	2026-10-08 17:50	4a0b18c827d43bca06d797574b88001139e9cc6d	on-main-identical		research/paper-v2/generations/r5-2026-10-08/raw/r5-stdout.tgz!runs/r5-validation/stdout/r5v-e4-p4-s11-g-opt-r1.log	
/workspace/reports/atm-v2-harness/runs/r5-validation/stdout/r5v-e4-p4-s11-g-opt-r2.log	1206	2026-10-08 17:50	b56ec2b62abbfd6a00b84b2f7fbeb266efdfa2fa	on-main-identical		research/paper-v2/generations/r5-2026-10-08/raw/r5-stdout.tgz!runs/r5-validation/stdout/r5v-e4-p4-s11-g-opt-r2.log	
/workspace/reports/atm-v2-harness/runs/r5-validation/stdout/r5v-e4-p4-s11-g-opt-r3.log	1208	2026-10-08 17:50	7a96a268e9e713b25df5e80fa5fe1e5d7d09d626	on-main-identical		research/paper-v2/generations/r5-2026-10-08/raw/r5-stdout.tgz!runs/r5-validation/stdout/r5v-e4-p4-s11-g-opt-r3.log	
/workspace/reports/atm-v2-harness/runs/r5-validation/stdout/r5v-e4-p4-s11-g-opt-r4.log	1206	2026-10-08 17:50	198bf4afb820356d2a060dd843b44bc49078c527	on-main-identical		research/paper-v2/generations/r5-2026-10-08/raw/r5-stdout.tgz!runs/r5-validation/stdout/r5v-e4-p4-s11-g-opt-r4.log	
/workspace/reports/atm-v2-harness/runs/r5-validation/stdout/r5v-e4-p4-s11-g-opt-r5.log	1203	2026-10-08 17:50	eba4949bf2b93835b96626dda08bf835bd4f96f4	on-main-identical		research/paper-v2/generations/r5-2026-10-08/raw/r5-stdout.tgz!runs/r5-validation/stdout/r5v-e4-p4-s11-g-opt-r5.log	
/workspace/reports/atm-v2-harness/runs/r5-validation/stdout/r5v-e4-p4-s11-g-q-r1.log	1197	2026-10-08 17:50	c091126f437ebe9fbb532c03a1ad0ffa4f46a0e6	on-main-identical		research/paper-v2/generations/r5-2026-10-08/raw/r5-stdout.tgz!runs/r5-validation/stdout/r5v-e4-p4-s11-g-q-r1.log	
/workspace/reports/atm-v2-harness/runs/r5-validation/stdout/r5v-e4-p4-s11-g-q-r2.log	1196	2026-10-08 17:50	ea781ea175af9f3199a0ac9572ca5aba233df544	on-main-identical		research/paper-v2/generations/r5-2026-10-08/raw/r5-stdout.tgz!runs/r5-validation/stdout/r5v-e4-p4-s11-g-q-r2.log	
/workspace/reports/atm-v2-harness/runs/r5-validation/stdout/r5v-e4-p4-s11-g-q-r3.log	1197	2026-10-08 17:50	0fe5317ff6c551ec5dd1585b172f49b7b6485530	on-main-identical		research/paper-v2/generations/r5-2026-10-08/raw/r5-stdout.tgz!runs/r5-validation/stdout/r5v-e4-p4-s11-g-q-r3.log	
/workspace/reports/atm-v2-harness/runs/r5-validation/stdout/r5v-e4-p4-s11-g-q-r4.log	1200	2026-10-08 17:50	8f255b42c1a87092607db1e8e138df0c7bcf496e	on-main-identical		research/paper-v2/generations/r5-2026-10-08/raw/r5-stdout.tgz!runs/r5-validation/stdout/r5v-e4-p4-s11-g-q-r4.log	
/workspace/reports/atm-v2-harness/runs/r5-validation/stdout/r5v-e4-p4-s11-g-q-r5.log	1200	2026-10-08 17:50	23e74377f90e13070443343ed707e5a78b2a0305	on-main-identical		research/paper-v2/generations/r5-2026-10-08/raw/r5-stdout.tgz!runs/r5-validation/stdout/r5v-e4-p4-s11-g-q-r5.log	
/workspace/reports/atm-v2-harness/runs/r5-validation/stdout/r5v-e4-p4-s11-g-qr0-r1.log	1208	2026-10-08 17:50	d9cdcf7ce3f0d598461667e90b58596c9c4d3ede	on-main-identical		research/paper-v2/generations/r5-2026-10-08/raw/r5-stdout.tgz!runs/r5-validation/stdout/r5v-e4-p4-s11-g-qr0-r1.log	
/workspace/reports/atm-v2-harness/runs/r5-validation/stdout/r5v-e4-p4-s11-g-qr0-r2.log	1209	2026-10-08 17:50	a59debd334df4739c92892bb3e344f9364579368	on-main-identical		research/paper-v2/generations/r5-2026-10-08/raw/r5-stdout.tgz!runs/r5-validation/stdout/r5v-e4-p4-s11-g-qr0-r2.log	
/workspace/reports/atm-v2-harness/runs/r5-validation/stdout/r5v-e4-p4-s11-g-qr0-r3.log	1203	2026-10-08 17:50	2ddf39efacc1b18025dcbef978b00dd27b416733	on-main-identical		research/paper-v2/generations/r5-2026-10-08/raw/r5-stdout.tgz!runs/r5-validation/stdout/r5v-e4-p4-s11-g-qr0-r3.log	
/workspace/reports/atm-v2-harness/runs/r5-validation/stdout/r5v-e4-p4-s11-g-qr0-r4.log	1208	2026-10-08 17:50	ceac13e78a7e174c9e769b0074dbc8b751ddc17c	on-main-identical		research/paper-v2/generations/r5-2026-10-08/raw/r5-stdout.tgz!runs/r5-validation/stdout/r5v-e4-p4-s11-g-qr0-r4.log	
/workspace/reports/atm-v2-harness/runs/r5-validation/stdout/r5v-e4-p4-s11-g-qr0-r5.log	1207	2026-10-08 17:50	66e7a6048208274572bf6051cc38e94decc713f2	on-main-identical		research/paper-v2/generations/r5-2026-10-08/raw/r5-stdout.tgz!runs/r5-validation/stdout/r5v-e4-p4-s11-g-qr0-r5.log	
/workspace/reports/atm-v2-harness/runs/r5-validation/stdout/r5v-e4-p4-s11-g-qr1-r1.log	1204	2026-10-08 17:50	dc8e936a0500cc9d24e0512beefd14a0e0f063a8	on-main-identical		research/paper-v2/generations/r5-2026-10-08/raw/r5-stdout.tgz!runs/r5-validation/stdout/r5v-e4-p4-s11-g-qr1-r1.log	
/workspace/reports/atm-v2-harness/runs/r5-validation/stdout/r5v-e4-p4-s11-g-qr1-r2.log	1206	2026-10-08 17:50	ccce68f630c33606a1cc85c417fec989748f283e	on-main-identical		research/paper-v2/generations/r5-2026-10-08/raw/r5-stdout.tgz!runs/r5-validation/stdout/r5v-e4-p4-s11-g-qr1-r2.log	
/workspace/reports/atm-v2-harness/runs/r5-validation/stdout/r5v-e4-p4-s11-g-qr1-r3.log	1208	2026-10-08 17:50	b2c5c1fc2f0f41a22c8a6af97931f9f0f3d141b2	on-main-identical		research/paper-v2/generations/r5-2026-10-08/raw/r5-stdout.tgz!runs/r5-validation/stdout/r5v-e4-p4-s11-g-qr1-r3.log	
/workspace/reports/atm-v2-harness/runs/r5-validation/stdout/r5v-e4-p4-s11-g-qr1-r4.log	1206	2026-10-08 17:50	b159a83e5a830475c170dafe684502d53abe40aa	on-main-identical		research/paper-v2/generations/r5-2026-10-08/raw/r5-stdout.tgz!runs/r5-validation/stdout/r5v-e4-p4-s11-g-qr1-r4.log	
/workspace/reports/atm-v2-harness/runs/r5-validation/stdout/r5v-e4-p4-s11-g-qr1-r5.log	1202	2026-10-08 17:50	81f267181b6c498c479f7e5745b65768e51a0775	on-main-identical		research/paper-v2/generations/r5-2026-10-08/raw/r5-stdout.tgz!runs/r5-validation/stdout/r5v-e4-p4-s11-g-qr1-r5.log	
/workspace/reports/atm-v2-harness/runs/r5-validation/stdout/r5v-e4-p4-s17-g-fix-r1.log	1208	2026-10-08 17:50	4bcb91d7afcf505d52589d1f8fe03f5af3b3f606	on-main-identical		research/paper-v2/generations/r5-2026-10-08/raw/r5-stdout.tgz!runs/r5-validation/stdout/r5v-e4-p4-s17-g-fix-r1.log	
/workspace/reports/atm-v2-harness/runs/r5-validation/stdout/r5v-e4-p4-s17-g-fix-r2.log	1205	2026-10-08 17:51	15c7299a8924d56e5f95b94211835e648af9d3d6	on-main-identical		research/paper-v2/generations/r5-2026-10-08/raw/r5-stdout.tgz!runs/r5-validation/stdout/r5v-e4-p4-s17-g-fix-r2.log	
/workspace/reports/atm-v2-harness/runs/r5-validation/stdout/r5v-e4-p4-s17-g-fix-r3.log	1207	2026-10-08 17:51	e2f18cee7134c4dccd48c324461b995faa120c36	on-main-identical		research/paper-v2/generations/r5-2026-10-08/raw/r5-stdout.tgz!runs/r5-validation/stdout/r5v-e4-p4-s17-g-fix-r3.log	
/workspace/reports/atm-v2-harness/runs/r5-validation/stdout/r5v-e4-p4-s17-g-fix-r4.log	1208	2026-10-08 17:51	1fbb10749a724401e98b0685863a3cb047a7c844	on-main-identical		research/paper-v2/generations/r5-2026-10-08/raw/r5-stdout.tgz!runs/r5-validation/stdout/r5v-e4-p4-s17-g-fix-r4.log	
/workspace/reports/atm-v2-harness/runs/r5-validation/stdout/r5v-e4-p4-s17-g-fix-r5.log	1207	2026-10-08 17:51	5eb8c8b56d4d65ce297c000bd43e2849e4f2814f	on-main-identical		research/paper-v2/generations/r5-2026-10-08/raw/r5-stdout.tgz!runs/r5-validation/stdout/r5v-e4-p4-s17-g-fix-r5.log	
/workspace/reports/atm-v2-harness/runs/r5-validation/stdout/r5v-e4-p4-s17-g-nq-r1.log	1202	2026-10-08 17:51	769cd02535496aa993ac82c78a1e93c64dd6f181	on-main-identical		research/paper-v2/generations/r5-2026-10-08/raw/r5-stdout.tgz!runs/r5-validation/stdout/r5v-e4-p4-s17-g-nq-r1.log	
/workspace/reports/atm-v2-harness/runs/r5-validation/stdout/r5v-e4-p4-s17-g-nq-r2.log	1204	2026-10-08 17:51	ccf316f71b21c7537dcb90c9a7a117cbfbd5a865	on-main-identical		research/paper-v2/generations/r5-2026-10-08/raw/r5-stdout.tgz!runs/r5-validation/stdout/r5v-e4-p4-s17-g-nq-r2.log	
/workspace/reports/atm-v2-harness/runs/r5-validation/stdout/r5v-e4-p4-s17-g-nq-r3.log	1203	2026-10-08 17:51	011a816ed8d7d949fcb18dc8ab0fa52eb5920fdf	on-main-identical		research/paper-v2/generations/r5-2026-10-08/raw/r5-stdout.tgz!runs/r5-validation/stdout/r5v-e4-p4-s17-g-nq-r3.log	
/workspace/reports/atm-v2-harness/runs/r5-validation/stdout/r5v-e4-p4-s17-g-nq-r4.log	1203	2026-10-08 17:51	7096d227f73b56649296299ea6e61e3b9054a5cf	on-main-identical		research/paper-v2/generations/r5-2026-10-08/raw/r5-stdout.tgz!runs/r5-validation/stdout/r5v-e4-p4-s17-g-nq-r4.log	
/workspace/reports/atm-v2-harness/runs/r5-validation/stdout/r5v-e4-p4-s17-g-nq-r5.log	1203	2026-10-08 17:51	5e4dcc548ea43e05482b78e2031783429be97515	on-main-identical		research/paper-v2/generations/r5-2026-10-08/raw/r5-stdout.tgz!runs/r5-validation/stdout/r5v-e4-p4-s17-g-nq-r5.log	
/workspace/reports/atm-v2-harness/runs/r5-validation/stdout/r5v-e4-p4-s17-g-nqr0-r1.log	1212	2026-10-08 18:27	24efa8d5807a037c211e23b9ab3dbfcb72a45692	on-main-identical		research/paper-v2/generations/r5-2026-10-08/raw/r5-stdout.tgz!runs/r5-validation/stdout/r5v-e4-p4-s17-g-nqr0-r1.log	
/workspace/reports/atm-v2-harness/runs/r5-validation/stdout/r5v-e4-p4-s17-g-nqr0-r2.log	1213	2026-10-08 18:27	8681d726ec70101c8ac085db512a79f71f0bd40f	on-main-identical		research/paper-v2/generations/r5-2026-10-08/raw/r5-stdout.tgz!runs/r5-validation/stdout/r5v-e4-p4-s17-g-nqr0-r2.log	
/workspace/reports/atm-v2-harness/runs/r5-validation/stdout/r5v-e4-p4-s17-g-nqr0-r3.log	1208	2026-10-08 18:28	67e1cec6b0c17daf3903b70d73a3ffabbd915ec1	on-main-identical		research/paper-v2/generations/r5-2026-10-08/raw/r5-stdout.tgz!runs/r5-validation/stdout/r5v-e4-p4-s17-g-nqr0-r3.log	
/workspace/reports/atm-v2-harness/runs/r5-validation/stdout/r5v-e4-p4-s17-g-nqr0-r4.log	1213	2026-10-08 18:28	e31bd20326376650284fbe42d31628b4e504890e	on-main-identical		research/paper-v2/generations/r5-2026-10-08/raw/r5-stdout.tgz!runs/r5-validation/stdout/r5v-e4-p4-s17-g-nqr0-r4.log	
/workspace/reports/atm-v2-harness/runs/r5-validation/stdout/r5v-e4-p4-s17-g-nqr0-r5.log	1211	2026-10-08 18:28	2037ea97c4699c00937b6193554b9ebc858c87f1	on-main-identical		research/paper-v2/generations/r5-2026-10-08/raw/r5-stdout.tgz!runs/r5-validation/stdout/r5v-e4-p4-s17-g-nqr0-r5.log	
/workspace/reports/atm-v2-harness/runs/r5-validation/stdout/r5v-e4-p4-s17-g-nqr1-r1.log	1214	2026-10-08 18:27	1bc719d67437739b544573faeff134830346da99	on-main-identical		research/paper-v2/generations/r5-2026-10-08/raw/r5-stdout.tgz!runs/r5-validation/stdout/r5v-e4-p4-s17-g-nqr1-r1.log	
/workspace/reports/atm-v2-harness/runs/r5-validation/stdout/r5v-e4-p4-s17-g-nqr1-r2.log	1211	2026-10-08 18:27	912d931cf7a73d9c3de53a0e90084a305cf3e298	on-main-identical		research/paper-v2/generations/r5-2026-10-08/raw/r5-stdout.tgz!runs/r5-validation/stdout/r5v-e4-p4-s17-g-nqr1-r2.log	
/workspace/reports/atm-v2-harness/runs/r5-validation/stdout/r5v-e4-p4-s17-g-nqr1-r3.log	1213	2026-10-08 18:28	bd28e9c9f3a7ff35174a66efb7954de7b8fa02bf	on-main-identical		research/paper-v2/generations/r5-2026-10-08/raw/r5-stdout.tgz!runs/r5-validation/stdout/r5v-e4-p4-s17-g-nqr1-r3.log	
/workspace/reports/atm-v2-harness/runs/r5-validation/stdout/r5v-e4-p4-s17-g-nqr1-r4.log	1209	2026-10-08 18:28	e7480194e5353860d96c6be43ce6209a7488841c	on-main-identical		research/paper-v2/generations/r5-2026-10-08/raw/r5-stdout.tgz!runs/r5-validation/stdout/r5v-e4-p4-s17-g-nqr1-r4.log	
/workspace/reports/atm-v2-harness/runs/r5-validation/stdout/r5v-e4-p4-s17-g-nqr1-r5.log	1210	2026-10-08 18:28	a66668695d8d706c28a575d6c30b5a8131e5b86a	on-main-identical		research/paper-v2/generations/r5-2026-10-08/raw/r5-stdout.tgz!runs/r5-validation/stdout/r5v-e4-p4-s17-g-nqr1-r5.log	
/workspace/reports/atm-v2-harness/runs/r5-validation/stdout/r5v-e4-p4-s17-g-nqref-r1.log	1217	2026-10-08 18:27	751e4fe6333337e3e9d28fcae866ed2a285f8791	on-main-identical		research/paper-v2/generations/r5-2026-10-08/raw/r5-stdout.tgz!runs/r5-validation/stdout/r5v-e4-p4-s17-g-nqref-r1.log	
/workspace/reports/atm-v2-harness/runs/r5-validation/stdout/r5v-e4-p4-s17-g-nqref-r2.log	1214	2026-10-08 18:27	d5f34810d840e7c3de453bb2a90c52e20a0d2944	on-main-identical		research/paper-v2/generations/r5-2026-10-08/raw/r5-stdout.tgz!runs/r5-validation/stdout/r5v-e4-p4-s17-g-nqref-r2.log	
/workspace/reports/atm-v2-harness/runs/r5-validation/stdout/r5v-e4-p4-s17-g-nqref-r3.log	1218	2026-10-08 18:27	835e0ba8e967fbfb747a579f8e54cf4a40dcd2a5	on-main-identical		research/paper-v2/generations/r5-2026-10-08/raw/r5-stdout.tgz!runs/r5-validation/stdout/r5v-e4-p4-s17-g-nqref-r3.log	
/workspace/reports/atm-v2-harness/runs/r5-validation/stdout/r5v-e4-p4-s17-g-nqref-r4.log	1215	2026-10-08 18:28	262b3cf6a1ebb863514eea884aeecbbffb8ed600	on-main-identical		research/paper-v2/generations/r5-2026-10-08/raw/r5-stdout.tgz!runs/r5-validation/stdout/r5v-e4-p4-s17-g-nqref-r4.log	
/workspace/reports/atm-v2-harness/runs/r5-validation/stdout/r5v-e4-p4-s17-g-nqref-r5.log	1215	2026-10-08 18:28	01132d9bfc7d0480264a1dd3cdd2a86499f0e90e	on-main-identical		research/paper-v2/generations/r5-2026-10-08/raw/r5-stdout.tgz!runs/r5-validation/stdout/r5v-e4-p4-s17-g-nqref-r5.log	
/workspace/reports/atm-v2-harness/runs/r5-validation/stdout/r5v-e4-p4-s17-g-old-r1.log	1208	2026-10-08 17:50	169c6e6d98b0528105e208d198a3b666558b6b66	on-main-identical		research/paper-v2/generations/r5-2026-10-08/raw/r5-stdout.tgz!runs/r5-validation/stdout/r5v-e4-p4-s17-g-old-r1.log	
/workspace/reports/atm-v2-harness/runs/r5-validation/stdout/r5v-e4-p4-s17-g-old-r2.log	1208	2026-10-08 17:51	877bbb3cb6420c922b67547d9c4f9e425f346752	on-main-identical		research/paper-v2/generations/r5-2026-10-08/raw/r5-stdout.tgz!runs/r5-validation/stdout/r5v-e4-p4-s17-g-old-r2.log	
/workspace/reports/atm-v2-harness/runs/r5-validation/stdout/r5v-e4-p4-s17-g-old-r3.log	1205	2026-10-08 17:51	48a49f5f58fd9c8c5788f8d53042e52c609ec10b	on-main-identical		research/paper-v2/generations/r5-2026-10-08/raw/r5-stdout.tgz!runs/r5-validation/stdout/r5v-e4-p4-s17-g-old-r3.log	
/workspace/reports/atm-v2-harness/runs/r5-validation/stdout/r5v-e4-p4-s17-g-old-r4.log	1206	2026-10-08 17:51	65c8289072105f90ce559146772f867130e439d3	on-main-identical		research/paper-v2/generations/r5-2026-10-08/raw/r5-stdout.tgz!runs/r5-validation/stdout/r5v-e4-p4-s17-g-old-r4.log	
/workspace/reports/atm-v2-harness/runs/r5-validation/stdout/r5v-e4-p4-s17-g-old-r5.log	1207	2026-10-08 17:51	4e228a98abf4dd32211653ff0c385d6687bf15b9	on-main-identical		research/paper-v2/generations/r5-2026-10-08/raw/r5-stdout.tgz!runs/r5-validation/stdout/r5v-e4-p4-s17-g-old-r5.log	
/workspace/reports/atm-v2-harness/runs/r5-validation/stdout/r5v-e4-p4-s17-g-opt-r1.log	1208	2026-10-08 17:50	6eda555678a868be645e662bc0e9e6cea316ac13	on-main-identical		research/paper-v2/generations/r5-2026-10-08/raw/r5-stdout.tgz!runs/r5-validation/stdout/r5v-e4-p4-s17-g-opt-r1.log	
/workspace/reports/atm-v2-harness/runs/r5-validation/stdout/r5v-e4-p4-s17-g-opt-r2.log	1204	2026-10-08 17:51	14ba20ef3d1878e55ddd4051006ce079e782feaa	on-main-identical		research/paper-v2/generations/r5-2026-10-08/raw/r5-stdout.tgz!runs/r5-validation/stdout/r5v-e4-p4-s17-g-opt-r2.log	
/workspace/reports/atm-v2-harness/runs/r5-validation/stdout/r5v-e4-p4-s17-g-opt-r3.log	1204	2026-10-08 17:51	e2db987e417783ef0f689817331f2d9a79da5b77	on-main-identical		research/paper-v2/generations/r5-2026-10-08/raw/r5-stdout.tgz!runs/r5-validation/stdout/r5v-e4-p4-s17-g-opt-r3.log	
/workspace/reports/atm-v2-harness/runs/r5-validation/stdout/r5v-e4-p4-s17-g-opt-r4.log	1208	2026-10-08 17:51	f0b10d0be228e5fa47d84a2eddc1a9ed9e8fc2d3	on-main-identical		research/paper-v2/generations/r5-2026-10-08/raw/r5-stdout.tgz!runs/r5-validation/stdout/r5v-e4-p4-s17-g-opt-r4.log	
/workspace/reports/atm-v2-harness/runs/r5-validation/stdout/r5v-e4-p4-s17-g-opt-r5.log	1207	2026-10-08 17:51	b5fa53822bc40015968b78969e6ab55728f5f1a2	on-main-identical		research/paper-v2/generations/r5-2026-10-08/raw/r5-stdout.tgz!runs/r5-validation/stdout/r5v-e4-p4-s17-g-opt-r5.log	
/workspace/reports/atm-v2-harness/runs/r5-validation/stdout/r5v-e4-p4-s17-g-q-r1.log	1199	2026-10-08 17:50	ea811c7bbb8f41aa43cbc3b3cfcd7d48cb57b32e	on-main-identical		research/paper-v2/generations/r5-2026-10-08/raw/r5-stdout.tgz!runs/r5-validation/stdout/r5v-e4-p4-s17-g-q-r1.log	
/workspace/reports/atm-v2-harness/runs/r5-validation/stdout/r5v-e4-p4-s17-g-q-r2.log	1199	2026-10-08 17:51	6ea31f21325db40da41e6834daa58cd435ff84b4	on-main-identical		research/paper-v2/generations/r5-2026-10-08/raw/r5-stdout.tgz!runs/r5-validation/stdout/r5v-e4-p4-s17-g-q-r2.log	
/workspace/reports/atm-v2-harness/runs/r5-validation/stdout/r5v-e4-p4-s17-g-q-r3.log	1200	2026-10-08 17:51	57d2d9ee62ffb46e78ed4fc1a0f31f1370484400	on-main-identical		research/paper-v2/generations/r5-2026-10-08/raw/r5-stdout.tgz!runs/r5-validation/stdout/r5v-e4-p4-s17-g-q-r3.log	
/workspace/reports/atm-v2-harness/runs/r5-validation/stdout/r5v-e4-p4-s17-g-q-r4.log	1198	2026-10-08 17:51	5012d4571e8c8ffcab63ae59953d1841dccfc1b6	on-main-identical		research/paper-v2/generations/r5-2026-10-08/raw/r5-stdout.tgz!runs/r5-validation/stdout/r5v-e4-p4-s17-g-q-r4.log	
/workspace/reports/atm-v2-harness/runs/r5-validation/stdout/r5v-e4-p4-s17-g-q-r5.log	1200	2026-10-08 17:51	4379e1bc9d372f1272514f1aeef62941db6d9b6e	on-main-identical		research/paper-v2/generations/r5-2026-10-08/raw/r5-stdout.tgz!runs/r5-validation/stdout/r5v-e4-p4-s17-g-q-r5.log	
/workspace/reports/atm-v2-harness/runs/r5-validation/stdout/r5v-e4-p4-s17-g-qr0-r1.log	1208	2026-10-08 17:51	2a01f29ac3fb8c8ac376d25027b41c0c9a5c3aaa	on-main-identical		research/paper-v2/generations/r5-2026-10-08/raw/r5-stdout.tgz!runs/r5-validation/stdout/r5v-e4-p4-s17-g-qr0-r1.log	
/workspace/reports/atm-v2-harness/runs/r5-validation/stdout/r5v-e4-p4-s17-g-qr0-r2.log	1208	2026-10-08 17:51	a90c51c4a78d95d0f7abb2395ec9adfda7ecf3fe	on-main-identical		research/paper-v2/generations/r5-2026-10-08/raw/r5-stdout.tgz!runs/r5-validation/stdout/r5v-e4-p4-s17-g-qr0-r2.log	
/workspace/reports/atm-v2-harness/runs/r5-validation/stdout/r5v-e4-p4-s17-g-qr0-r3.log	1208	2026-10-08 17:51	a0d478080d468306cb49ce5d8ba8e4a4d2b023bd	on-main-identical		research/paper-v2/generations/r5-2026-10-08/raw/r5-stdout.tgz!runs/r5-validation/stdout/r5v-e4-p4-s17-g-qr0-r3.log	
/workspace/reports/atm-v2-harness/runs/r5-validation/stdout/r5v-e4-p4-s17-g-qr0-r4.log	1205	2026-10-08 17:51	9608588c53981695fafbc7bf7bff73fcfd75e955	on-main-identical		research/paper-v2/generations/r5-2026-10-08/raw/r5-stdout.tgz!runs/r5-validation/stdout/r5v-e4-p4-s17-g-qr0-r4.log	
/workspace/reports/atm-v2-harness/runs/r5-validation/stdout/r5v-e4-p4-s17-g-qr0-r5.log	1205	2026-10-08 17:51	2f48c17677f43e68aab13a36d314c5065fa5e683	on-main-identical		research/paper-v2/generations/r5-2026-10-08/raw/r5-stdout.tgz!runs/r5-validation/stdout/r5v-e4-p4-s17-g-qr0-r5.log	
/workspace/reports/atm-v2-harness/runs/r5-validation/stdout/r5v-e4-p4-s17-g-qr1-r1.log	1209	2026-10-08 17:51	791ab6aee2544ccd4707127779798580851fde4b	on-main-identical		research/paper-v2/generations/r5-2026-10-08/raw/r5-stdout.tgz!runs/r5-validation/stdout/r5v-e4-p4-s17-g-qr1-r1.log	
/workspace/reports/atm-v2-harness/runs/r5-validation/stdout/r5v-e4-p4-s17-g-qr1-r2.log	1210	2026-10-08 17:51	798355b5ceb4370c2bb7440baae9d92888aa8ca4	on-main-identical		research/paper-v2/generations/r5-2026-10-08/raw/r5-stdout.tgz!runs/r5-validation/stdout/r5v-e4-p4-s17-g-qr1-r2.log	
/workspace/reports/atm-v2-harness/runs/r5-validation/stdout/r5v-e4-p4-s17-g-qr1-r3.log	1210	2026-10-08 17:51	083e74728b05a66b5bacdc45ba0eff68ffb0e4e2	on-main-identical		research/paper-v2/generations/r5-2026-10-08/raw/r5-stdout.tgz!runs/r5-validation/stdout/r5v-e4-p4-s17-g-qr1-r3.log	
/workspace/reports/atm-v2-harness/runs/r5-validation/stdout/r5v-e4-p4-s17-g-qr1-r4.log	1207	2026-10-08 17:51	99ae5f35b49e067ae37accf83e0c3ac58d2b64be	on-main-identical		research/paper-v2/generations/r5-2026-10-08/raw/r5-stdout.tgz!runs/r5-validation/stdout/r5v-e4-p4-s17-g-qr1-r4.log	
/workspace/reports/atm-v2-harness/runs/r5-validation/stdout/r5v-e4-p4-s17-g-qr1-r5.log	1202	2026-10-08 17:51	250ad4968b52a3049094eb7705ba7f3ecb0ac63c	on-main-identical		research/paper-v2/generations/r5-2026-10-08/raw/r5-stdout.tgz!runs/r5-validation/stdout/r5v-e4-p4-s17-g-qr1-r5.log	
/workspace/reports/atm-v2-harness/runs/r5-validation/stdout/r5v-e4-p4-s23-g-fix-r1.log	1206	2026-10-08 17:51	313c3c3b6784482fc4385e9043e66b11a05427dc	on-main-identical		research/paper-v2/generations/r5-2026-10-08/raw/r5-stdout.tgz!runs/r5-validation/stdout/r5v-e4-p4-s23-g-fix-r1.log	
/workspace/reports/atm-v2-harness/runs/r5-validation/stdout/r5v-e4-p4-s23-g-fix-r2.log	1207	2026-10-08 17:51	2b03addfc4a67daa29862723a7a62c79d15cda40	on-main-identical		research/paper-v2/generations/r5-2026-10-08/raw/r5-stdout.tgz!runs/r5-validation/stdout/r5v-e4-p4-s23-g-fix-r2.log	
/workspace/reports/atm-v2-harness/runs/r5-validation/stdout/r5v-e4-p4-s23-g-fix-r3.log	1208	2026-10-08 17:51	1e9a2dbd783c2b3ac0821935e7d2effe5e379c27	on-main-identical		research/paper-v2/generations/r5-2026-10-08/raw/r5-stdout.tgz!runs/r5-validation/stdout/r5v-e4-p4-s23-g-fix-r3.log	
/workspace/reports/atm-v2-harness/runs/r5-validation/stdout/r5v-e4-p4-s23-g-fix-r4.log	1210	2026-10-08 17:52	d2ad941e5e76a0405c61aa7fc3dc851a29fa63ff	on-main-identical		research/paper-v2/generations/r5-2026-10-08/raw/r5-stdout.tgz!runs/r5-validation/stdout/r5v-e4-p4-s23-g-fix-r4.log	
/workspace/reports/atm-v2-harness/runs/r5-validation/stdout/r5v-e4-p4-s23-g-fix-r5.log	1207	2026-10-08 17:52	9cb3192eb802f0bf7270f1761b5aef4e93b86072	on-main-identical		research/paper-v2/generations/r5-2026-10-08/raw/r5-stdout.tgz!runs/r5-validation/stdout/r5v-e4-p4-s23-g-fix-r5.log	
/workspace/reports/atm-v2-harness/runs/r5-validation/stdout/r5v-e4-p4-s23-g-nq-r1.log	1202	2026-10-08 17:51	7a66cf3a5169a5a3c8a0cb61d746c3b1fa825fb7	on-main-identical		research/paper-v2/generations/r5-2026-10-08/raw/r5-stdout.tgz!runs/r5-validation/stdout/r5v-e4-p4-s23-g-nq-r1.log	
/workspace/reports/atm-v2-harness/runs/r5-validation/stdout/r5v-e4-p4-s23-g-nq-r2.log	1206	2026-10-08 17:51	b984e9fb73239b6649f19faa7bf765e6995388fd	on-main-identical		research/paper-v2/generations/r5-2026-10-08/raw/r5-stdout.tgz!runs/r5-validation/stdout/r5v-e4-p4-s23-g-nq-r2.log	
/workspace/reports/atm-v2-harness/runs/r5-validation/stdout/r5v-e4-p4-s23-g-nq-r3.log	1204	2026-10-08 17:51	0526b5a6d4eccba3cdd69e56f00156b9828575da	on-main-identical		research/paper-v2/generations/r5-2026-10-08/raw/r5-stdout.tgz!runs/r5-validation/stdout/r5v-e4-p4-s23-g-nq-r3.log	
/workspace/reports/atm-v2-harness/runs/r5-validation/stdout/r5v-e4-p4-s23-g-nq-r4.log	1199	2026-10-08 17:52	e22663b712a5af54b986cd548a046f3a91096242	on-main-identical		research/paper-v2/generations/r5-2026-10-08/raw/r5-stdout.tgz!runs/r5-validation/stdout/r5v-e4-p4-s23-g-nq-r4.log	
/workspace/reports/atm-v2-harness/runs/r5-validation/stdout/r5v-e4-p4-s23-g-nq-r5.log	1202	2026-10-08 17:52	7235961c760b8e796773631ff04c9a0d0fb93576	on-main-identical		research/paper-v2/generations/r5-2026-10-08/raw/r5-stdout.tgz!runs/r5-validation/stdout/r5v-e4-p4-s23-g-nq-r5.log	
/workspace/reports/atm-v2-harness/runs/r5-validation/stdout/r5v-e4-p4-s23-g-nqr0-r1.log	1212	2026-10-08 18:28	1dc13f5025ad95638d35697ed3f5a41f5c218511	on-main-identical		research/paper-v2/generations/r5-2026-10-08/raw/r5-stdout.tgz!runs/r5-validation/stdout/r5v-e4-p4-s23-g-nqr0-r1.log	
/workspace/reports/atm-v2-harness/runs/r5-validation/stdout/r5v-e4-p4-s23-g-nqr0-r2.log	1211	2026-10-08 18:28	428aeef40ccd7e5b7e25040ca3d908ebb29200de	on-main-identical		research/paper-v2/generations/r5-2026-10-08/raw/r5-stdout.tgz!runs/r5-validation/stdout/r5v-e4-p4-s23-g-nqr0-r2.log	
/workspace/reports/atm-v2-harness/runs/r5-validation/stdout/r5v-e4-p4-s23-g-nqr0-r3.log	1213	2026-10-08 18:28	15c3faf58a7f215c1f1a964228d0b0d1b6016839	on-main-identical		research/paper-v2/generations/r5-2026-10-08/raw/r5-stdout.tgz!runs/r5-validation/stdout/r5v-e4-p4-s23-g-nqr0-r3.log	
/workspace/reports/atm-v2-harness/runs/r5-validation/stdout/r5v-e4-p4-s23-g-nqr0-r4.log	1211	2026-10-08 18:28	60e04b3d82e96e30bdb4807e39bd5187107136bb	on-main-identical		research/paper-v2/generations/r5-2026-10-08/raw/r5-stdout.tgz!runs/r5-validation/stdout/r5v-e4-p4-s23-g-nqr0-r4.log	
/workspace/reports/atm-v2-harness/runs/r5-validation/stdout/r5v-e4-p4-s23-g-nqr0-r5.log	1211	2026-10-08 18:28	8aafcf3711a8d275d0888413ea4e41e8c8a6677f	on-main-identical		research/paper-v2/generations/r5-2026-10-08/raw/r5-stdout.tgz!runs/r5-validation/stdout/r5v-e4-p4-s23-g-nqr0-r5.log	
/workspace/reports/atm-v2-harness/runs/r5-validation/stdout/r5v-e4-p4-s23-g-nqr1-r1.log	1211	2026-10-08 18:28	b044b93a3a0b84a5738f728afbfc12e4d9cf252e	on-main-identical		research/paper-v2/generations/r5-2026-10-08/raw/r5-stdout.tgz!runs/r5-validation/stdout/r5v-e4-p4-s23-g-nqr1-r1.log	
/workspace/reports/atm-v2-harness/runs/r5-validation/stdout/r5v-e4-p4-s23-g-nqr1-r2.log	1213	2026-10-08 18:28	31cf36f58b1ca25e32291cc750459e44d106f0eb	on-main-identical		research/paper-v2/generations/r5-2026-10-08/raw/r5-stdout.tgz!runs/r5-validation/stdout/r5v-e4-p4-s23-g-nqr1-r2.log	
/workspace/reports/atm-v2-harness/runs/r5-validation/stdout/r5v-e4-p4-s23-g-nqr1-r3.log	1208	2026-10-08 18:28	42a4d03caada60909e9cfca501331cddbcf7833a	on-main-identical		research/paper-v2/generations/r5-2026-10-08/raw/r5-stdout.tgz!runs/r5-validation/stdout/r5v-e4-p4-s23-g-nqr1-r3.log	
/workspace/reports/atm-v2-harness/runs/r5-validation/stdout/r5v-e4-p4-s23-g-nqr1-r4.log	1212	2026-10-08 18:28	61861564e3f9a692f1b6704cbd2fac5ff4771754	on-main-identical		research/paper-v2/generations/r5-2026-10-08/raw/r5-stdout.tgz!runs/r5-validation/stdout/r5v-e4-p4-s23-g-nqr1-r4.log	
/workspace/reports/atm-v2-harness/runs/r5-validation/stdout/r5v-e4-p4-s23-g-nqr1-r5.log	1213	2026-10-08 18:28	034a6587613e04863c8e95ca4abbb954e6aedb03	on-main-identical		research/paper-v2/generations/r5-2026-10-08/raw/r5-stdout.tgz!runs/r5-validation/stdout/r5v-e4-p4-s23-g-nqr1-r5.log	
/workspace/reports/atm-v2-harness/runs/r5-validation/stdout/r5v-e4-p4-s23-g-nqref-r1.log	1215	2026-10-08 18:28	04a510c6234ffe312d8151ff752c05f0af6dced0	on-main-identical		research/paper-v2/generations/r5-2026-10-08/raw/r5-stdout.tgz!runs/r5-validation/stdout/r5v-e4-p4-s23-g-nqref-r1.log	
/workspace/reports/atm-v2-harness/runs/r5-validation/stdout/r5v-e4-p4-s23-g-nqref-r2.log	1216	2026-10-08 18:28	45ec743248ea8941c1b0c1023ab0ed32cf556036	on-main-identical		research/paper-v2/generations/r5-2026-10-08/raw/r5-stdout.tgz!runs/r5-validation/stdout/r5v-e4-p4-s23-g-nqref-r2.log	
/workspace/reports/atm-v2-harness/runs/r5-validation/stdout/r5v-e4-p4-s23-g-nqref-r3.log	1207	2026-10-08 18:28	b161feee037fe5b081fa9415d346e6a95d163f26	on-main-identical		research/paper-v2/generations/r5-2026-10-08/raw/r5-stdout.tgz!runs/r5-validation/stdout/r5v-e4-p4-s23-g-nqref-r3.log	
/workspace/reports/atm-v2-harness/runs/r5-validation/stdout/r5v-e4-p4-s23-g-nqref-r4.log	1217	2026-10-08 18:28	c54513c628c68908cbd357499939a4118fd90835	on-main-identical		research/paper-v2/generations/r5-2026-10-08/raw/r5-stdout.tgz!runs/r5-validation/stdout/r5v-e4-p4-s23-g-nqref-r4.log	
/workspace/reports/atm-v2-harness/runs/r5-validation/stdout/r5v-e4-p4-s23-g-nqref-r5.log	1216	2026-10-08 18:28	723c59c894fe4b2a82c345b5ce5cf96771da55fe	on-main-identical		research/paper-v2/generations/r5-2026-10-08/raw/r5-stdout.tgz!runs/r5-validation/stdout/r5v-e4-p4-s23-g-nqref-r5.log	
/workspace/reports/atm-v2-harness/runs/r5-validation/stdout/r5v-e4-p4-s23-g-old-r1.log	1209	2026-10-08 17:51	91747689ba3cf07371aead28cbeec70ac280abcd	on-main-identical		research/paper-v2/generations/r5-2026-10-08/raw/r5-stdout.tgz!runs/r5-validation/stdout/r5v-e4-p4-s23-g-old-r1.log	
/workspace/reports/atm-v2-harness/runs/r5-validation/stdout/r5v-e4-p4-s23-g-old-r2.log	1208	2026-10-08 17:51	2a9dfd7d29d69999c89f389dd972e4ce557f963c	on-main-identical		research/paper-v2/generations/r5-2026-10-08/raw/r5-stdout.tgz!runs/r5-validation/stdout/r5v-e4-p4-s23-g-old-r2.log	
/workspace/reports/atm-v2-harness/runs/r5-validation/stdout/r5v-e4-p4-s23-g-old-r3.log	1209	2026-10-08 17:51	1d14953fca11bd0782c75a30dbb3719b50547ca1	on-main-identical		research/paper-v2/generations/r5-2026-10-08/raw/r5-stdout.tgz!runs/r5-validation/stdout/r5v-e4-p4-s23-g-old-r3.log	
/workspace/reports/atm-v2-harness/runs/r5-validation/stdout/r5v-e4-p4-s23-g-old-r4.log	1207	2026-10-08 17:52	9da6f12f50894a7bd26adf52e1c38f1af791a8f5	on-main-identical		research/paper-v2/generations/r5-2026-10-08/raw/r5-stdout.tgz!runs/r5-validation/stdout/r5v-e4-p4-s23-g-old-r4.log	
/workspace/reports/atm-v2-harness/runs/r5-validation/stdout/r5v-e4-p4-s23-g-old-r5.log	1205	2026-10-08 17:52	d0e452fe54d15b32a3019b3e93615d203388f36e	on-main-identical		research/paper-v2/generations/r5-2026-10-08/raw/r5-stdout.tgz!runs/r5-validation/stdout/r5v-e4-p4-s23-g-old-r5.log	
/workspace/reports/atm-v2-harness/runs/r5-validation/stdout/r5v-e4-p4-s23-g-opt-r1.log	1209	2026-10-08 17:51	4309fb2508f617755363e8a0def7abc4c3422932	on-main-identical		research/paper-v2/generations/r5-2026-10-08/raw/r5-stdout.tgz!runs/r5-validation/stdout/r5v-e4-p4-s23-g-opt-r1.log	
/workspace/reports/atm-v2-harness/runs/r5-validation/stdout/r5v-e4-p4-s23-g-opt-r2.log	1208	2026-10-08 17:51	281e0230ae63b7f2e768b8130c37cbb1bb81b665	on-main-identical		research/paper-v2/generations/r5-2026-10-08/raw/r5-stdout.tgz!runs/r5-validation/stdout/r5v-e4-p4-s23-g-opt-r2.log	
/workspace/reports/atm-v2-harness/runs/r5-validation/stdout/r5v-e4-p4-s23-g-opt-r3.log	1207	2026-10-08 17:51	6d91be242f38986134e63722119f0cb2ce735574	on-main-identical		research/paper-v2/generations/r5-2026-10-08/raw/r5-stdout.tgz!runs/r5-validation/stdout/r5v-e4-p4-s23-g-opt-r3.log	
/workspace/reports/atm-v2-harness/runs/r5-validation/stdout/r5v-e4-p4-s23-g-opt-r4.log	1209	2026-10-08 17:52	8d80fd7ffa1cfbcc5e973d8b50cb9a0053623c6b	on-main-identical		research/paper-v2/generations/r5-2026-10-08/raw/r5-stdout.tgz!runs/r5-validation/stdout/r5v-e4-p4-s23-g-opt-r4.log	
/workspace/reports/atm-v2-harness/runs/r5-validation/stdout/r5v-e4-p4-s23-g-opt-r5.log	1206	2026-10-08 17:52	2cdc2677f474e0e185c18c8e9c50ac0282825561	on-main-identical		research/paper-v2/generations/r5-2026-10-08/raw/r5-stdout.tgz!runs/r5-validation/stdout/r5v-e4-p4-s23-g-opt-r5.log	
/workspace/reports/atm-v2-harness/runs/r5-validation/stdout/r5v-e4-p4-s23-g-q-r1.log	1200	2026-10-08 17:51	13944fa0949e18225a9b1f53f09d727eff4a0034	on-main-identical		research/paper-v2/generations/r5-2026-10-08/raw/r5-stdout.tgz!runs/r5-validation/stdout/r5v-e4-p4-s23-g-q-r1.log	
/workspace/reports/atm-v2-harness/runs/r5-validation/stdout/r5v-e4-p4-s23-g-q-r2.log	1201	2026-10-08 17:51	adcb84cebc3efe794ae37180a2c72aa876a1fa06	on-main-identical		research/paper-v2/generations/r5-2026-10-08/raw/r5-stdout.tgz!runs/r5-validation/stdout/r5v-e4-p4-s23-g-q-r2.log	
/workspace/reports/atm-v2-harness/runs/r5-validation/stdout/r5v-e4-p4-s23-g-q-r3.log	1202	2026-10-08 17:51	90bf696974f84d9c55ca25ca00083ced990db51f	on-main-identical		research/paper-v2/generations/r5-2026-10-08/raw/r5-stdout.tgz!runs/r5-validation/stdout/r5v-e4-p4-s23-g-q-r3.log	
/workspace/reports/atm-v2-harness/runs/r5-validation/stdout/r5v-e4-p4-s23-g-q-r4.log	1201	2026-10-08 17:52	e3aec1b9064328f3cec211894ee3776a3c858094	on-main-identical		research/paper-v2/generations/r5-2026-10-08/raw/r5-stdout.tgz!runs/r5-validation/stdout/r5v-e4-p4-s23-g-q-r4.log	
/workspace/reports/atm-v2-harness/runs/r5-validation/stdout/r5v-e4-p4-s23-g-q-r5.log	1198	2026-10-08 17:52	63fd11fa4b4ae338582b6c1d95ab0413f14db606	on-main-identical		research/paper-v2/generations/r5-2026-10-08/raw/r5-stdout.tgz!runs/r5-validation/stdout/r5v-e4-p4-s23-g-q-r5.log	
/workspace/reports/atm-v2-harness/runs/r5-validation/stdout/r5v-e4-p4-s23-g-qr0-r1.log	1209	2026-10-08 17:51	b63365ee7c822d16778f036714f4838a76343c15	on-main-identical		research/paper-v2/generations/r5-2026-10-08/raw/r5-stdout.tgz!runs/r5-validation/stdout/r5v-e4-p4-s23-g-qr0-r1.log	
/workspace/reports/atm-v2-harness/runs/r5-validation/stdout/r5v-e4-p4-s23-g-qr0-r2.log	1205	2026-10-08 17:51	799dc5132fb76a5e683ee570ec3374f0af9efe36	on-main-identical		research/paper-v2/generations/r5-2026-10-08/raw/r5-stdout.tgz!runs/r5-validation/stdout/r5v-e4-p4-s23-g-qr0-r2.log	
/workspace/reports/atm-v2-harness/runs/r5-validation/stdout/r5v-e4-p4-s23-g-qr0-r3.log	1206	2026-10-08 17:52	106776aa5070b6083bde22193fcd3ab8f90ed1c4	on-main-identical		research/paper-v2/generations/r5-2026-10-08/raw/r5-stdout.tgz!runs/r5-validation/stdout/r5v-e4-p4-s23-g-qr0-r3.log	
/workspace/reports/atm-v2-harness/runs/r5-validation/stdout/r5v-e4-p4-s23-g-qr0-r4.log	1209	2026-10-08 17:52	a70f53948ac1499298e92e1cc83c50ac78fb8380	on-main-identical		research/paper-v2/generations/r5-2026-10-08/raw/r5-stdout.tgz!runs/r5-validation/stdout/r5v-e4-p4-s23-g-qr0-r4.log	
/workspace/reports/atm-v2-harness/runs/r5-validation/stdout/r5v-e4-p4-s23-g-qr0-r5.log	1208	2026-10-08 17:52	4559713a98a42c4b22c2345f4914f99bdec39d46	on-main-identical		research/paper-v2/generations/r5-2026-10-08/raw/r5-stdout.tgz!runs/r5-validation/stdout/r5v-e4-p4-s23-g-qr0-r5.log	
/workspace/reports/atm-v2-harness/runs/r5-validation/stdout/r5v-e4-p4-s23-g-qr1-r1.log	1204	2026-10-08 17:51	28b252f07972e859430df438ac38b4bb867ef878	on-main-identical		research/paper-v2/generations/r5-2026-10-08/raw/r5-stdout.tgz!runs/r5-validation/stdout/r5v-e4-p4-s23-g-qr1-r1.log	
/workspace/reports/atm-v2-harness/runs/r5-validation/stdout/r5v-e4-p4-s23-g-qr1-r2.log	1209	2026-10-08 17:51	5511d56a853912a67d6bb0f589a3c63d68317b25	on-main-identical		research/paper-v2/generations/r5-2026-10-08/raw/r5-stdout.tgz!runs/r5-validation/stdout/r5v-e4-p4-s23-g-qr1-r2.log	
/workspace/reports/atm-v2-harness/runs/r5-validation/stdout/r5v-e4-p4-s23-g-qr1-r3.log	1207	2026-10-08 17:52	183dce49b24ad3e5c135dfdc1d8625eb69e0f6c2	on-main-identical		research/paper-v2/generations/r5-2026-10-08/raw/r5-stdout.tgz!runs/r5-validation/stdout/r5v-e4-p4-s23-g-qr1-r3.log	
/workspace/reports/atm-v2-harness/runs/r5-validation/stdout/r5v-e4-p4-s23-g-qr1-r4.log	1210	2026-10-08 17:52	03a3f8b75ecc516b4411ee897ebc20d3f16556e5	on-main-identical		research/paper-v2/generations/r5-2026-10-08/raw/r5-stdout.tgz!runs/r5-validation/stdout/r5v-e4-p4-s23-g-qr1-r4.log	
/workspace/reports/atm-v2-harness/runs/r5-validation/stdout/r5v-e4-p4-s23-g-qr1-r5.log	1208	2026-10-08 17:52	2634a2bf94df8cba2d1500b60b4ea62df15dcd97	on-main-identical		research/paper-v2/generations/r5-2026-10-08/raw/r5-stdout.tgz!runs/r5-validation/stdout/r5v-e4-p4-s23-g-qr1-r5.log	
/workspace/reports/atm-v2-harness/runs/r5-validation/stdout/r5v-e4-p8-s11-g-fix-r1.log	1209	2026-10-08 17:52	514bcc853795cac8fd88a743fe8b64ed979972f6	on-main-identical		research/paper-v2/generations/r5-2026-10-08/raw/r5-stdout.tgz!runs/r5-validation/stdout/r5v-e4-p8-s11-g-fix-r1.log	
/workspace/reports/atm-v2-harness/runs/r5-validation/stdout/r5v-e4-p8-s11-g-fix-r2.log	1212	2026-10-08 17:52	c89cb9bea02804638afaae7e07bbf608ae432325	on-main-identical		research/paper-v2/generations/r5-2026-10-08/raw/r5-stdout.tgz!runs/r5-validation/stdout/r5v-e4-p8-s11-g-fix-r2.log	
/workspace/reports/atm-v2-harness/runs/r5-validation/stdout/r5v-e4-p8-s11-g-fix-r3.log	1209	2026-10-08 17:52	f770c6b95393a8bd907335ed3dd58ffca840775c	on-main-identical		research/paper-v2/generations/r5-2026-10-08/raw/r5-stdout.tgz!runs/r5-validation/stdout/r5v-e4-p8-s11-g-fix-r3.log	
/workspace/reports/atm-v2-harness/runs/r5-validation/stdout/r5v-e4-p8-s11-g-fix-r4.log	1208	2026-10-08 17:52	15ab473ccdade62d2b260d38c40872e8cdabd613	on-main-identical		research/paper-v2/generations/r5-2026-10-08/raw/r5-stdout.tgz!runs/r5-validation/stdout/r5v-e4-p8-s11-g-fix-r4.log	
/workspace/reports/atm-v2-harness/runs/r5-validation/stdout/r5v-e4-p8-s11-g-fix-r5.log	1209	2026-10-08 17:53	385dc62af3c53d39dbfe63eda27a1279e90fee3e	on-main-identical		research/paper-v2/generations/r5-2026-10-08/raw/r5-stdout.tgz!runs/r5-validation/stdout/r5v-e4-p8-s11-g-fix-r5.log	
/workspace/reports/atm-v2-harness/runs/r5-validation/stdout/r5v-e4-p8-s11-g-nq-r1.log	1205	2026-10-08 17:52	7e6644f228eb0b47903d54fd4507d4cf0749b42e	on-main-identical		research/paper-v2/generations/r5-2026-10-08/raw/r5-stdout.tgz!runs/r5-validation/stdout/r5v-e4-p8-s11-g-nq-r1.log	
/workspace/reports/atm-v2-harness/runs/r5-validation/stdout/r5v-e4-p8-s11-g-nq-r2.log	1206	2026-10-08 17:52	4b5831ab1384f801aab613797baf65c16ccbe4d9	on-main-identical		research/paper-v2/generations/r5-2026-10-08/raw/r5-stdout.tgz!runs/r5-validation/stdout/r5v-e4-p8-s11-g-nq-r2.log	
/workspace/reports/atm-v2-harness/runs/r5-validation/stdout/r5v-e4-p8-s11-g-nq-r3.log	1204	2026-10-08 17:52	803a630db07d2590065fb166bab914a8ac8359d6	on-main-identical		research/paper-v2/generations/r5-2026-10-08/raw/r5-stdout.tgz!runs/r5-validation/stdout/r5v-e4-p8-s11-g-nq-r3.log	
/workspace/reports/atm-v2-harness/runs/r5-validation/stdout/r5v-e4-p8-s11-g-nq-r4.log	1208	2026-10-08 17:52	c3593f2d6d59e576ddb4a122b1f603ef34555faa	on-main-identical		research/paper-v2/generations/r5-2026-10-08/raw/r5-stdout.tgz!runs/r5-validation/stdout/r5v-e4-p8-s11-g-nq-r4.log	
/workspace/reports/atm-v2-harness/runs/r5-validation/stdout/r5v-e4-p8-s11-g-nq-r5.log	1206	2026-10-08 17:53	4ae4f4e8fc50aeaaa8ad1adfa671ba1705dee167	on-main-identical		research/paper-v2/generations/r5-2026-10-08/raw/r5-stdout.tgz!runs/r5-validation/stdout/r5v-e4-p8-s11-g-nq-r5.log	
/workspace/reports/atm-v2-harness/runs/r5-validation/stdout/r5v-e4-p8-s11-g-nqr0-r1.log	1213	2026-10-08 18:28	d34d5c7b3284bab5ba50c8ae093da222f8f3c10d	on-main-identical		research/paper-v2/generations/r5-2026-10-08/raw/r5-stdout.tgz!runs/r5-validation/stdout/r5v-e4-p8-s11-g-nqr0-r1.log	
/workspace/reports/atm-v2-harness/runs/r5-validation/stdout/r5v-e4-p8-s11-g-nqr0-r2.log	1213	2026-10-08 18:28	c4d1ea0b7033ee2a1fd1ee77d4e92ef63ee0c9a8	on-main-identical		research/paper-v2/generations/r5-2026-10-08/raw/r5-stdout.tgz!runs/r5-validation/stdout/r5v-e4-p8-s11-g-nqr0-r2.log	
/workspace/reports/atm-v2-harness/runs/r5-validation/stdout/r5v-e4-p8-s11-g-nqr0-r3.log	1215	2026-10-08 18:28	6dd9d11f37fd4d1afb7bc76ede8e468b1f9e377f	on-main-identical		research/paper-v2/generations/r5-2026-10-08/raw/r5-stdout.tgz!runs/r5-validation/stdout/r5v-e4-p8-s11-g-nqr0-r3.log	
/workspace/reports/atm-v2-harness/runs/r5-validation/stdout/r5v-e4-p8-s11-g-nqr0-r4.log	1213	2026-10-08 18:28	2062507696ad6141b9e5a95212d5d4a43601a53a	on-main-identical		research/paper-v2/generations/r5-2026-10-08/raw/r5-stdout.tgz!runs/r5-validation/stdout/r5v-e4-p8-s11-g-nqr0-r4.log	
/workspace/reports/atm-v2-harness/runs/r5-validation/stdout/r5v-e4-p8-s11-g-nqr0-r5.log	1213	2026-10-08 18:28	f5049f0e0f6df7e61c89bf29d6353ae11f9f378e	on-main-identical		research/paper-v2/generations/r5-2026-10-08/raw/r5-stdout.tgz!runs/r5-validation/stdout/r5v-e4-p8-s11-g-nqr0-r5.log	
/workspace/reports/atm-v2-harness/runs/r5-validation/stdout/r5v-e4-p8-s11-g-nqr1-r1.log	1213	2026-10-08 18:28	f9c1f4a5ec6fc4377122bb1a661e98fc8fbc9abd	on-main-identical		research/paper-v2/generations/r5-2026-10-08/raw/r5-stdout.tgz!runs/r5-validation/stdout/r5v-e4-p8-s11-g-nqr1-r1.log	
/workspace/reports/atm-v2-harness/runs/r5-validation/stdout/r5v-e4-p8-s11-g-nqr1-r2.log	1212	2026-10-08 18:28	b7054fe01cbaffd4fa040dabb55d52ac03809d89	on-main-identical		research/paper-v2/generations/r5-2026-10-08/raw/r5-stdout.tgz!runs/r5-validation/stdout/r5v-e4-p8-s11-g-nqr1-r2.log	
/workspace/reports/atm-v2-harness/runs/r5-validation/stdout/r5v-e4-p8-s11-g-nqr1-r3.log	1213	2026-10-08 18:28	961be61a040007bc6acbf3a0a669fdde455edaad	on-main-identical		research/paper-v2/generations/r5-2026-10-08/raw/r5-stdout.tgz!runs/r5-validation/stdout/r5v-e4-p8-s11-g-nqr1-r3.log	
/workspace/reports/atm-v2-harness/runs/r5-validation/stdout/r5v-e4-p8-s11-g-nqr1-r4.log	1215	2026-10-08 18:28	121e3038d510413f4fbd9633195af29f85babf4e	on-main-identical		research/paper-v2/generations/r5-2026-10-08/raw/r5-stdout.tgz!runs/r5-validation/stdout/r5v-e4-p8-s11-g-nqr1-r4.log	
/workspace/reports/atm-v2-harness/runs/r5-validation/stdout/r5v-e4-p8-s11-g-nqr1-r5.log	1212	2026-10-08 18:28	d41e754ce8e468412cb8f4f5cea78306531d3d15	on-main-identical		research/paper-v2/generations/r5-2026-10-08/raw/r5-stdout.tgz!runs/r5-validation/stdout/r5v-e4-p8-s11-g-nqr1-r5.log	
/workspace/reports/atm-v2-harness/runs/r5-validation/stdout/r5v-e4-p8-s11-g-nqref-r1.log	1225	2026-10-08 18:28	bb5645998b28635ae3f71b69c70382e2e3a630dd	on-main-identical		research/paper-v2/generations/r5-2026-10-08/raw/r5-stdout.tgz!runs/r5-validation/stdout/r5v-e4-p8-s11-g-nqref-r1.log	
/workspace/reports/atm-v2-harness/runs/r5-validation/stdout/r5v-e4-p8-s11-g-nqref-r2.log	1219	2026-10-08 18:28	48430e5336906b9f9909692031e9f17fc0109720	on-main-identical		research/paper-v2/generations/r5-2026-10-08/raw/r5-stdout.tgz!runs/r5-validation/stdout/r5v-e4-p8-s11-g-nqref-r2.log	
/workspace/reports/atm-v2-harness/runs/r5-validation/stdout/r5v-e4-p8-s11-g-nqref-r3.log	1219	2026-10-08 18:28	79eb34f5cc55e0238f2483612e2b0ee0c68e15ab	on-main-identical		research/paper-v2/generations/r5-2026-10-08/raw/r5-stdout.tgz!runs/r5-validation/stdout/r5v-e4-p8-s11-g-nqref-r3.log	
/workspace/reports/atm-v2-harness/runs/r5-validation/stdout/r5v-e4-p8-s11-g-nqref-r4.log	1218	2026-10-08 18:28	5a5317c282ad2ed2d0049d9a194afc0d92eeb266	on-main-identical		research/paper-v2/generations/r5-2026-10-08/raw/r5-stdout.tgz!runs/r5-validation/stdout/r5v-e4-p8-s11-g-nqref-r4.log	
/workspace/reports/atm-v2-harness/runs/r5-validation/stdout/r5v-e4-p8-s11-g-nqref-r5.log	1215	2026-10-08 18:28	9f71b5d6139b3da0ed68d91b7eeac400e2c7c380	on-main-identical		research/paper-v2/generations/r5-2026-10-08/raw/r5-stdout.tgz!runs/r5-validation/stdout/r5v-e4-p8-s11-g-nqref-r5.log	
/workspace/reports/atm-v2-harness/runs/r5-validation/stdout/r5v-e4-p8-s11-g-old-r1.log	1213	2026-10-08 17:52	4ce2ac7394a1a36ca82c4df9f35d742056d10b9d	on-main-identical		research/paper-v2/generations/r5-2026-10-08/raw/r5-stdout.tgz!runs/r5-validation/stdout/r5v-e4-p8-s11-g-old-r1.log	
/workspace/reports/atm-v2-harness/runs/r5-validation/stdout/r5v-e4-p8-s11-g-old-r2.log	1211	2026-10-08 17:52	67e285c58bc87496d05075fdfb8daf3054df8c7a	on-main-identical		research/paper-v2/generations/r5-2026-10-08/raw/r5-stdout.tgz!runs/r5-validation/stdout/r5v-e4-p8-s11-g-old-r2.log	
/workspace/reports/atm-v2-harness/runs/r5-validation/stdout/r5v-e4-p8-s11-g-old-r3.log	1210	2026-10-08 17:52	d5ea47211af1b0de3954f93daf9c951daa7b545e	on-main-identical		research/paper-v2/generations/r5-2026-10-08/raw/r5-stdout.tgz!runs/r5-validation/stdout/r5v-e4-p8-s11-g-old-r3.log	
/workspace/reports/atm-v2-harness/runs/r5-validation/stdout/r5v-e4-p8-s11-g-old-r4.log	1207	2026-10-08 17:52	d1c4d9e3c88ac00e3121dc4a0f2f9f4ad1d693e5	on-main-identical		research/paper-v2/generations/r5-2026-10-08/raw/r5-stdout.tgz!runs/r5-validation/stdout/r5v-e4-p8-s11-g-old-r4.log	
/workspace/reports/atm-v2-harness/runs/r5-validation/stdout/r5v-e4-p8-s11-g-old-r5.log	1212	2026-10-08 17:52	65e5b69725b88c5a637c37ca3a4ad42892880d1f	on-main-identical		research/paper-v2/generations/r5-2026-10-08/raw/r5-stdout.tgz!runs/r5-validation/stdout/r5v-e4-p8-s11-g-old-r5.log	
/workspace/reports/atm-v2-harness/runs/r5-validation/stdout/r5v-e4-p8-s11-g-opt-r1.log	1212	2026-10-08 17:52	3d6cfd8d6d0026c4b2de72856841c8c2584684e6	on-main-identical		research/paper-v2/generations/r5-2026-10-08/raw/r5-stdout.tgz!runs/r5-validation/stdout/r5v-e4-p8-s11-g-opt-r1.log	
/workspace/reports/atm-v2-harness/runs/r5-validation/stdout/r5v-e4-p8-s11-g-opt-r2.log	1208	2026-10-08 17:52	91d6e35ebdc079ee6c67bc23609e5e8fd0e7c74b	on-main-identical		research/paper-v2/generations/r5-2026-10-08/raw/r5-stdout.tgz!runs/r5-validation/stdout/r5v-e4-p8-s11-g-opt-r2.log	
/workspace/reports/atm-v2-harness/runs/r5-validation/stdout/r5v-e4-p8-s11-g-opt-r3.log	1209	2026-10-08 17:52	5330e5ad355c62d20d186e6fbccc2d8989db4d39	on-main-identical		research/paper-v2/generations/r5-2026-10-08/raw/r5-stdout.tgz!runs/r5-validation/stdout/r5v-e4-p8-s11-g-opt-r3.log	
/workspace/reports/atm-v2-harness/runs/r5-validation/stdout/r5v-e4-p8-s11-g-opt-r4.log	1209	2026-10-08 17:52	19fca5c44bc586393e86fb22de5787d03a17cb3f	on-main-identical		research/paper-v2/generations/r5-2026-10-08/raw/r5-stdout.tgz!runs/r5-validation/stdout/r5v-e4-p8-s11-g-opt-r4.log	
/workspace/reports/atm-v2-harness/runs/r5-validation/stdout/r5v-e4-p8-s11-g-opt-r5.log	1209	2026-10-08 17:53	3244a57c12c5fb7bb0e3e486423fe35d5e23def0	on-main-identical		research/paper-v2/generations/r5-2026-10-08/raw/r5-stdout.tgz!runs/r5-validation/stdout/r5v-e4-p8-s11-g-opt-r5.log	
/workspace/reports/atm-v2-harness/runs/r5-validation/stdout/r5v-e4-p8-s11-g-q-r1.log	1203	2026-10-08 17:52	44cf9e2bba52287691ace981389df8bff6512a23	on-main-identical		research/paper-v2/generations/r5-2026-10-08/raw/r5-stdout.tgz!runs/r5-validation/stdout/r5v-e4-p8-s11-g-q-r1.log	
/workspace/reports/atm-v2-harness/runs/r5-validation/stdout/r5v-e4-p8-s11-g-q-r2.log	1201	2026-10-08 17:52	251fa98c1afb271b8fad01691f944675a7ac0fc4	on-main-identical		research/paper-v2/generations/r5-2026-10-08/raw/r5-stdout.tgz!runs/r5-validation/stdout/r5v-e4-p8-s11-g-q-r2.log	
/workspace/reports/atm-v2-harness/runs/r5-validation/stdout/r5v-e4-p8-s11-g-q-r3.log	1201	2026-10-08 17:52	06415c877afa39fa71dfdc2270ea1a56fd1036f9	on-main-identical		research/paper-v2/generations/r5-2026-10-08/raw/r5-stdout.tgz!runs/r5-validation/stdout/r5v-e4-p8-s11-g-q-r3.log	
/workspace/reports/atm-v2-harness/runs/r5-validation/stdout/r5v-e4-p8-s11-g-q-r4.log	1203	2026-10-08 17:52	41be525dc37897d8b71abca2dded1597d329af46	on-main-identical		research/paper-v2/generations/r5-2026-10-08/raw/r5-stdout.tgz!runs/r5-validation/stdout/r5v-e4-p8-s11-g-q-r4.log	
/workspace/reports/atm-v2-harness/runs/r5-validation/stdout/r5v-e4-p8-s11-g-q-r5.log	1204	2026-10-08 17:53	0272844019664b69fadfcba761230deb6d1f36e1	on-main-identical		research/paper-v2/generations/r5-2026-10-08/raw/r5-stdout.tgz!runs/r5-validation/stdout/r5v-e4-p8-s11-g-q-r5.log	
/workspace/reports/atm-v2-harness/runs/r5-validation/stdout/r5v-e4-p8-s11-g-qr0-r1.log	1210	2026-10-08 17:52	b4298ccb80f63d47e96ef636f238fd4b12e13e2c	on-main-identical		research/paper-v2/generations/r5-2026-10-08/raw/r5-stdout.tgz!runs/r5-validation/stdout/r5v-e4-p8-s11-g-qr0-r1.log	
/workspace/reports/atm-v2-harness/runs/r5-validation/stdout/r5v-e4-p8-s11-g-qr0-r2.log	1212	2026-10-08 17:52	b5dc0676a5b1b5dd29e5b831b924afac42c4e8fd	on-main-identical		research/paper-v2/generations/r5-2026-10-08/raw/r5-stdout.tgz!runs/r5-validation/stdout/r5v-e4-p8-s11-g-qr0-r2.log	
/workspace/reports/atm-v2-harness/runs/r5-validation/stdout/r5v-e4-p8-s11-g-qr0-r3.log	1210	2026-10-08 17:52	3398288af332dcce1751d1f415916d10fa84922e	on-main-identical		research/paper-v2/generations/r5-2026-10-08/raw/r5-stdout.tgz!runs/r5-validation/stdout/r5v-e4-p8-s11-g-qr0-r3.log	
/workspace/reports/atm-v2-harness/runs/r5-validation/stdout/r5v-e4-p8-s11-g-qr0-r4.log	1209	2026-10-08 17:52	d1fcedc7128094ebb0515184159a8443b53babf6	on-main-identical		research/paper-v2/generations/r5-2026-10-08/raw/r5-stdout.tgz!runs/r5-validation/stdout/r5v-e4-p8-s11-g-qr0-r4.log	
/workspace/reports/atm-v2-harness/runs/r5-validation/stdout/r5v-e4-p8-s11-g-qr0-r5.log	1211	2026-10-08 17:53	b4211c1db9c975e5cba05d5a5510253fb53f9719	on-main-identical		research/paper-v2/generations/r5-2026-10-08/raw/r5-stdout.tgz!runs/r5-validation/stdout/r5v-e4-p8-s11-g-qr0-r5.log	
/workspace/reports/atm-v2-harness/runs/r5-validation/stdout/r5v-e4-p8-s11-g-qr1-r1.log	1210	2026-10-08 17:52	76a44e1cf8c8c2ec33103f2745d54c3583080e0e	on-main-identical		research/paper-v2/generations/r5-2026-10-08/raw/r5-stdout.tgz!runs/r5-validation/stdout/r5v-e4-p8-s11-g-qr1-r1.log	
/workspace/reports/atm-v2-harness/runs/r5-validation/stdout/r5v-e4-p8-s11-g-qr1-r2.log	1209	2026-10-08 17:52	226ac0a06d70070d3ef172dcd06363c1f27348ab	on-main-identical		research/paper-v2/generations/r5-2026-10-08/raw/r5-stdout.tgz!runs/r5-validation/stdout/r5v-e4-p8-s11-g-qr1-r2.log	
/workspace/reports/atm-v2-harness/runs/r5-validation/stdout/r5v-e4-p8-s11-g-qr1-r3.log	1211	2026-10-08 17:52	03fe158892f4bb4970754e84a7f26a037ba31b99	on-main-identical		research/paper-v2/generations/r5-2026-10-08/raw/r5-stdout.tgz!runs/r5-validation/stdout/r5v-e4-p8-s11-g-qr1-r3.log	
/workspace/reports/atm-v2-harness/runs/r5-validation/stdout/r5v-e4-p8-s11-g-qr1-r4.log	1209	2026-10-08 17:52	10901184bd09367a3fc1f761a867c909769c1847	on-main-identical		research/paper-v2/generations/r5-2026-10-08/raw/r5-stdout.tgz!runs/r5-validation/stdout/r5v-e4-p8-s11-g-qr1-r4.log	
/workspace/reports/atm-v2-harness/runs/r5-validation/stdout/r5v-e4-p8-s11-g-qr1-r5.log	1207	2026-10-08 17:53	5d68842b8a8c3150df42c991e810e4fcc5a51e57	on-main-identical		research/paper-v2/generations/r5-2026-10-08/raw/r5-stdout.tgz!runs/r5-validation/stdout/r5v-e4-p8-s11-g-qr1-r5.log	
/workspace/reports/atm-v2-harness/runs/r5-validation/stdout/r5v-e4-p8-s17-g-fix-r1.log	1210	2026-10-08 17:53	7fda0ad4e6dc59abe72d7514abf895cfef0a024a	on-main-identical		research/paper-v2/generations/r5-2026-10-08/raw/r5-stdout.tgz!runs/r5-validation/stdout/r5v-e4-p8-s17-g-fix-r1.log	
/workspace/reports/atm-v2-harness/runs/r5-validation/stdout/r5v-e4-p8-s17-g-fix-r2.log	1208	2026-10-08 17:53	50770124a901e1394d7c63bae031a93c82a02fac	on-main-identical		research/paper-v2/generations/r5-2026-10-08/raw/r5-stdout.tgz!runs/r5-validation/stdout/r5v-e4-p8-s17-g-fix-r2.log	
/workspace/reports/atm-v2-harness/runs/r5-validation/stdout/r5v-e4-p8-s17-g-fix-r3.log	1208	2026-10-08 17:53	12873a0bfe8ada8d07e56bc0154043108351744e	on-main-identical		research/paper-v2/generations/r5-2026-10-08/raw/r5-stdout.tgz!runs/r5-validation/stdout/r5v-e4-p8-s17-g-fix-r3.log	
/workspace/reports/atm-v2-harness/runs/r5-validation/stdout/r5v-e4-p8-s17-g-fix-r4.log	1210	2026-10-08 17:53	9b6a837389f990d844e67f4d5396af85b1a5b2ac	on-main-identical		research/paper-v2/generations/r5-2026-10-08/raw/r5-stdout.tgz!runs/r5-validation/stdout/r5v-e4-p8-s17-g-fix-r4.log	
/workspace/reports/atm-v2-harness/runs/r5-validation/stdout/r5v-e4-p8-s17-g-fix-r5.log	1208	2026-10-08 17:53	36869e50986caebddc33e2924c50c829828d2cbb	on-main-identical		research/paper-v2/generations/r5-2026-10-08/raw/r5-stdout.tgz!runs/r5-validation/stdout/r5v-e4-p8-s17-g-fix-r5.log	
/workspace/reports/atm-v2-harness/runs/r5-validation/stdout/r5v-e4-p8-s17-g-nq-r1.log	1206	2026-10-08 17:53	69ccacd9576323e8ae723bdb83f90a99868c4dc1	on-main-identical		research/paper-v2/generations/r5-2026-10-08/raw/r5-stdout.tgz!runs/r5-validation/stdout/r5v-e4-p8-s17-g-nq-r1.log	
/workspace/reports/atm-v2-harness/runs/r5-validation/stdout/r5v-e4-p8-s17-g-nq-r2.log	1207	2026-10-08 17:53	6f5b39ae6d9b8f2f7b4da114e1e5b4d4fe81bf30	on-main-identical		research/paper-v2/generations/r5-2026-10-08/raw/r5-stdout.tgz!runs/r5-validation/stdout/r5v-e4-p8-s17-g-nq-r2.log	
/workspace/reports/atm-v2-harness/runs/r5-validation/stdout/r5v-e4-p8-s17-g-nq-r3.log	1208	2026-10-08 17:53	3dc5437b4b662995499551d83b31e6574d223b1f	on-main-identical		research/paper-v2/generations/r5-2026-10-08/raw/r5-stdout.tgz!runs/r5-validation/stdout/r5v-e4-p8-s17-g-nq-r3.log	
/workspace/reports/atm-v2-harness/runs/r5-validation/stdout/r5v-e4-p8-s17-g-nq-r4.log	1206	2026-10-08 17:53	7ba166489b6104e72c3641982e6311a490f12c74	on-main-identical		research/paper-v2/generations/r5-2026-10-08/raw/r5-stdout.tgz!runs/r5-validation/stdout/r5v-e4-p8-s17-g-nq-r4.log	
/workspace/reports/atm-v2-harness/runs/r5-validation/stdout/r5v-e4-p8-s17-g-nq-r5.log	1203	2026-10-08 17:53	d81bc7c832ce26327eb8f3b42e66298946877ced	on-main-identical		research/paper-v2/generations/r5-2026-10-08/raw/r5-stdout.tgz!runs/r5-validation/stdout/r5v-e4-p8-s17-g-nq-r5.log	
/workspace/reports/atm-v2-harness/runs/r5-validation/stdout/r5v-e4-p8-s17-g-nqr0-r1.log	1216	2026-10-08 18:28	08e11a86177d7caae76cb05b62825783fadf54bf	on-main-identical		research/paper-v2/generations/r5-2026-10-08/raw/r5-stdout.tgz!runs/r5-validation/stdout/r5v-e4-p8-s17-g-nqr0-r1.log	
/workspace/reports/atm-v2-harness/runs/r5-validation/stdout/r5v-e4-p8-s17-g-nqr0-r2.log	1216	2026-10-08 18:28	2a2ccf18d895f7ef6c7a0afdab4b12593f8fe37c	on-main-identical		research/paper-v2/generations/r5-2026-10-08/raw/r5-stdout.tgz!runs/r5-validation/stdout/r5v-e4-p8-s17-g-nqr0-r2.log	
/workspace/reports/atm-v2-harness/runs/r5-validation/stdout/r5v-e4-p8-s17-g-nqr0-r3.log	1210	2026-10-08 18:29	70e3ad92b7a9814141b8e2c7d09f42dbea1d1eec	on-main-identical		research/paper-v2/generations/r5-2026-10-08/raw/r5-stdout.tgz!runs/r5-validation/stdout/r5v-e4-p8-s17-g-nqr0-r3.log	
/workspace/reports/atm-v2-harness/runs/r5-validation/stdout/r5v-e4-p8-s17-g-nqr0-r4.log	1214	2026-10-08 18:29	5c72b4513d554da2fbba5322c62c6f8a7f7446ed	on-main-identical		research/paper-v2/generations/r5-2026-10-08/raw/r5-stdout.tgz!runs/r5-validation/stdout/r5v-e4-p8-s17-g-nqr0-r4.log	
/workspace/reports/atm-v2-harness/runs/r5-validation/stdout/r5v-e4-p8-s17-g-nqr0-r5.log	1216	2026-10-08 18:29	19d6be02feadd7921bc1139fbc9f2804fdf12c86	on-main-identical		research/paper-v2/generations/r5-2026-10-08/raw/r5-stdout.tgz!runs/r5-validation/stdout/r5v-e4-p8-s17-g-nqr0-r5.log	
/workspace/reports/atm-v2-harness/runs/r5-validation/stdout/r5v-e4-p8-s17-g-nqr1-r1.log	1215	2026-10-08 18:28	69289a4531a1b6844cfdecbc8d2cfef367e8867e	on-main-identical		research/paper-v2/generations/r5-2026-10-08/raw/r5-stdout.tgz!runs/r5-validation/stdout/r5v-e4-p8-s17-g-nqr1-r1.log	
/workspace/reports/atm-v2-harness/runs/r5-validation/stdout/r5v-e4-p8-s17-g-nqr1-r2.log	1214	2026-10-08 18:28	3fd81293e07167bcb0f93f12e7f93ef8ff809b33	on-main-identical		research/paper-v2/generations/r5-2026-10-08/raw/r5-stdout.tgz!runs/r5-validation/stdout/r5v-e4-p8-s17-g-nqr1-r2.log	
/workspace/reports/atm-v2-harness/runs/r5-validation/stdout/r5v-e4-p8-s17-g-nqr1-r3.log	1213	2026-10-08 18:29	bc5c16b4e37d93cd74b6bbf3905ebe6d765663fd	on-main-identical		research/paper-v2/generations/r5-2026-10-08/raw/r5-stdout.tgz!runs/r5-validation/stdout/r5v-e4-p8-s17-g-nqr1-r3.log	
/workspace/reports/atm-v2-harness/runs/r5-validation/stdout/r5v-e4-p8-s17-g-nqr1-r4.log	1216	2026-10-08 18:29	96f66fe1aca789c4d8a02b0ae1735a0f5ff10e48	on-main-identical		research/paper-v2/generations/r5-2026-10-08/raw/r5-stdout.tgz!runs/r5-validation/stdout/r5v-e4-p8-s17-g-nqr1-r4.log	
/workspace/reports/atm-v2-harness/runs/r5-validation/stdout/r5v-e4-p8-s17-g-nqr1-r5.log	1213	2026-10-08 18:29	92da5660101b8c9add2f043de14a423902067017	on-main-identical		research/paper-v2/generations/r5-2026-10-08/raw/r5-stdout.tgz!runs/r5-validation/stdout/r5v-e4-p8-s17-g-nqr1-r5.log	
/workspace/reports/atm-v2-harness/runs/r5-validation/stdout/r5v-e4-p8-s17-g-nqref-r1.log	1220	2026-10-08 18:28	d1252dd9144c36258762c5e6ce764a20a452d69b	on-main-identical		research/paper-v2/generations/r5-2026-10-08/raw/r5-stdout.tgz!runs/r5-validation/stdout/r5v-e4-p8-s17-g-nqref-r1.log	
/workspace/reports/atm-v2-harness/runs/r5-validation/stdout/r5v-e4-p8-s17-g-nqref-r2.log	1218	2026-10-08 18:28	2cd70f8d777f900e4317a07442cd6730ff282a4d	on-main-identical		research/paper-v2/generations/r5-2026-10-08/raw/r5-stdout.tgz!runs/r5-validation/stdout/r5v-e4-p8-s17-g-nqref-r2.log	
/workspace/reports/atm-v2-harness/runs/r5-validation/stdout/r5v-e4-p8-s17-g-nqref-r3.log	1215	2026-10-08 18:28	92d04b33c5be9fcd8d359a0f3782c0df331bc141	on-main-identical		research/paper-v2/generations/r5-2026-10-08/raw/r5-stdout.tgz!runs/r5-validation/stdout/r5v-e4-p8-s17-g-nqref-r3.log	
/workspace/reports/atm-v2-harness/runs/r5-validation/stdout/r5v-e4-p8-s17-g-nqref-r4.log	1216	2026-10-08 18:29	a20ab668baf8dc3c052e7d3923df3832dbedb098	on-main-identical		research/paper-v2/generations/r5-2026-10-08/raw/r5-stdout.tgz!runs/r5-validation/stdout/r5v-e4-p8-s17-g-nqref-r4.log	
/workspace/reports/atm-v2-harness/runs/r5-validation/stdout/r5v-e4-p8-s17-g-nqref-r5.log	1220	2026-10-08 18:29	8c4a2432a00584c8b31bcc8f96e2a0f126e8ddd3	on-main-identical		research/paper-v2/generations/r5-2026-10-08/raw/r5-stdout.tgz!runs/r5-validation/stdout/r5v-e4-p8-s17-g-nqref-r5.log	
/workspace/reports/atm-v2-harness/runs/r5-validation/stdout/r5v-e4-p8-s17-g-old-r1.log	1209	2026-10-08 17:53	acf30e9ddda94c9f09b011b196002b7a870d59df	on-main-identical		research/paper-v2/generations/r5-2026-10-08/raw/r5-stdout.tgz!runs/r5-validation/stdout/r5v-e4-p8-s17-g-old-r1.log	
/workspace/reports/atm-v2-harness/runs/r5-validation/stdout/r5v-e4-p8-s17-g-old-r2.log	1211	2026-10-08 17:53	d172a38df3fc624adfd6bfef0dd4faa6c5129809	on-main-identical		research/paper-v2/generations/r5-2026-10-08/raw/r5-stdout.tgz!runs/r5-validation/stdout/r5v-e4-p8-s17-g-old-r2.log	
/workspace/reports/atm-v2-harness/runs/r5-validation/stdout/r5v-e4-p8-s17-g-old-r3.log	1207	2026-10-08 17:53	5f1ad5c41eaead05ec21311ac055387decde9288	on-main-identical		research/paper-v2/generations/r5-2026-10-08/raw/r5-stdout.tgz!runs/r5-validation/stdout/r5v-e4-p8-s17-g-old-r3.log	
/workspace/reports/atm-v2-harness/runs/r5-validation/stdout/r5v-e4-p8-s17-g-old-r4.log	1210	2026-10-08 17:53	9606ed3c3bbd28e4c99983f2be02c21e3a12c2ab	on-main-identical		research/paper-v2/generations/r5-2026-10-08/raw/r5-stdout.tgz!runs/r5-validation/stdout/r5v-e4-p8-s17-g-old-r4.log	
/workspace/reports/atm-v2-harness/runs/r5-validation/stdout/r5v-e4-p8-s17-g-old-r5.log	1209	2026-10-08 17:53	79b8aa59df0569dfb39da4bbbb684b085683188a	on-main-identical		research/paper-v2/generations/r5-2026-10-08/raw/r5-stdout.tgz!runs/r5-validation/stdout/r5v-e4-p8-s17-g-old-r5.log	
/workspace/reports/atm-v2-harness/runs/r5-validation/stdout/r5v-e4-p8-s17-g-opt-r1.log	1210	2026-10-08 17:53	7953b7e294e0fea417e8a6eadb5545f3aae87eeb	on-main-identical		research/paper-v2/generations/r5-2026-10-08/raw/r5-stdout.tgz!runs/r5-validation/stdout/r5v-e4-p8-s17-g-opt-r1.log	
/workspace/reports/atm-v2-harness/runs/r5-validation/stdout/r5v-e4-p8-s17-g-opt-r2.log	1211	2026-10-08 17:53	32dbbf3b434babb67e6303d8a08186eb1be48d24	on-main-identical		research/paper-v2/generations/r5-2026-10-08/raw/r5-stdout.tgz!runs/r5-validation/stdout/r5v-e4-p8-s17-g-opt-r2.log	
/workspace/reports/atm-v2-harness/runs/r5-validation/stdout/r5v-e4-p8-s17-g-opt-r3.log	1211	2026-10-08 17:53	d7edb8ba9c6b81ab7cfc50034651fefc5fa71c82	on-main-identical		research/paper-v2/generations/r5-2026-10-08/raw/r5-stdout.tgz!runs/r5-validation/stdout/r5v-e4-p8-s17-g-opt-r3.log	
/workspace/reports/atm-v2-harness/runs/r5-validation/stdout/r5v-e4-p8-s17-g-opt-r4.log	1210	2026-10-08 17:53	e05053a64d2b7fa93df9f04fc8ced1a1d7e89dc9	on-main-identical		research/paper-v2/generations/r5-2026-10-08/raw/r5-stdout.tgz!runs/r5-validation/stdout/r5v-e4-p8-s17-g-opt-r4.log	
/workspace/reports/atm-v2-harness/runs/r5-validation/stdout/r5v-e4-p8-s17-g-opt-r5.log	1208	2026-10-08 17:53	0dd08e16b9828b952c2aad3dc9a929b03bc82324	on-main-identical		research/paper-v2/generations/r5-2026-10-08/raw/r5-stdout.tgz!runs/r5-validation/stdout/r5v-e4-p8-s17-g-opt-r5.log	
/workspace/reports/atm-v2-harness/runs/r5-validation/stdout/r5v-e4-p8-s17-g-q-r1.log	1202	2026-10-08 17:53	4c38bce86f4140835c7692a1d66454565f223564	on-main-identical		research/paper-v2/generations/r5-2026-10-08/raw/r5-stdout.tgz!runs/r5-validation/stdout/r5v-e4-p8-s17-g-q-r1.log	
/workspace/reports/atm-v2-harness/runs/r5-validation/stdout/r5v-e4-p8-s17-g-q-r2.log	1199	2026-10-08 17:53	d5f835a2a9b65b2b2b9cbb8fc8095149fd2bbdfa	on-main-identical		research/paper-v2/generations/r5-2026-10-08/raw/r5-stdout.tgz!runs/r5-validation/stdout/r5v-e4-p8-s17-g-q-r2.log	
/workspace/reports/atm-v2-harness/runs/r5-validation/stdout/r5v-e4-p8-s17-g-q-r3.log	1202	2026-10-08 17:53	63525cc84571895a4268ad3bae00af29efb79582	on-main-identical		research/paper-v2/generations/r5-2026-10-08/raw/r5-stdout.tgz!runs/r5-validation/stdout/r5v-e4-p8-s17-g-q-r3.log	
/workspace/reports/atm-v2-harness/runs/r5-validation/stdout/r5v-e4-p8-s17-g-q-r4.log	1202	2026-10-08 17:53	a7dc08cf05427ba93bbe7354b3e2e271a99bc6b5	on-main-identical		research/paper-v2/generations/r5-2026-10-08/raw/r5-stdout.tgz!runs/r5-validation/stdout/r5v-e4-p8-s17-g-q-r4.log	
/workspace/reports/atm-v2-harness/runs/r5-validation/stdout/r5v-e4-p8-s17-g-q-r5.log	1200	2026-10-08 17:53	3359c1817a45b84b101c3f0d7faf3fa3c1bbbaec	on-main-identical		research/paper-v2/generations/r5-2026-10-08/raw/r5-stdout.tgz!runs/r5-validation/stdout/r5v-e4-p8-s17-g-q-r5.log	
/workspace/reports/atm-v2-harness/runs/r5-validation/stdout/r5v-e4-p8-s17-g-qr0-r1.log	1206	2026-10-08 17:53	4c98312ea4d8c076af50eb3544541434a06cc4c1	on-main-identical		research/paper-v2/generations/r5-2026-10-08/raw/r5-stdout.tgz!runs/r5-validation/stdout/r5v-e4-p8-s17-g-qr0-r1.log	
/workspace/reports/atm-v2-harness/runs/r5-validation/stdout/r5v-e4-p8-s17-g-qr0-r2.log	1209	2026-10-08 17:53	e915bba4cb07b5c1dffee8153a43d7e142699048	on-main-identical		research/paper-v2/generations/r5-2026-10-08/raw/r5-stdout.tgz!runs/r5-validation/stdout/r5v-e4-p8-s17-g-qr0-r2.log	
/workspace/reports/atm-v2-harness/runs/r5-validation/stdout/r5v-e4-p8-s17-g-qr0-r3.log	1211	2026-10-08 17:53	5c35e643fba611d15d46c2ed9eb6c6667f1e249e	on-main-identical		research/paper-v2/generations/r5-2026-10-08/raw/r5-stdout.tgz!runs/r5-validation/stdout/r5v-e4-p8-s17-g-qr0-r3.log	
/workspace/reports/atm-v2-harness/runs/r5-validation/stdout/r5v-e4-p8-s17-g-qr0-r4.log	1208	2026-10-08 17:53	77c5393372397c9e83dce40973d0afe9bfd73122	on-main-identical		research/paper-v2/generations/r5-2026-10-08/raw/r5-stdout.tgz!runs/r5-validation/stdout/r5v-e4-p8-s17-g-qr0-r4.log	
/workspace/reports/atm-v2-harness/runs/r5-validation/stdout/r5v-e4-p8-s17-g-qr0-r5.log	1212	2026-10-08 17:53	e0391f40832396270614f6fbe38407dec0c4c34d	on-main-identical		research/paper-v2/generations/r5-2026-10-08/raw/r5-stdout.tgz!runs/r5-validation/stdout/r5v-e4-p8-s17-g-qr0-r5.log	
/workspace/reports/atm-v2-harness/runs/r5-validation/stdout/r5v-e4-p8-s17-g-qr1-r1.log	1210	2026-10-08 17:53	47cc53b351b58450c44c42e75f51de1eb4a1c0ac	on-main-identical		research/paper-v2/generations/r5-2026-10-08/raw/r5-stdout.tgz!runs/r5-validation/stdout/r5v-e4-p8-s17-g-qr1-r1.log	
/workspace/reports/atm-v2-harness/runs/r5-validation/stdout/r5v-e4-p8-s17-g-qr1-r2.log	1207	2026-10-08 17:53	2a08fdb52ca7b423e2b6734f839641632a3f2310	on-main-identical		research/paper-v2/generations/r5-2026-10-08/raw/r5-stdout.tgz!runs/r5-validation/stdout/r5v-e4-p8-s17-g-qr1-r2.log	
/workspace/reports/atm-v2-harness/runs/r5-validation/stdout/r5v-e4-p8-s17-g-qr1-r3.log	1208	2026-10-08 17:53	755fffe91418024fdf626845e9018475094a2d53	on-main-identical		research/paper-v2/generations/r5-2026-10-08/raw/r5-stdout.tgz!runs/r5-validation/stdout/r5v-e4-p8-s17-g-qr1-r3.log	
/workspace/reports/atm-v2-harness/runs/r5-validation/stdout/r5v-e4-p8-s17-g-qr1-r4.log	1208	2026-10-08 17:53	a6fbbb7b009efb8bbd67cc3160762d0f0e4d8d53	on-main-identical		research/paper-v2/generations/r5-2026-10-08/raw/r5-stdout.tgz!runs/r5-validation/stdout/r5v-e4-p8-s17-g-qr1-r4.log	
/workspace/reports/atm-v2-harness/runs/r5-validation/stdout/r5v-e4-p8-s17-g-qr1-r5.log	1211	2026-10-08 17:53	bff47f81bf4a5f171ae26839f4c42e0f049e1589	on-main-identical		research/paper-v2/generations/r5-2026-10-08/raw/r5-stdout.tgz!runs/r5-validation/stdout/r5v-e4-p8-s17-g-qr1-r5.log	
/workspace/reports/atm-v2-harness/runs/r5-validation/stdout/r5v-e4-p8-s23-g-fix-r1.log	1211	2026-10-08 17:53	ab0fc27690c34154d70d485618c9452b1b77d94a	on-main-identical		research/paper-v2/generations/r5-2026-10-08/raw/r5-stdout.tgz!runs/r5-validation/stdout/r5v-e4-p8-s23-g-fix-r1.log	
/workspace/reports/atm-v2-harness/runs/r5-validation/stdout/r5v-e4-p8-s23-g-fix-r2.log	1210	2026-10-08 17:54	69d3081fd6a1fc8ebb66b5ab457e7105cf9354c7	on-main-identical		research/paper-v2/generations/r5-2026-10-08/raw/r5-stdout.tgz!runs/r5-validation/stdout/r5v-e4-p8-s23-g-fix-r2.log	
/workspace/reports/atm-v2-harness/runs/r5-validation/stdout/r5v-e4-p8-s23-g-fix-r3.log	1211	2026-10-08 17:54	cbffdaaee7188ce7fba3223c3e0af2c7e75732fe	on-main-identical		research/paper-v2/generations/r5-2026-10-08/raw/r5-stdout.tgz!runs/r5-validation/stdout/r5v-e4-p8-s23-g-fix-r3.log	
/workspace/reports/atm-v2-harness/runs/r5-validation/stdout/r5v-e4-p8-s23-g-fix-r4.log	1212	2026-10-08 17:54	8cbda1358079233437ff5b16d9a3caa260e1a95c	on-main-identical		research/paper-v2/generations/r5-2026-10-08/raw/r5-stdout.tgz!runs/r5-validation/stdout/r5v-e4-p8-s23-g-fix-r4.log	
/workspace/reports/atm-v2-harness/runs/r5-validation/stdout/r5v-e4-p8-s23-g-fix-r5.log	1208	2026-10-08 17:54	e87ddff9769b9838522b340615562be2bb41143a	on-main-identical		research/paper-v2/generations/r5-2026-10-08/raw/r5-stdout.tgz!runs/r5-validation/stdout/r5v-e4-p8-s23-g-fix-r5.log	
/workspace/reports/atm-v2-harness/runs/r5-validation/stdout/r5v-e4-p8-s23-g-nq-r1.log	1206	2026-10-08 17:54	f1fd8971161a10bdd1bc0634d1efc9d7deffe086	on-main-identical		research/paper-v2/generations/r5-2026-10-08/raw/r5-stdout.tgz!runs/r5-validation/stdout/r5v-e4-p8-s23-g-nq-r1.log	
/workspace/reports/atm-v2-harness/runs/r5-validation/stdout/r5v-e4-p8-s23-g-nq-r2.log	1208	2026-10-08 17:54	b12aaa02a87f19b91c2afd368ce963bbac7c5605	on-main-identical		research/paper-v2/generations/r5-2026-10-08/raw/r5-stdout.tgz!runs/r5-validation/stdout/r5v-e4-p8-s23-g-nq-r2.log	
/workspace/reports/atm-v2-harness/runs/r5-validation/stdout/r5v-e4-p8-s23-g-nq-r3.log	1202	2026-10-08 17:54	f4f11cdf927523d58f164c6e9f3cf855eeb8bd66	on-main-identical		research/paper-v2/generations/r5-2026-10-08/raw/r5-stdout.tgz!runs/r5-validation/stdout/r5v-e4-p8-s23-g-nq-r3.log	
/workspace/reports/atm-v2-harness/runs/r5-validation/stdout/r5v-e4-p8-s23-g-nq-r4.log	1204	2026-10-08 17:54	cb8bffdd629e79d412aacdf31938298c4ea9f71e	on-main-identical		research/paper-v2/generations/r5-2026-10-08/raw/r5-stdout.tgz!runs/r5-validation/stdout/r5v-e4-p8-s23-g-nq-r4.log	
/workspace/reports/atm-v2-harness/runs/r5-validation/stdout/r5v-e4-p8-s23-g-nq-r5.log	1203	2026-10-08 17:54	6af2306c23597be56e64689538cd71e4fb6bec76	on-main-identical		research/paper-v2/generations/r5-2026-10-08/raw/r5-stdout.tgz!runs/r5-validation/stdout/r5v-e4-p8-s23-g-nq-r5.log	
/workspace/reports/atm-v2-harness/runs/r5-validation/stdout/r5v-e4-p8-s23-g-nqr0-r1.log	1215	2026-10-08 18:29	a51198c3746cec7f2df06919d0d22b9791c2b827	on-main-identical		research/paper-v2/generations/r5-2026-10-08/raw/r5-stdout.tgz!runs/r5-validation/stdout/r5v-e4-p8-s23-g-nqr0-r1.log	
/workspace/reports/atm-v2-harness/runs/r5-validation/stdout/r5v-e4-p8-s23-g-nqr0-r2.log	1215	2026-10-08 18:29	97f2393d3c96081378a511cfc4cc66d450073f10	on-main-identical		research/paper-v2/generations/r5-2026-10-08/raw/r5-stdout.tgz!runs/r5-validation/stdout/r5v-e4-p8-s23-g-nqr0-r2.log	
/workspace/reports/atm-v2-harness/runs/r5-validation/stdout/r5v-e4-p8-s23-g-nqr0-r3.log	1214	2026-10-08 18:29	917f0d883150acda48a8046c0bcf31f0c8226918	on-main-identical		research/paper-v2/generations/r5-2026-10-08/raw/r5-stdout.tgz!runs/r5-validation/stdout/r5v-e4-p8-s23-g-nqr0-r3.log	
/workspace/reports/atm-v2-harness/runs/r5-validation/stdout/r5v-e4-p8-s23-g-nqr0-r4.log	1215	2026-10-08 18:29	6d2f30becfdd352e6a8689bb64643b615739aea6	on-main-identical		research/paper-v2/generations/r5-2026-10-08/raw/r5-stdout.tgz!runs/r5-validation/stdout/r5v-e4-p8-s23-g-nqr0-r4.log	
/workspace/reports/atm-v2-harness/runs/r5-validation/stdout/r5v-e4-p8-s23-g-nqr0-r5.log	1213	2026-10-08 18:29	fb13c4e75bbf90aed8d3c93b52ed9cc7041ff7cc	on-main-identical		research/paper-v2/generations/r5-2026-10-08/raw/r5-stdout.tgz!runs/r5-validation/stdout/r5v-e4-p8-s23-g-nqr0-r5.log	
/workspace/reports/atm-v2-harness/runs/r5-validation/stdout/r5v-e4-p8-s23-g-nqr1-r1.log	1212	2026-10-08 18:29	8ece8baaaf81bde3494c070b43609244124d4b47	on-main-identical		research/paper-v2/generations/r5-2026-10-08/raw/r5-stdout.tgz!runs/r5-validation/stdout/r5v-e4-p8-s23-g-nqr1-r1.log	
/workspace/reports/atm-v2-harness/runs/r5-validation/stdout/r5v-e4-p8-s23-g-nqr1-r2.log	1213	2026-10-08 18:29	aafb022da13744730621f030113f7be1daf25e4c	on-main-identical		research/paper-v2/generations/r5-2026-10-08/raw/r5-stdout.tgz!runs/r5-validation/stdout/r5v-e4-p8-s23-g-nqr1-r2.log	
/workspace/reports/atm-v2-harness/runs/r5-validation/stdout/r5v-e4-p8-s23-g-nqr1-r3.log	1212	2026-10-08 18:29	8740f4757c138a29ab3e8b893c80a7eb7ba69e3c	on-main-identical		research/paper-v2/generations/r5-2026-10-08/raw/r5-stdout.tgz!runs/r5-validation/stdout/r5v-e4-p8-s23-g-nqr1-r3.log	
/workspace/reports/atm-v2-harness/runs/r5-validation/stdout/r5v-e4-p8-s23-g-nqr1-r4.log	1212	2026-10-08 18:29	df935a5be9fbf9d45f4e49ae30e9edb216bddf0e	on-main-identical		research/paper-v2/generations/r5-2026-10-08/raw/r5-stdout.tgz!runs/r5-validation/stdout/r5v-e4-p8-s23-g-nqr1-r4.log	
/workspace/reports/atm-v2-harness/runs/r5-validation/stdout/r5v-e4-p8-s23-g-nqr1-r5.log	1214	2026-10-08 18:29	11a3d8613249f81bce8bf700a4db46dde94b1630	on-main-identical		research/paper-v2/generations/r5-2026-10-08/raw/r5-stdout.tgz!runs/r5-validation/stdout/r5v-e4-p8-s23-g-nqr1-r5.log	
/workspace/reports/atm-v2-harness/runs/r5-validation/stdout/r5v-e4-p8-s23-g-nqref-r1.log	1218	2026-10-08 18:29	e4d7910af9d172b4e832210da9ae7160ad0b0035	on-main-identical		research/paper-v2/generations/r5-2026-10-08/raw/r5-stdout.tgz!runs/r5-validation/stdout/r5v-e4-p8-s23-g-nqref-r1.log	
/workspace/reports/atm-v2-harness/runs/r5-validation/stdout/r5v-e4-p8-s23-g-nqref-r2.log	1214	2026-10-08 18:29	85eaf3c79089775f8825f748da9dd280b24e4096	on-main-identical		research/paper-v2/generations/r5-2026-10-08/raw/r5-stdout.tgz!runs/r5-validation/stdout/r5v-e4-p8-s23-g-nqref-r2.log	
/workspace/reports/atm-v2-harness/runs/r5-validation/stdout/r5v-e4-p8-s23-g-nqref-r3.log	1219	2026-10-08 18:29	2ba24143ee570bb9e1b5053f2c08af40808fb959	on-main-identical		research/paper-v2/generations/r5-2026-10-08/raw/r5-stdout.tgz!runs/r5-validation/stdout/r5v-e4-p8-s23-g-nqref-r3.log	
/workspace/reports/atm-v2-harness/runs/r5-validation/stdout/r5v-e4-p8-s23-g-nqref-r4.log	1219	2026-10-08 18:29	39cef55c9d63cdb9bacc4c80031c2a7d05390a72	on-main-identical		research/paper-v2/generations/r5-2026-10-08/raw/r5-stdout.tgz!runs/r5-validation/stdout/r5v-e4-p8-s23-g-nqref-r4.log	
/workspace/reports/atm-v2-harness/runs/r5-validation/stdout/r5v-e4-p8-s23-g-nqref-r5.log	1219	2026-10-08 18:29	4cf850ee5695c85e187c577e26adae1d2ff0585d	on-main-identical		research/paper-v2/generations/r5-2026-10-08/raw/r5-stdout.tgz!runs/r5-validation/stdout/r5v-e4-p8-s23-g-nqref-r5.log	
/workspace/reports/atm-v2-harness/runs/r5-validation/stdout/r5v-e4-p8-s23-g-old-r1.log	1212	2026-10-08 17:53	0e3eb5bf01784cc31499bcfb7523e56ae2cd3f1f	on-main-identical		research/paper-v2/generations/r5-2026-10-08/raw/r5-stdout.tgz!runs/r5-validation/stdout/r5v-e4-p8-s23-g-old-r1.log	
/workspace/reports/atm-v2-harness/runs/r5-validation/stdout/r5v-e4-p8-s23-g-old-r2.log	1212	2026-10-08 17:54	f1c923964f6f5ec8af87f1c88522be13367b47e0	on-main-identical		research/paper-v2/generations/r5-2026-10-08/raw/r5-stdout.tgz!runs/r5-validation/stdout/r5v-e4-p8-s23-g-old-r2.log	
/workspace/reports/atm-v2-harness/runs/r5-validation/stdout/r5v-e4-p8-s23-g-old-r3.log	1209	2026-10-08 17:54	82279d7d399019cf5382a38d0873befe0f36a270	on-main-identical		research/paper-v2/generations/r5-2026-10-08/raw/r5-stdout.tgz!runs/r5-validation/stdout/r5v-e4-p8-s23-g-old-r3.log	
/workspace/reports/atm-v2-harness/runs/r5-validation/stdout/r5v-e4-p8-s23-g-old-r4.log	1209	2026-10-08 17:54	ee956e57521c18a8457c17edb36b90e332fe277b	on-main-identical		research/paper-v2/generations/r5-2026-10-08/raw/r5-stdout.tgz!runs/r5-validation/stdout/r5v-e4-p8-s23-g-old-r4.log	
/workspace/reports/atm-v2-harness/runs/r5-validation/stdout/r5v-e4-p8-s23-g-old-r5.log	1210	2026-10-08 17:54	639b866c6e016fcb4b79941cd02caa95d9993474	on-main-identical		research/paper-v2/generations/r5-2026-10-08/raw/r5-stdout.tgz!runs/r5-validation/stdout/r5v-e4-p8-s23-g-old-r5.log	
/workspace/reports/atm-v2-harness/runs/r5-validation/stdout/r5v-e4-p8-s23-g-opt-r1.log	1210	2026-10-08 17:53	178ec82ea3bba52325cf4099211a98459f8ab8d9	on-main-identical		research/paper-v2/generations/r5-2026-10-08/raw/r5-stdout.tgz!runs/r5-validation/stdout/r5v-e4-p8-s23-g-opt-r1.log	
/workspace/reports/atm-v2-harness/runs/r5-validation/stdout/r5v-e4-p8-s23-g-opt-r2.log	1210	2026-10-08 17:54	3e5edc472ee22906457959640d89e1c999d855d5	on-main-identical		research/paper-v2/generations/r5-2026-10-08/raw/r5-stdout.tgz!runs/r5-validation/stdout/r5v-e4-p8-s23-g-opt-r2.log	
/workspace/reports/atm-v2-harness/runs/r5-validation/stdout/r5v-e4-p8-s23-g-opt-r3.log	1210	2026-10-08 17:54	1202f2b56894ac7390feb78357b1e753c45f87ff	on-main-identical		research/paper-v2/generations/r5-2026-10-08/raw/r5-stdout.tgz!runs/r5-validation/stdout/r5v-e4-p8-s23-g-opt-r3.log	
/workspace/reports/atm-v2-harness/runs/r5-validation/stdout/r5v-e4-p8-s23-g-opt-r4.log	1212	2026-10-08 17:54	9b0d7bffae6fe4f798ecd0440f1a996426e41528	on-main-identical		research/paper-v2/generations/r5-2026-10-08/raw/r5-stdout.tgz!runs/r5-validation/stdout/r5v-e4-p8-s23-g-opt-r4.log	
/workspace/reports/atm-v2-harness/runs/r5-validation/stdout/r5v-e4-p8-s23-g-opt-r5.log	1211	2026-10-08 17:54	d44a3fa2238349e78aa37680f2dce10ebf8d3bb2	on-main-identical		research/paper-v2/generations/r5-2026-10-08/raw/r5-stdout.tgz!runs/r5-validation/stdout/r5v-e4-p8-s23-g-opt-r5.log	
/workspace/reports/atm-v2-harness/runs/r5-validation/stdout/r5v-e4-p8-s23-g-q-r1.log	1201	2026-10-08 17:53	7d9aaa027c6aed8cb0777ec3b3c4bb994eb46d1a	on-main-identical		research/paper-v2/generations/r5-2026-10-08/raw/r5-stdout.tgz!runs/r5-validation/stdout/r5v-e4-p8-s23-g-q-r1.log	
/workspace/reports/atm-v2-harness/runs/r5-validation/stdout/r5v-e4-p8-s23-g-q-r2.log	1203	2026-10-08 17:54	3a7ad21e3a4b4bed127ba86a1e71e80f0bbe56a1	on-main-identical		research/paper-v2/generations/r5-2026-10-08/raw/r5-stdout.tgz!runs/r5-validation/stdout/r5v-e4-p8-s23-g-q-r2.log	
/workspace/reports/atm-v2-harness/runs/r5-validation/stdout/r5v-e4-p8-s23-g-q-r3.log	1197	2026-10-08 17:54	bce098c192b3f39647912b91a342d61e6f01a833	on-main-identical		research/paper-v2/generations/r5-2026-10-08/raw/r5-stdout.tgz!runs/r5-validation/stdout/r5v-e4-p8-s23-g-q-r3.log	
/workspace/reports/atm-v2-harness/runs/r5-validation/stdout/r5v-e4-p8-s23-g-q-r4.log	1200	2026-10-08 17:54	92c825dd99f32f22e5868b9762b3b5881598eb4a	on-main-identical		research/paper-v2/generations/r5-2026-10-08/raw/r5-stdout.tgz!runs/r5-validation/stdout/r5v-e4-p8-s23-g-q-r4.log	
/workspace/reports/atm-v2-harness/runs/r5-validation/stdout/r5v-e4-p8-s23-g-q-r5.log	1202	2026-10-08 17:54	f2281625fda96f394a65f08bbd5edbbba91ef909	on-main-identical		research/paper-v2/generations/r5-2026-10-08/raw/r5-stdout.tgz!runs/r5-validation/stdout/r5v-e4-p8-s23-g-q-r5.log	
/workspace/reports/atm-v2-harness/runs/r5-validation/stdout/r5v-e4-p8-s23-g-qr0-r1.log	1211	2026-10-08 17:54	e0a0eec7207d2932edd767bb5922c13cdadf570a	on-main-identical		research/paper-v2/generations/r5-2026-10-08/raw/r5-stdout.tgz!runs/r5-validation/stdout/r5v-e4-p8-s23-g-qr0-r1.log	
/workspace/reports/atm-v2-harness/runs/r5-validation/stdout/r5v-e4-p8-s23-g-qr0-r2.log	1212	2026-10-08 17:54	d269083fbf1445399223b94134ad52247b183df5	on-main-identical		research/paper-v2/generations/r5-2026-10-08/raw/r5-stdout.tgz!runs/r5-validation/stdout/r5v-e4-p8-s23-g-qr0-r2.log	
/workspace/reports/atm-v2-harness/runs/r5-validation/stdout/r5v-e4-p8-s23-g-qr0-r3.log	1210	2026-10-08 17:54	0df71af3941ae579922f979316772b353e09636b	on-main-identical		research/paper-v2/generations/r5-2026-10-08/raw/r5-stdout.tgz!runs/r5-validation/stdout/r5v-e4-p8-s23-g-qr0-r3.log	
/workspace/reports/atm-v2-harness/runs/r5-validation/stdout/r5v-e4-p8-s23-g-qr0-r4.log	1212	2026-10-08 17:54	9a698418ff3b8490d4d895f614ea11260fbc4a19	on-main-identical		research/paper-v2/generations/r5-2026-10-08/raw/r5-stdout.tgz!runs/r5-validation/stdout/r5v-e4-p8-s23-g-qr0-r4.log	
/workspace/reports/atm-v2-harness/runs/r5-validation/stdout/r5v-e4-p8-s23-g-qr0-r5.log	1207	2026-10-08 17:54	46a06136013f98ede67e4cf21f38064117ef125c	on-main-identical		research/paper-v2/generations/r5-2026-10-08/raw/r5-stdout.tgz!runs/r5-validation/stdout/r5v-e4-p8-s23-g-qr0-r5.log	
/workspace/reports/atm-v2-harness/runs/r5-validation/stdout/r5v-e4-p8-s23-g-qr1-r1.log	1209	2026-10-08 17:54	48d531a78649e7541caed1d41686ffd6873e72ae	on-main-identical		research/paper-v2/generations/r5-2026-10-08/raw/r5-stdout.tgz!runs/r5-validation/stdout/r5v-e4-p8-s23-g-qr1-r1.log	
/workspace/reports/atm-v2-harness/runs/r5-validation/stdout/r5v-e4-p8-s23-g-qr1-r2.log	1207	2026-10-08 17:54	61f80d91996486bf5714d93cf813f77696229d98	on-main-identical		research/paper-v2/generations/r5-2026-10-08/raw/r5-stdout.tgz!runs/r5-validation/stdout/r5v-e4-p8-s23-g-qr1-r2.log	
/workspace/reports/atm-v2-harness/runs/r5-validation/stdout/r5v-e4-p8-s23-g-qr1-r3.log	1210	2026-10-08 17:54	85ca960bf3b9835a7dfe121b5114659449a140d7	on-main-identical		research/paper-v2/generations/r5-2026-10-08/raw/r5-stdout.tgz!runs/r5-validation/stdout/r5v-e4-p8-s23-g-qr1-r3.log	
/workspace/reports/atm-v2-harness/runs/r5-validation/stdout/r5v-e4-p8-s23-g-qr1-r4.log	1209	2026-10-08 17:54	4b19472b4777c2f2d1d2cd48db57463fa82a96a9	on-main-identical		research/paper-v2/generations/r5-2026-10-08/raw/r5-stdout.tgz!runs/r5-validation/stdout/r5v-e4-p8-s23-g-qr1-r4.log	
/workspace/reports/atm-v2-harness/runs/r5-validation/stdout/r5v-e4-p8-s23-g-qr1-r5.log	1210	2026-10-08 17:54	2be824a41325e7afd5ad99924a2623cec678e89b	on-main-identical		research/paper-v2/generations/r5-2026-10-08/raw/r5-stdout.tgz!runs/r5-validation/stdout/r5v-e4-p8-s23-g-qr1-r5.log	
/workspace/reports/atm-v2-harness/skills/atm-bench/SKILL.md	2825	2026-10-06 17:43	7e657d5ea50cd6ff949412400f4c47f6bf36493d	on-main-identical		research/paper-v2/generations/r1-reviewed-2026-10-07/harness/skills/atm-bench/SKILL.md	
/workspace/reports/atm-v2-harness/src/arm-stats.mjs	5374	2026-10-07 23:10	b9d3a4e750eadac00ca85d311fa151a872b6fb55	on-main-identical		research/paper-v2/generations/r1-reviewed-2026-10-07/harness/src/arm-stats.mjs	
/workspace/reports/atm-v2-harness/src/arms.mjs	8485	2026-10-07 21:34	d256b5670d3d4f3ac74de54b72e404ee4e25cc32	on-main-identical		research/paper-v2/generations/r1-reviewed-2026-10-07/harness/src/arms.mjs	
/workspace/reports/atm-v2-harness/src/atm-resolve.mjs	1644	2026-10-06 17:31	032c3403d0582886d64295c58ca2ae4c95b0ecf0	on-main-identical		research/paper-v2/generations/r1-reviewed-2026-10-07/harness/src/atm-resolve.mjs	
/workspace/reports/atm-v2-harness/src/bare-admit-broker.mjs	2841	2026-10-07 21:32	75704e7636449a2ad4ee1db15f68551a376eccd6	on-main-identical		research/paper-v2/generations/r1-reviewed-2026-10-07/harness/src/bare-admit-broker.mjs	
/workspace/reports/atm-v2-harness/src/cli.mjs	27131	2026-10-08 09:42	322efdc16c4d12938c241d0929c4af7a869a53ef	on-main-identical		research/paper-v2/generations/r2-2026-10-08/harness/src/cli.mjs	
/workspace/reports/atm-v2-harness/src/control-writer.mjs	3069	2026-10-06 19:30	38fd7e91b4c82613fe1d55456a4b1679d5fe39ec	on-main-identical		research/paper-v2/generations/r1-reviewed-2026-10-07/harness/src/control-writer.mjs	
/workspace/reports/atm-v2-harness/src/export.mjs	29177	2026-10-06 17:42	784971af5c833c3a4c016a4bd8d01d990e5437af	on-main-identical		research/paper-v2/generations/r1-reviewed-2026-10-07/harness/src/export.mjs	
/workspace/reports/atm-v2-harness/src/git-three-way.mjs	13362	2026-10-07 21:30	9f6a0be5386e83b3aaad4d831692346dac82862c	on-main-identical		research/paper-v2/generations/r1-reviewed-2026-10-07/harness/src/git-three-way.mjs	
/workspace/reports/atm-v2-harness/src/mock-broker.mjs	6079	2026-10-06 16:56	ff7c953f9df33adb758118ca090b8902d8dd0cbe	on-main-identical		research/paper-v2/generations/r1-reviewed-2026-10-07/harness/src/mock-broker.mjs	
/workspace/reports/atm-v2-harness/src/mp-broker.mjs	12309	2026-10-07 11:32	f7172338e98a627dd2947078e086afc8292de2d5	on-main-identical		research/paper-v2/generations/r1-reviewed-2026-10-07/harness/src/mp-broker.mjs	
/workspace/reports/atm-v2-harness/src/mp-runner.mjs	9040	2026-10-08 09:53	bf5daaefa27c2f5661957ef34f1ecdb0860050ce	on-main-identical		research/paper-v2/generations/r2-2026-10-08/harness/src/mp-runner.mjs	
/workspace/reports/atm-v2-harness/src/mp-worker.mjs	6036	2026-10-08 09:41	1a959cd6278b38beada5f975244ad6aacee02fba	on-main-identical		research/paper-v2/generations/r2-2026-10-08/harness/src/mp-worker.mjs	
/workspace/reports/atm-v2-harness/src/oracle.mjs	9633	2026-10-07 23:10	448f3c80af3935ef6e8fbb1de89de9fde456d3e1	on-main-identical		research/paper-v2/generations/r1-reviewed-2026-10-07/harness/src/oracle.mjs	
/workspace/reports/atm-v2-harness/src/oracle_v2.mjs	12902	2026-10-08 09:53	e10d799ff95eb19a454259b9f8c4ebfbcf1b3ebc	on-main-identical		research/paper-v2/generations/r2-2026-10-08/harness/src/oracle_v2.mjs	
/workspace/reports/atm-v2-harness/src/real-broker.mjs	24085	2026-10-07 11:36	f9ef14083433fded3c5b74dd61e26fb31d85dbae	on-main-identical		research/paper-v2/generations/r1-reviewed-2026-10-07/harness/src/real-broker.mjs	
/workspace/reports/atm-v2-harness/src/runner.mjs	29243	2026-10-08 09:53	1d487d86936101ce0a446b58fde23f84ef2945e1	on-main-identical		research/paper-v2/generations/r2-2026-10-08/harness/src/runner.mjs	
/workspace/reports/atm-v2-harness/src/scenario.mjs	7458	2026-10-07 23:10	47c24c27dd8c93050c4b76e9ada69b91d5bad340	on-main-identical		research/paper-v2/generations/r1-reviewed-2026-10-07/harness/src/scenario.mjs	
/workspace/reports/atm-v2-harness/src/steward-writer.mjs	22887	2026-10-08 17:34	0e1d0ce71e272b2c7bdafb09eb1b0897ffdc1a0a	on-main-identical		research/paper-v2/generations/r5-2026-10-08/harness/src/steward-writer.mjs	
/workspace/reports/atm-v2-harness/src/util.mjs	2092	2026-10-06 19:30	6ea6178ba8394f3f90b16cc407f70ff0f7271482	on-main-identical		research/paper-v2/generations/r1-reviewed-2026-10-07/harness/src/util.mjs	
/workspace/reports/atm-v2-harness/tables/F1_FIGURES.md	2819	2026-10-08 09:52	d8398c62ce7bfb7701a50e8bf1a7c8a0fa6d6edc	on-main-identical		research/paper-v2/generations/r2-2026-10-08/tables/F1_FIGURES.md	
/workspace/reports/atm-v2-harness/tables/F2_CORRECTNESS_TABLES.md	17336	2026-10-09 08:01	a2cc12ec703a90968e9b496b53ceb1c943204deb	on-main-identical		research/paper-v2/generations/r5-2026-10-08/tables/F2_CORRECTNESS_TABLES.md	
/workspace/reports/atm-v2-harness/tables/README.md	433	2026-10-07 23:30	0534f9b3557cbb0fbf6415389516bae9b2780bd3	on-main-identical		research/paper-v2/generations/r1-reviewed-2026-10-07/tables/README.md	
/workspace/reports/atm-v2-harness/test/barrier_interleave.mjs	14538	2026-10-08 17:35	5852d7a3f34724537bd58fceb62abb2fe676b632	on-main-identical		research/paper-v2/generations/r5-2026-10-08/harness/test/barrier_interleave.mjs	
/workspace/reports/atm-v2-harness/test/oracle_v2_contract.mjs	11383	2026-10-08 09:44	7485f21fa72264f2ce49e2c94ae23c6cb8ec73e1	on-main-identical		research/paper-v2/generations/r2-2026-10-08/harness/test/oracle_v2_contract.mjs	
/workspace/reports/atm-v2-harness/test/r4_fault_scenarios.mjs	18665	2026-10-08 14:37	b617bc12b04bb3a95d95e4f2a5d0a5dd16b09f81	on-main-identical		research/paper-v2/generations/r4-2026-10-08/harness/test/r4_fault_scenarios.mjs	
/workspace/reports/atm-v2-harness/test/r5_fault_scenarios.mjs	28335	2026-10-08 17:37	f87750328cd7dca1d9c90277e9f9367111c0f70d	on-main-identical		research/paper-v2/generations/r5-2026-10-08/harness/test/r5_fault_scenarios.mjs	
/workspace/reports/atm-v2-harness/tools/analyze.sh	3912	2026-10-08 17:42	a187605873f8ca566676a6038c333ae789da6e11	on-main-identical		research/paper-v2/generations/r5-2026-10-08/harness/tools/analyze.sh	
/workspace/reports/atm-v2-harness/tools/rerun.sh	1967	2026-10-08 09:50	9ae392165300c1859fc24c370a8d47c1b2b2c68a	on-main-identical		research/paper-v2/generations/r2-2026-10-08/harness/tools/rerun.sh	
/workspace/reports/atm-v2-harness/tools/seal.sh	1957	2026-10-08 09:50	842ebb308e572908f8a97c4f7ba733b2e6e81b69	on-main-identical		research/paper-v2/generations/r2-2026-10-08/harness/tools/seal.sh	
/workspace/reports/atm-v2-harness/tools/verify.sh	1069	2026-10-08 09:58	d435013b332858e102ce346ab21986813ff90c2c	on-main-identical		research/paper-v2/generations/r2-2026-10-08/harness/tools/verify.sh	
/workspace/reports/benchmark-survey/BENCHMARK_SURVEY_zh.md	30173	2026-10-08 16:55	45e452feb145268efd10f58fa07a0006fa367e35	missing	benchmark-survey/BENCHMARK_SURVEY_zh.md		
/workspace/reports/benchmark-survey/HISTORICAL_BENCH_PREREG_zh.md	28020	2026-10-08 17:15	eb9a7920bbac8b2494da4b45bf7ac91b8f8d201a	missing	benchmark-survey/HISTORICAL_BENCH_PREREG_zh.md		
/workspace/reports/r2-work/ATM_PAPER_V2_DRAFT_zh.md	81716	2026-10-08 09:52	49d7beae4724aede9aad39fce76c84c0a49e5f5b	on-main-identical		research/paper-v2/generations/r1-reviewed-2026-10-07/paper/ATM_PAPER_V2_DRAFT_zh.md	
/workspace/reports/r2-work/EI.r1	7515	2026-10-08 09:59	642200b81eabfd45249a31aecb67239146ff3c76	missing	r2-work/EI.r1		
/workspace/reports/r2-work/EXPERIMENT_CHECKLIST.md	12230	2026-10-08 09:52	4cb8bfeda8313997137cc019895716bd2916654b	on-main-identical		research/paper-v2/generations/r1-reviewed-2026-10-07/docs/EXPERIMENT_CHECKLIST.md	
/workspace/reports/r2-work/F1_FIGURES.md	2717	2026-10-08 09:52	9ee3ab55dfed1ac379f03868861ddea3e856f589	on-main-identical		research/paper-v2/generations/r1-reviewed-2026-10-07/tables/F1_FIGURES.md	
/workspace/reports/r2-work/F2_CORRECTNESS_TABLES.md	2223	2026-10-08 09:52	2013233bf4043c0c6a2ce364740b0ebadd0782c4	on-main-identical		research/paper-v2/generations/r1-reviewed-2026-10-07/tables/F2_CORRECTNESS_TABLES.md	
/workspace/reports/r2-work/METRIC_DEFINITIONS.md	11036	2026-10-08 09:52	be81f74d0318b8adf175d4beaac69adcc727e5ef	on-main-identical		research/paper-v2/generations/r1-reviewed-2026-10-07/docs/METRIC_DEFINITIONS.md	
/workspace/reports/r2-work/VERSION_ANCHORS.md	11995	2026-10-08 09:52	13985028b64d74f48e3a627224b828e0e639d33a	on-main-identical		research/paper-v2/generations/r1-reviewed-2026-10-07/docs/VERSION_ANCHORS.md	
/workspace/reports/r2-work/reproduce.r1.sh	8722	2026-10-08 09:50	829fa267884d7b8ba31c318b11abdeeac68688ed	on-main-identical		research/paper-v2/generations/r1-reviewed-2026-10-07/harness/reproduce.sh	
/workspace/reports/r2-work/genmeta/GENERATION.md	10246	2026-10-08 09:58	b33db6b5e4d161f955860870db4b731b1c288754	on-main-identical		research/paper-v2/generations/r2-2026-10-08/GENERATION.md	
/workspace/reports/r2-work/genmeta/R1_REFERENCES.md	1735	2026-10-08 09:58	f9708e87ae83c387bab4e9e4659d8534d905b452	on-main-identical		research/paper-v2/generations/r2-2026-10-08/R1_REFERENCES.md	
/workspace/reports/r2-work/src.r1-snapshot/arm-stats.mjs	5374	2026-10-07 23:10	b9d3a4e750eadac00ca85d311fa151a872b6fb55	on-main-identical		research/paper-v2/generations/r1-reviewed-2026-10-07/harness/src/arm-stats.mjs	
/workspace/reports/r2-work/src.r1-snapshot/arms.mjs	8485	2026-10-07 21:34	d256b5670d3d4f3ac74de54b72e404ee4e25cc32	on-main-identical		research/paper-v2/generations/r1-reviewed-2026-10-07/harness/src/arms.mjs	
/workspace/reports/r2-work/src.r1-snapshot/atm-resolve.mjs	1644	2026-10-06 17:31	032c3403d0582886d64295c58ca2ae4c95b0ecf0	on-main-identical		research/paper-v2/generations/r1-reviewed-2026-10-07/harness/src/atm-resolve.mjs	
/workspace/reports/r2-work/src.r1-snapshot/bare-admit-broker.mjs	2841	2026-10-07 21:32	75704e7636449a2ad4ee1db15f68551a376eccd6	on-main-identical		research/paper-v2/generations/r1-reviewed-2026-10-07/harness/src/bare-admit-broker.mjs	
/workspace/reports/r2-work/src.r1-snapshot/cli.mjs	25928	2026-10-07 23:24	88ec386984fac2be63464100f9c605caf7d84b89	on-main-identical		research/paper-v2/generations/r1-reviewed-2026-10-07/harness/src/cli.mjs	
/workspace/reports/r2-work/src.r1-snapshot/control-writer.mjs	3069	2026-10-06 19:30	38fd7e91b4c82613fe1d55456a4b1679d5fe39ec	on-main-identical		research/paper-v2/generations/r1-reviewed-2026-10-07/harness/src/control-writer.mjs	
/workspace/reports/r2-work/src.r1-snapshot/export.mjs	29177	2026-10-06 17:42	784971af5c833c3a4c016a4bd8d01d990e5437af	on-main-identical		research/paper-v2/generations/r1-reviewed-2026-10-07/harness/src/export.mjs	
/workspace/reports/r2-work/src.r1-snapshot/git-three-way.mjs	13362	2026-10-07 21:30	9f6a0be5386e83b3aaad4d831692346dac82862c	on-main-identical		research/paper-v2/generations/r1-reviewed-2026-10-07/harness/src/git-three-way.mjs	
/workspace/reports/r2-work/src.r1-snapshot/mock-broker.mjs	6079	2026-10-06 16:56	ff7c953f9df33adb758118ca090b8902d8dd0cbe	on-main-identical		research/paper-v2/generations/r1-reviewed-2026-10-07/harness/src/mock-broker.mjs	
/workspace/reports/r2-work/src.r1-snapshot/mp-broker.mjs	12309	2026-10-07 11:32	f7172338e98a627dd2947078e086afc8292de2d5	on-main-identical		research/paper-v2/generations/r1-reviewed-2026-10-07/harness/src/mp-broker.mjs	
/workspace/reports/r2-work/src.r1-snapshot/mp-runner.mjs	8588	2026-10-07 23:25	e2980aa1bada8b1c1c9879da71096d6dc8d80496	on-main-identical		research/paper-v2/generations/r1-reviewed-2026-10-07/harness/src/mp-runner.mjs	
/workspace/reports/r2-work/src.r1-snapshot/mp-worker.mjs	5443	2026-10-07 21:28	dbd72165b1ece226d2486aed836141b538d47a53	on-main-identical		research/paper-v2/generations/r1-reviewed-2026-10-07/harness/src/mp-worker.mjs	
/workspace/reports/r2-work/src.r1-snapshot/oracle.mjs	9633	2026-10-07 23:10	448f3c80af3935ef6e8fbb1de89de9fde456d3e1	on-main-identical		research/paper-v2/generations/r1-reviewed-2026-10-07/harness/src/oracle.mjs	
/workspace/reports/r2-work/src.r1-snapshot/real-broker.mjs	24085	2026-10-07 11:36	f9ef14083433fded3c5b74dd61e26fb31d85dbae	on-main-identical		research/paper-v2/generations/r1-reviewed-2026-10-07/harness/src/real-broker.mjs	
/workspace/reports/r2-work/src.r1-snapshot/runner.mjs	28246	2026-10-07 23:10	64acfbe32ba75e3873d8167af66b973b372cbd31	on-main-identical		research/paper-v2/generations/r1-reviewed-2026-10-07/harness/src/runner.mjs	
/workspace/reports/r2-work/src.r1-snapshot/scenario.mjs	7458	2026-10-07 23:10	47c24c27dd8c93050c4b76e9ada69b91d5bad340	on-main-identical		research/paper-v2/generations/r1-reviewed-2026-10-07/harness/src/scenario.mjs	
/workspace/reports/r2-work/src.r1-snapshot/steward-writer.mjs	15590	2026-10-07 23:10	a13dce451357f8f721f38147012246bd487a21b8	on-main-identical		research/paper-v2/generations/r1-reviewed-2026-10-07/harness/src/steward-writer.mjs	
/workspace/reports/r2-work/src.r1-snapshot/util.mjs	2092	2026-10-06 19:30	6ea6178ba8394f3f90b16cc407f70ff0f7271482	on-main-identical		research/paper-v2/generations/r1-reviewed-2026-10-07/harness/src/util.mjs	
/workspace/reports/r3-work/ATM_PAPER_V2_DRAFT_zh.md	85170	2026-10-08 10:55	dc400db1785514037f283cf3b3ca246b0af8a605	on-main-identical		research/paper-v2/generations/r2-2026-10-08/paper/ATM_PAPER_V2_DRAFT_zh.md	
/workspace/reports/r3-work/EXPERIMENT_CHECKLIST.md	12908	2026-10-08 10:55	ea51f117ec610e1f36177975c751066ca4de8ce5	on-main-identical		research/paper-v2/generations/r2-2026-10-08/docs/EXPERIMENT_CHECKLIST.md	
/workspace/reports/r3-work/F2_CORRECTNESS_TABLES.md	4211	2026-10-08 10:55	58bc4a287d3b9b3b38f4e0d4d0c79781edfa8ce2	on-main-identical		research/paper-v2/generations/r2-2026-10-08/tables/F2_CORRECTNESS_TABLES.md	
/workspace/reports/r3-work/METRIC_DEFINITIONS.md	11754	2026-10-08 10:55	060f266270343f32408a6aef84d491d2ce09e808	on-main-identical		research/paper-v2/generations/r2-2026-10-08/docs/METRIC_DEFINITIONS.md	
/workspace/reports/r3-work/REPRODUCE.md	1896	2026-10-08 10:55	f93b21503c81b3861b0aaa3f21f85c0d5ed93fe4	on-main-identical		research/paper-v2/generations/r2-2026-10-08/harness/REPRODUCE.md	
/workspace/reports/r3-work/VERSION_ANCHORS.md	12689	2026-10-08 10:55	fe2282f034a6b8b82686ab3caebf92d7fcf50d69	on-main-identical		research/paper-v2/generations/r2-2026-10-08/docs/VERSION_ANCHORS.md	
/workspace/reports/r3-work/genmeta/GENERATION.md	9127	2026-10-08 11:01	8ff5de6e0dd4bd0af45ad2a7b7421640d06a8a92	on-main-identical		research/paper-v2/generations/r3-2026-10-08/GENERATION.md	
/workspace/reports/r3-work/genmeta/PRIOR_REFERENCES.md	2204	2026-10-08 11:01	d1533d3774d112da75803c308d6816ab45ccaeb4	on-main-identical		research/paper-v2/generations/r3-2026-10-08/PRIOR_REFERENCES.md	
/workspace/reports/r3-work/src.r2-plus-r3/arm-stats.mjs	5374	2026-10-08 10:55	b9d3a4e750eadac00ca85d311fa151a872b6fb55	on-main-identical		research/paper-v2/generations/r1-reviewed-2026-10-07/harness/src/arm-stats.mjs	
/workspace/reports/r3-work/src.r2-plus-r3/arms.mjs	8485	2026-10-08 10:55	d256b5670d3d4f3ac74de54b72e404ee4e25cc32	on-main-identical		research/paper-v2/generations/r1-reviewed-2026-10-07/harness/src/arms.mjs	
/workspace/reports/r3-work/src.r2-plus-r3/atm-resolve.mjs	1644	2026-10-08 10:55	032c3403d0582886d64295c58ca2ae4c95b0ecf0	on-main-identical		research/paper-v2/generations/r1-reviewed-2026-10-07/harness/src/atm-resolve.mjs	
/workspace/reports/r3-work/src.r2-plus-r3/bare-admit-broker.mjs	2841	2026-10-08 10:55	75704e7636449a2ad4ee1db15f68551a376eccd6	on-main-identical		research/paper-v2/generations/r1-reviewed-2026-10-07/harness/src/bare-admit-broker.mjs	
/workspace/reports/r3-work/src.r2-plus-r3/cli.mjs	27131	2026-10-08 10:55	322efdc16c4d12938c241d0929c4af7a869a53ef	on-main-identical		research/paper-v2/generations/r2-2026-10-08/harness/src/cli.mjs	
/workspace/reports/r3-work/src.r2-plus-r3/control-writer.mjs	3069	2026-10-08 10:55	38fd7e91b4c82613fe1d55456a4b1679d5fe39ec	on-main-identical		research/paper-v2/generations/r1-reviewed-2026-10-07/harness/src/control-writer.mjs	
/workspace/reports/r3-work/src.r2-plus-r3/export.mjs	29177	2026-10-08 10:55	784971af5c833c3a4c016a4bd8d01d990e5437af	on-main-identical		research/paper-v2/generations/r1-reviewed-2026-10-07/harness/src/export.mjs	
/workspace/reports/r3-work/src.r2-plus-r3/git-three-way.mjs	13362	2026-10-08 10:55	9f6a0be5386e83b3aaad4d831692346dac82862c	on-main-identical		research/paper-v2/generations/r1-reviewed-2026-10-07/harness/src/git-three-way.mjs	
/workspace/reports/r3-work/src.r2-plus-r3/mock-broker.mjs	6079	2026-10-08 10:55	ff7c953f9df33adb758118ca090b8902d8dd0cbe	on-main-identical		research/paper-v2/generations/r1-reviewed-2026-10-07/harness/src/mock-broker.mjs	
/workspace/reports/r3-work/src.r2-plus-r3/mp-broker.mjs	12309	2026-10-08 10:55	f7172338e98a627dd2947078e086afc8292de2d5	on-main-identical		research/paper-v2/generations/r1-reviewed-2026-10-07/harness/src/mp-broker.mjs	
/workspace/reports/r3-work/src.r2-plus-r3/mp-runner.mjs	9040	2026-10-08 10:55	bf5daaefa27c2f5661957ef34f1ecdb0860050ce	on-main-identical		research/paper-v2/generations/r2-2026-10-08/harness/src/mp-runner.mjs	
/workspace/reports/r3-work/src.r2-plus-r3/mp-worker.mjs	6036	2026-10-08 10:55	1a959cd6278b38beada5f975244ad6aacee02fba	on-main-identical		research/paper-v2/generations/r2-2026-10-08/harness/src/mp-worker.mjs	
/workspace/reports/r3-work/src.r2-plus-r3/oracle.mjs	9633	2026-10-08 10:55	448f3c80af3935ef6e8fbb1de89de9fde456d3e1	on-main-identical		research/paper-v2/generations/r1-reviewed-2026-10-07/harness/src/oracle.mjs	
/workspace/reports/r3-work/src.r2-plus-r3/oracle_v2.mjs	12902	2026-10-08 10:55	e10d799ff95eb19a454259b9f8c4ebfbcf1b3ebc	on-main-identical		research/paper-v2/generations/r2-2026-10-08/harness/src/oracle_v2.mjs	
/workspace/reports/r3-work/src.r2-plus-r3/real-broker.mjs	24085	2026-10-08 10:55	f9ef14083433fded3c5b74dd61e26fb31d85dbae	on-main-identical		research/paper-v2/generations/r1-reviewed-2026-10-07/harness/src/real-broker.mjs	
/workspace/reports/r3-work/src.r2-plus-r3/runner.mjs	29243	2026-10-08 10:55	1d487d86936101ce0a446b58fde23f84ef2945e1	on-main-identical		research/paper-v2/generations/r2-2026-10-08/harness/src/runner.mjs	
/workspace/reports/r3-work/src.r2-plus-r3/scenario.mjs	7458	2026-10-08 10:55	47c24c27dd8c93050c4b76e9ada69b91d5bad340	on-main-identical		research/paper-v2/generations/r1-reviewed-2026-10-07/harness/src/scenario.mjs	
/workspace/reports/r3-work/src.r2-plus-r3/steward-writer.mjs	19755	2026-10-08 10:55	25e0bb77ef1d664785c5a57209b2babb382a454a	on-main-identical		research/paper-v2/generations/r3-2026-10-08/harness/src/steward-writer.mjs	
/workspace/reports/r3-work/src.r2-plus-r3/util.mjs	2092	2026-10-08 10:55	6ea6178ba8394f3f90b16cc407f70ff0f7271482	on-main-identical		research/paper-v2/generations/r1-reviewed-2026-10-07/harness/src/util.mjs	
/workspace/reports/r4-prep-work/ATM_PAPER_V2_DRAFT_zh.md	91894	2026-10-08 13:51	fdddac1077a046a35fa74b526b997df54ebd1668	on-main-identical		research/paper-v2/generations/r3-2026-10-08/paper/ATM_PAPER_V2_DRAFT_zh.md	
/workspace/reports/r4-prep-work/EXPERIMENT_CHECKLIST.md	13618	2026-10-08 13:51	e05873cf85b6fbfbe46f234cbd939adb076c1c58	on-main-identical		research/paper-v2/generations/r3-2026-10-08/docs/EXPERIMENT_CHECKLIST.md	
/workspace/reports/r4-prep-work/F1_FIGURES.md	2819	2026-10-08 13:51	d8398c62ce7bfb7701a50e8bf1a7c8a0fa6d6edc	on-main-identical		research/paper-v2/generations/r2-2026-10-08/tables/F1_FIGURES.md	
/workspace/reports/r4-prep-work/F2_CORRECTNESS_TABLES.md	5490	2026-10-08 13:51	36dc063695ed8396b4a8a438e8c0f0de057b0ad2	on-main-identical		research/paper-v2/generations/r3-2026-10-08/tables/F2_CORRECTNESS_TABLES.md	
/workspace/reports/r4-prep-work/METRIC_DEFINITIONS.md	13388	2026-10-08 13:51	031598e0b429b72b45f2c84295ec2cbcc075d165	on-main-identical		research/paper-v2/generations/r3-2026-10-08/docs/METRIC_DEFINITIONS.md	
/workspace/reports/r4-prep-work/paper-edits-2026-10-08.diff	32781	2026-10-08 13:54	c2eac1d45ae5b3612c52fdcffe79f6f45d382d94	on-main-identical		research/paper-v2/generations/r4-2026-10-08/docs/r4-notes/paper-edits-2026-10-08-1351-table-split.diff	
/workspace/reports/r4-work/ATM_PAPER_V2_DRAFT_zh.md.pre-r4fill	99891	2026-10-08 15:02	dba3346fb5d203341200128c332c4822c772f993	outdated	r4-work/ATM_PAPER_V2_DRAFT_zh.md.pre-r4fill	research/paper-v2/generations/r5-2026-10-08/paper/ATM_PAPER_V2_DRAFT_zh.md	
/workspace/reports/r4-work/EXPERIMENT_CHECKLIST.md.pre-r4fill	14519	2026-10-08 15:05	b60a526932105835e6698677688cdbecb694434f	outdated	r4-work/EXPERIMENT_CHECKLIST.md.pre-r4fill	research/paper-v2/generations/r5-2026-10-08/docs/EXPERIMENT_CHECKLIST.md	
/workspace/reports/r4-work/F2_CORRECTNESS_TABLES.md.pre-r4fill	9531	2026-10-08 15:05	fc7a6641a9e56fe9768a699e392876ab8210f9f3	outdated	r4-work/F2_CORRECTNESS_TABLES.md.pre-r4fill	research/paper-v2/generations/r5-2026-10-08/tables/F2_CORRECTNESS_TABLES.md	
/workspace/reports/r4-work/METRIC_DEFINITIONS.md.pre-r4fill	14552	2026-10-08 15:05	1b978345110ef6e0b0e474a06e3984886e357ad0	outdated	r4-work/METRIC_DEFINITIONS.md.pre-r4fill	research/paper-v2/generations/r5-2026-10-08/docs/METRIC_DEFINITIONS.md	
/workspace/reports/r4-work/REPRODUCE.md.pre-r4	2615	2026-10-08 15:07	076292f9cdab30c55cd922a59d4187e742c781ec	on-main-identical		research/paper-v2/generations/r3-2026-10-08/harness/REPRODUCE.md	
/workspace/reports/r4-work/VERSION_ANCHORS.md.pre-r4fill	14663	2026-10-08 15:05	063e2ed362789ea46816b35fa681c823600ff165	on-main-identical		research/paper-v2/generations/r3-2026-10-08/docs/VERSION_ANCHORS.md	
/workspace/reports/r4-work/genmeta/GENERATION.md	10568	2026-10-08 15:08	45ad7826f642a46cf62b597385c50dc5a1178045	on-main-identical		research/paper-v2/generations/r4-2026-10-08/GENERATION.md	
/workspace/reports/r4-work/genmeta/PRIOR_REFERENCES.md	3113	2026-10-08 15:08	624ec6a6075c86ac1cc31ed2225ebb7b9ff1197d	on-main-identical		research/paper-v2/generations/r4-2026-10-08/PRIOR_REFERENCES.md	
/workspace/reports/r4-work/src.r3-state/arm-stats.mjs	5374	2026-10-07 23:10	b9d3a4e750eadac00ca85d311fa151a872b6fb55	on-main-identical		research/paper-v2/generations/r1-reviewed-2026-10-07/harness/src/arm-stats.mjs	
/workspace/reports/r4-work/src.r3-state/arms.mjs	8485	2026-10-07 21:34	d256b5670d3d4f3ac74de54b72e404ee4e25cc32	on-main-identical		research/paper-v2/generations/r1-reviewed-2026-10-07/harness/src/arms.mjs	
/workspace/reports/r4-work/src.r3-state/atm-resolve.mjs	1644	2026-10-06 17:31	032c3403d0582886d64295c58ca2ae4c95b0ecf0	on-main-identical		research/paper-v2/generations/r1-reviewed-2026-10-07/harness/src/atm-resolve.mjs	
/workspace/reports/r4-work/src.r3-state/bare-admit-broker.mjs	2841	2026-10-07 21:32	75704e7636449a2ad4ee1db15f68551a376eccd6	on-main-identical		research/paper-v2/generations/r1-reviewed-2026-10-07/harness/src/bare-admit-broker.mjs	
/workspace/reports/r4-work/src.r3-state/cli.mjs	27131	2026-10-08 09:42	322efdc16c4d12938c241d0929c4af7a869a53ef	on-main-identical		research/paper-v2/generations/r2-2026-10-08/harness/src/cli.mjs	
/workspace/reports/r4-work/src.r3-state/control-writer.mjs	3069	2026-10-06 19:30	38fd7e91b4c82613fe1d55456a4b1679d5fe39ec	on-main-identical		research/paper-v2/generations/r1-reviewed-2026-10-07/harness/src/control-writer.mjs	
/workspace/reports/r4-work/src.r3-state/export.mjs	29177	2026-10-06 17:42	784971af5c833c3a4c016a4bd8d01d990e5437af	on-main-identical		research/paper-v2/generations/r1-reviewed-2026-10-07/harness/src/export.mjs	
/workspace/reports/r4-work/src.r3-state/git-three-way.mjs	13362	2026-10-07 21:30	9f6a0be5386e83b3aaad4d831692346dac82862c	on-main-identical		research/paper-v2/generations/r1-reviewed-2026-10-07/harness/src/git-three-way.mjs	
/workspace/reports/r4-work/src.r3-state/mock-broker.mjs	6079	2026-10-06 16:56	ff7c953f9df33adb758118ca090b8902d8dd0cbe	on-main-identical		research/paper-v2/generations/r1-reviewed-2026-10-07/harness/src/mock-broker.mjs	
/workspace/reports/r4-work/src.r3-state/mp-broker.mjs	12309	2026-10-07 11:32	f7172338e98a627dd2947078e086afc8292de2d5	on-main-identical		research/paper-v2/generations/r1-reviewed-2026-10-07/harness/src/mp-broker.mjs	
/workspace/reports/r4-work/src.r3-state/mp-runner.mjs	9040	2026-10-08 09:53	bf5daaefa27c2f5661957ef34f1ecdb0860050ce	on-main-identical		research/paper-v2/generations/r2-2026-10-08/harness/src/mp-runner.mjs	
/workspace/reports/r4-work/src.r3-state/mp-worker.mjs	6036	2026-10-08 09:41	1a959cd6278b38beada5f975244ad6aacee02fba	on-main-identical		research/paper-v2/generations/r2-2026-10-08/harness/src/mp-worker.mjs	
/workspace/reports/r4-work/src.r3-state/oracle.mjs	9633	2026-10-07 23:10	448f3c80af3935ef6e8fbb1de89de9fde456d3e1	on-main-identical		research/paper-v2/generations/r1-reviewed-2026-10-07/harness/src/oracle.mjs	
/workspace/reports/r4-work/src.r3-state/oracle_v2.mjs	12902	2026-10-08 09:53	e10d799ff95eb19a454259b9f8c4ebfbcf1b3ebc	on-main-identical		research/paper-v2/generations/r2-2026-10-08/harness/src/oracle_v2.mjs	
/workspace/reports/r4-work/src.r3-state/real-broker.mjs	24085	2026-10-07 11:36	f9ef14083433fded3c5b74dd61e26fb31d85dbae	on-main-identical		research/paper-v2/generations/r1-reviewed-2026-10-07/harness/src/real-broker.mjs	
/workspace/reports/r4-work/src.r3-state/runner.mjs	29243	2026-10-08 09:53	1d487d86936101ce0a446b58fde23f84ef2945e1	on-main-identical		research/paper-v2/generations/r2-2026-10-08/harness/src/runner.mjs	
/workspace/reports/r4-work/src.r3-state/scenario.mjs	7458	2026-10-07 23:10	47c24c27dd8c93050c4b76e9ada69b91d5bad340	on-main-identical		research/paper-v2/generations/r1-reviewed-2026-10-07/harness/src/scenario.mjs	
/workspace/reports/r4-work/src.r3-state/steward-writer.mjs	19755	2026-10-08 10:45	25e0bb77ef1d664785c5a57209b2babb382a454a	on-main-identical		research/paper-v2/generations/r3-2026-10-08/harness/src/steward-writer.mjs	
/workspace/reports/r4-work/src.r3-state/util.mjs	2092	2026-10-06 19:30	6ea6178ba8394f3f90b16cc407f70ff0f7271482	on-main-identical		research/paper-v2/generations/r1-reviewed-2026-10-07/harness/src/util.mjs	
/workspace/reports/r4-work/test.r3-state/barrier_interleave.mjs	11721	2026-10-08 10:43	6c66d6c534baaec4a01c776b6279e6460b2c6657	on-main-identical		research/paper-v2/generations/r3-2026-10-08/harness/test/barrier_interleave.mjs	
/workspace/reports/r4-work/test.r3-state/oracle_v2_contract.mjs	11383	2026-10-08 09:44	7485f21fa72264f2ce49e2c94ae23c6cb8ec73e1	on-main-identical		research/paper-v2/generations/r2-2026-10-08/harness/test/oracle_v2_contract.mjs	
/workspace/reports/r5-work/ATM_PAPER_V2_DRAFT_zh.md	116883	2026-10-08 17:34	f915a73b7e215f95984904c51e795131659f011a	on-main-identical		research/paper-v2/generations/r4-2026-10-08/paper/ATM_PAPER_V2_DRAFT_zh.md	
/workspace/reports/r5-work/EXPERIMENT_CHECKLIST.md	16207	2026-10-08 17:34	7aec1bd3286ab160e267487073f2dd9d31133368	on-main-identical		research/paper-v2/generations/r4-2026-10-08/docs/EXPERIMENT_CHECKLIST.md	
/workspace/reports/r5-work/EXPERIMENT_CHECKLIST.md.pre-r5docs	16207	2026-10-09 08:01	7aec1bd3286ab160e267487073f2dd9d31133368	on-main-identical		research/paper-v2/generations/r4-2026-10-08/docs/EXPERIMENT_CHECKLIST.md	
/workspace/reports/r5-work/F2_CORRECTNESS_TABLES.md	15763	2026-10-08 17:34	dd6ea85dbd4d262146136e392d9224087da52e20	on-main-identical		research/paper-v2/generations/r4-2026-10-08/tables/F2_CORRECTNESS_TABLES.md	
/workspace/reports/r5-work/F2_CORRECTNESS_TABLES.md.pre-r5docs	15763	2026-10-09 08:01	dd6ea85dbd4d262146136e392d9224087da52e20	on-main-identical		research/paper-v2/generations/r4-2026-10-08/tables/F2_CORRECTNESS_TABLES.md	
/workspace/reports/r5-work/METRIC_DEFINITIONS.md	16153	2026-10-08 17:34	c9354791c084faede37020030e5e1e735b1d97ef	on-main-identical		research/paper-v2/generations/r4-2026-10-08/docs/METRIC_DEFINITIONS.md	
/workspace/reports/r5-work/METRIC_DEFINITIONS.md.pre-r5docs	16153	2026-10-09 08:01	c9354791c084faede37020030e5e1e735b1d97ef	on-main-identical		research/paper-v2/generations/r4-2026-10-08/docs/METRIC_DEFINITIONS.md	
/workspace/reports/r5-work/REPRODUCE.md	3664	2026-10-08 17:34	e4bc7dcc71c9e1ac6936917340871f32216653e8	on-main-identical		research/paper-v2/generations/r4-2026-10-08/harness/REPRODUCE.md	
/workspace/reports/r5-work/REPRODUCE.md.pre-r5docs	3664	2026-10-09 08:01	e4bc7dcc71c9e1ac6936917340871f32216653e8	on-main-identical		research/paper-v2/generations/r4-2026-10-08/harness/REPRODUCE.md	
/workspace/reports/r5-work/VERSION_ANCHORS.md	16536	2026-10-08 17:34	8988dfb9f3948757be3bc5337951e090de218636	on-main-identical		research/paper-v2/generations/r4-2026-10-08/docs/VERSION_ANCHORS.md	
/workspace/reports/r5-work/VERSION_ANCHORS.md.pre-r5docs	16536	2026-10-09 08:01	8988dfb9f3948757be3bc5337951e090de218636	on-main-identical		research/paper-v2/generations/r4-2026-10-08/docs/VERSION_ANCHORS.md	
/workspace/reports/r5-work/build-phase1.log	10	2026-10-09 08:02	ffa17b97201cf62359a59cf940e1fcabcd9c887a	missing	r5-work/build-phase1.log		
/workspace/reports/r5-work/part1.list	510	2026-10-09 08:03	43d87eb589cafae3e69486936cdc18a84cbee67e	missing	r5-work/part1.list		
/workspace/reports/r5-work/part2.list	524	2026-10-09 08:03	b15d6e9de7a20ee7193a453b2212c61902e949cc	missing	r5-work/part2.list		
/workspace/reports/r5-work/part3.list	50665	2026-10-09 08:03	3f56afed889cb3a903f3ca2d719da0fd5cbf7d96	missing	r5-work/part3.list		
/workspace/reports/r5-work/r5_compare.py.v1	25162	2026-10-08 18:26	0b6e3be6947aafa1b447e0b97676449c27215bd5	outdated	r5-work/r5_compare.py.v1	research/paper-v2/generations/r5-2026-10-08/harness/analysis/r5_compare.py	
/workspace/reports/r5-work/r5raw.txt	545	2026-10-09 08:03	8cc5c945fe8c1bab8a4c870f61b2958c3c90f5d7	missing	r5-work/r5raw.txt		
/workspace/reports/r5-work/run_r5.sh.pre-posthoc	8712	2026-10-08 18:24	a8997e41777e8203b20967e645b53abbbe80378c	outdated	r5-work/run_r5.sh.pre-posthoc	research/paper-v2/generations/r5-2026-10-08/harness/runs/r5-validation/run_r5.sh	
/workspace/reports/r5-work/analysis.r4-state/cell_index.py	4628	2026-10-08 17:34	17b33abd1c89dc64630248d3e041ee48daf07392	on-main-identical		research/paper-v2/generations/r4-2026-10-08/harness/analysis/cell_index.py	
/workspace/reports/r5-work/analysis.r4-state/e4_forensics.py	8543	2026-10-08 17:34	4cfa0f5b2e1b19f246e1c51a3094df9aa33e7183	on-main-identical		research/paper-v2/generations/r2-2026-10-08/harness/analysis/e4_forensics.py	
/workspace/reports/r5-work/analysis.r4-state/logical_id_audit.py	3341	2026-10-08 17:34	39fd7d5d8651b17889bd255d80bd3692fa28cd57	on-main-identical		research/paper-v2/generations/r2-2026-10-08/harness/analysis/logical_id_audit.py	
/workspace/reports/r5-work/analysis.r4-state/r3_compare.py	15331	2026-10-08 17:34	9f10ff53e33f5592ae1595eea9589bc460813d9b	on-main-identical		research/paper-v2/generations/r3-2026-10-08/harness/analysis/r3_compare.py	
/workspace/reports/r5-work/analysis.r4-state/r4_compare.py	18858	2026-10-08 17:34	f12c8e58cdda7b78e33c2aa43e7d8ad465d68714	on-main-identical		research/paper-v2/generations/r4-2026-10-08/harness/analysis/r4_compare.py	
/workspace/reports/r5-work/analysis.r4-state/rebuild_tables.py	8166	2026-10-08 17:34	501fa732470236e713a4b09dbb3c60bb7de6f83a	on-main-identical		research/paper-v2/generations/r2-2026-10-08/harness/analysis/rebuild_tables.py	
/workspace/reports/r5-work/analysis.r4-state/rescore_oracle_v2.mjs	7882	2026-10-08 17:34	f47c29ebd67da9d4e36331e1dfaff4bd398907eb	on-main-identical		research/paper-v2/generations/r4-2026-10-08/harness/analysis/rescore_oracle_v2.mjs	
/workspace/reports/r5-work/analysis.r4-state/__pycache__/cell_index.cpython-313.pyc	8778	2026-10-08 17:34	7961ef0c55d8a2c6a51b1fdd00acbfda91fec8f1	on-main-identical		research/paper-v2/generations/r4-2026-10-08/harness/analysis/__pycache__/cell_index.cpython-313.pyc	
/workspace/reports/r5-work/analysis.r4-state/__pycache__/r4_compare.cpython-313.pyc	39510	2026-10-08 17:34	cc2173689422829c50c73e623d2472e68314b7e3	on-main-identical		research/paper-v2/generations/r4-2026-10-08/harness/analysis/__pycache__/r4_compare.cpython-313.pyc	
/workspace/reports/r5-work/genmeta/GENERATION.md	10828	2026-10-09 08:02	bfc690e933f327bb6f7ecabb1eb020c9e4cf322f	on-main-identical		research/paper-v2/generations/r5-2026-10-08/GENERATION.md	
/workspace/reports/r5-work/genmeta/PRIOR_REFERENCES.md	4011	2026-10-09 08:02	cb8b323a6aa170f90e9ac1e58a252139186c2143	on-main-identical		research/paper-v2/generations/r5-2026-10-08/PRIOR_REFERENCES.md	
/workspace/reports/r5-work/paper/moved_blocks.json	4300	2026-10-08 18:31	53c07cb490af2617f7bfe83f0cff2976bc5c79ba	missing	r5-work/paper/moved_blocks.json		
/workspace/reports/r5-work/paper/paper.before-body-edits.md	121380	2026-10-08 18:31	39c3d4f342e4312d7daab9cb7781d39c532dbaf8	missing	r5-work/paper/paper.before-body-edits.md		
/workspace/reports/r5-work/paper/paper.ckpt-0801.md	140721	2026-10-09 08:01	db875a1463b2f544958492dc81112c2a009035a2	missing	r5-work/paper/paper.ckpt-0801.md		
/workspace/reports/r5-work/paper/r5body.final.md	10207	2026-10-08 18:36	f1d051260d2b6c956713e307c706c6c7eb63595f	missing	r5-work/paper/r5body.final.md		
/workspace/reports/r5-work/paper/r5body.md	9143	2026-10-08 18:31	7d94d1b7776db2874e4f7f8303861a304487bdd2	missing	r5-work/paper/r5body.md		
/workspace/reports/r5-work/src.r4-state/arm-stats.mjs	5374	2026-10-08 17:34	b9d3a4e750eadac00ca85d311fa151a872b6fb55	on-main-identical		research/paper-v2/generations/r1-reviewed-2026-10-07/harness/src/arm-stats.mjs	
/workspace/reports/r5-work/src.r4-state/arms.mjs	8485	2026-10-08 17:34	d256b5670d3d4f3ac74de54b72e404ee4e25cc32	on-main-identical		research/paper-v2/generations/r1-reviewed-2026-10-07/harness/src/arms.mjs	
/workspace/reports/r5-work/src.r4-state/atm-resolve.mjs	1644	2026-10-08 17:34	032c3403d0582886d64295c58ca2ae4c95b0ecf0	on-main-identical		research/paper-v2/generations/r1-reviewed-2026-10-07/harness/src/atm-resolve.mjs	
/workspace/reports/r5-work/src.r4-state/bare-admit-broker.mjs	2841	2026-10-08 17:34	75704e7636449a2ad4ee1db15f68551a376eccd6	on-main-identical		research/paper-v2/generations/r1-reviewed-2026-10-07/harness/src/bare-admit-broker.mjs	
/workspace/reports/r5-work/src.r4-state/cli.mjs	27131	2026-10-08 17:34	322efdc16c4d12938c241d0929c4af7a869a53ef	on-main-identical		research/paper-v2/generations/r2-2026-10-08/harness/src/cli.mjs	
/workspace/reports/r5-work/src.r4-state/control-writer.mjs	3069	2026-10-08 17:34	38fd7e91b4c82613fe1d55456a4b1679d5fe39ec	on-main-identical		research/paper-v2/generations/r1-reviewed-2026-10-07/harness/src/control-writer.mjs	
/workspace/reports/r5-work/src.r4-state/export.mjs	29177	2026-10-08 17:34	784971af5c833c3a4c016a4bd8d01d990e5437af	on-main-identical		research/paper-v2/generations/r1-reviewed-2026-10-07/harness/src/export.mjs	
/workspace/reports/r5-work/src.r4-state/git-three-way.mjs	13362	2026-10-08 17:34	9f6a0be5386e83b3aaad4d831692346dac82862c	on-main-identical		research/paper-v2/generations/r1-reviewed-2026-10-07/harness/src/git-three-way.mjs	
/workspace/reports/r5-work/src.r4-state/mock-broker.mjs	6079	2026-10-08 17:34	ff7c953f9df33adb758118ca090b8902d8dd0cbe	on-main-identical		research/paper-v2/generations/r1-reviewed-2026-10-07/harness/src/mock-broker.mjs	
/workspace/reports/r5-work/src.r4-state/mp-broker.mjs	12309	2026-10-08 17:34	f7172338e98a627dd2947078e086afc8292de2d5	on-main-identical		research/paper-v2/generations/r1-reviewed-2026-10-07/harness/src/mp-broker.mjs	
/workspace/reports/r5-work/src.r4-state/mp-runner.mjs	9040	2026-10-08 17:34	bf5daaefa27c2f5661957ef34f1ecdb0860050ce	on-main-identical		research/paper-v2/generations/r2-2026-10-08/harness/src/mp-runner.mjs	
/workspace/reports/r5-work/src.r4-state/mp-worker.mjs	6036	2026-10-08 17:34	1a959cd6278b38beada5f975244ad6aacee02fba	on-main-identical		research/paper-v2/generations/r2-2026-10-08/harness/src/mp-worker.mjs	
/workspace/reports/r5-work/src.r4-state/oracle.mjs	9633	2026-10-08 17:34	448f3c80af3935ef6e8fbb1de89de9fde456d3e1	on-main-identical		research/paper-v2/generations/r1-reviewed-2026-10-07/harness/src/oracle.mjs	
/workspace/reports/r5-work/src.r4-state/oracle_v2.mjs	12902	2026-10-08 17:34	e10d799ff95eb19a454259b9f8c4ebfbcf1b3ebc	on-main-identical		research/paper-v2/generations/r2-2026-10-08/harness/src/oracle_v2.mjs	
/workspace/reports/r5-work/src.r4-state/real-broker.mjs	24085	2026-10-08 17:34	f9ef14083433fded3c5b74dd61e26fb31d85dbae	on-main-identical		research/paper-v2/generations/r1-reviewed-2026-10-07/harness/src/real-broker.mjs	
/workspace/reports/r5-work/src.r4-state/runner.mjs	29243	2026-10-08 17:34	1d487d86936101ce0a446b58fde23f84ef2945e1	on-main-identical		research/paper-v2/generations/r2-2026-10-08/harness/src/runner.mjs	
/workspace/reports/r5-work/src.r4-state/scenario.mjs	7458	2026-10-08 17:34	47c24c27dd8c93050c4b76e9ada69b91d5bad340	on-main-identical		research/paper-v2/generations/r1-reviewed-2026-10-07/harness/src/scenario.mjs	
/workspace/reports/r5-work/src.r4-state/steward-writer.mjs	21256	2026-10-08 17:34	a7014445ea080f3234c098290ab3fbe30eca1d3a	on-main-identical		research/paper-v2/generations/r4-2026-10-08/harness/src/steward-writer.mjs	
/workspace/reports/r5-work/src.r4-state/util.mjs	2092	2026-10-08 17:34	6ea6178ba8394f3f90b16cc407f70ff0f7271482	on-main-identical		research/paper-v2/generations/r1-reviewed-2026-10-07/harness/src/util.mjs	
/workspace/reports/r5-work/test.r4-state/barrier_interleave.mjs	14062	2026-10-08 17:34	f183f46bd9c10f22d9fd144298dcf93c812e1116	on-main-identical		research/paper-v2/generations/r4-2026-10-08/harness/test/barrier_interleave.mjs	
/workspace/reports/r5-work/test.r4-state/oracle_v2_contract.mjs	11383	2026-10-08 17:34	7485f21fa72264f2ce49e2c94ae23c6cb8ec73e1	on-main-identical		research/paper-v2/generations/r2-2026-10-08/harness/test/oracle_v2_contract.mjs	
/workspace/reports/r5-work/test.r4-state/r4_fault_scenarios.mjs	18665	2026-10-08 17:34	b617bc12b04bb3a95d95e4f2a5d0a5dd16b09f81	on-main-identical		research/paper-v2/generations/r4-2026-10-08/harness/test/r4_fault_scenarios.mjs	
/workspace/reports/r5-work/tools.r4-state/analyze.sh	3664	2026-10-08 17:34	27298c42fd3b846089d7236b5ef8a6537da8f549	on-main-identical		research/paper-v2/generations/r4-2026-10-08/harness/tools/analyze.sh	
/workspace/reports/r5-work/tools.r4-state/rerun.sh	1967	2026-10-08 17:34	9ae392165300c1859fc24c370a8d47c1b2b2c68a	on-main-identical		research/paper-v2/generations/r2-2026-10-08/harness/tools/rerun.sh	
/workspace/reports/r5-work/tools.r4-state/seal.sh	1957	2026-10-08 17:34	842ebb308e572908f8a97c4f7ba733b2e6e81b69	on-main-identical		research/paper-v2/generations/r2-2026-10-08/harness/tools/seal.sh	
/workspace/reports/r5-work/tools.r4-state/verify.sh	1069	2026-10-08 17:34	d435013b332858e102ce346ab21986813ff90c2c	on-main-identical		research/paper-v2/generations/r2-2026-10-08/harness/tools/verify.sh	
/workspace/reports/atm-v2-harness-src-backup-1751/atm-resolve.mjs	1644	2026-10-06 17:51	032c3403d0582886d64295c58ca2ae4c95b0ecf0	on-main-identical		research/paper-v2/generations/r1-reviewed-2026-10-07/harness/src/atm-resolve.mjs	
/workspace/reports/atm-v2-harness-src-backup-1751/cli.mjs	16755	2026-10-06 17:51	0d173167f7864490550aa2b51bc9dd60b56c412e	outdated	atm-v2-harness-src-backup-1751/cli.mjs	research/paper-v2/generations/r5-2026-10-08/harness/src/cli.mjs	
/workspace/reports/atm-v2-harness-src-backup-1751/control-writer.mjs	3058	2026-10-06 17:51	058254f802ee4a6aa6b0d2547c68d99411470345	outdated	atm-v2-harness-src-backup-1751/control-writer.mjs	research/paper-v2/generations/r5-2026-10-08/harness/src/control-writer.mjs	
/workspace/reports/atm-v2-harness-src-backup-1751/export.mjs	29177	2026-10-06 17:51	784971af5c833c3a4c016a4bd8d01d990e5437af	on-main-identical		research/paper-v2/generations/r1-reviewed-2026-10-07/harness/src/export.mjs	
/workspace/reports/atm-v2-harness-src-backup-1751/mock-broker.mjs	6079	2026-10-06 17:51	ff7c953f9df33adb758118ca090b8902d8dd0cbe	on-main-identical		research/paper-v2/generations/r1-reviewed-2026-10-07/harness/src/mock-broker.mjs	
/workspace/reports/atm-v2-harness-src-backup-1751/real-broker.mjs	15383	2026-10-06 17:51	20e9eec8209bbf68a596d6040e911b370ee7476f	outdated	atm-v2-harness-src-backup-1751/real-broker.mjs	research/paper-v2/generations/r5-2026-10-08/harness/src/real-broker.mjs	
/workspace/reports/atm-v2-harness-src-backup-1751/runner.mjs	10560	2026-10-06 17:51	208dfd9dd915c9931db52f4ae88794c084885e4b	outdated	atm-v2-harness-src-backup-1751/runner.mjs	research/paper-v2/generations/r5-2026-10-08/harness/src/runner.mjs	
/workspace/reports/atm-v2-harness-src-backup-1751/scenario.mjs	4844	2026-10-06 17:51	f5290b52b90701637a8b6326517c9807cfe4bff9	outdated	atm-v2-harness-src-backup-1751/scenario.mjs	research/paper-v2/generations/r5-2026-10-08/harness/src/scenario.mjs	
/workspace/reports/atm-v2-harness-src-backup-1751/util.mjs	1627	2026-10-06 17:51	ecd0516a2d759b9492a55c72ce4ed150de0acf0f	outdated	atm-v2-harness-src-backup-1751/util.mjs	research/paper-v2/generations/r5-2026-10-08/harness/src/util.mjs	
/workspace/reports/atm-v2-harness-src-backup-1930/atm-resolve.mjs	1644	2026-10-06 19:27	032c3403d0582886d64295c58ca2ae4c95b0ecf0	on-main-identical		research/paper-v2/generations/r1-reviewed-2026-10-07/harness/src/atm-resolve.mjs	
/workspace/reports/atm-v2-harness-src-backup-1930/cli.mjs	17535	2026-10-06 19:27	47eff9f446727760cacf90041f8bf553abd976e2	outdated	atm-v2-harness-src-backup-1930/cli.mjs	research/paper-v2/generations/r5-2026-10-08/harness/src/cli.mjs	
/workspace/reports/atm-v2-harness-src-backup-1930/control-writer.mjs	3058	2026-10-06 19:27	058254f802ee4a6aa6b0d2547c68d99411470345	outdated	atm-v2-harness-src-backup-1930/control-writer.mjs	research/paper-v2/generations/r5-2026-10-08/harness/src/control-writer.mjs	
/workspace/reports/atm-v2-harness-src-backup-1930/export.mjs	29177	2026-10-06 19:27	784971af5c833c3a4c016a4bd8d01d990e5437af	on-main-identical		research/paper-v2/generations/r1-reviewed-2026-10-07/harness/src/export.mjs	
/workspace/reports/atm-v2-harness-src-backup-1930/mock-broker.mjs	6079	2026-10-06 19:27	ff7c953f9df33adb758118ca090b8902d8dd0cbe	on-main-identical		research/paper-v2/generations/r1-reviewed-2026-10-07/harness/src/mock-broker.mjs	
/workspace/reports/atm-v2-harness-src-backup-1930/real-broker.mjs	21126	2026-10-06 19:27	63355ea1d4a97c955d36e92dddf85893b858dadc	outdated	atm-v2-harness-src-backup-1930/real-broker.mjs	research/paper-v2/generations/r5-2026-10-08/harness/src/real-broker.mjs	
/workspace/reports/atm-v2-harness-src-backup-1930/runner.mjs	10677	2026-10-06 19:27	cf1771c9e84f7926f7c8357df298d6681e20581f	outdated	atm-v2-harness-src-backup-1930/runner.mjs	research/paper-v2/generations/r5-2026-10-08/harness/src/runner.mjs	
/workspace/reports/atm-v2-harness-src-backup-1930/scenario.mjs	5628	2026-10-06 19:27	af08bfdbc885fb3edd8531a0322cd24518e213a8	outdated	atm-v2-harness-src-backup-1930/scenario.mjs	research/paper-v2/generations/r5-2026-10-08/harness/src/scenario.mjs	
/workspace/reports/atm-v2-harness-src-backup-1930/util.mjs	1627	2026-10-06 19:27	ecd0516a2d759b9492a55c72ce4ed150de0acf0f	outdated	atm-v2-harness-src-backup-1930/util.mjs	research/paper-v2/generations/r5-2026-10-08/harness/src/util.mjs	
/workspace/upload/EVIDENCE_INDEX.md.r2-proposed	10708	2026-10-08 09:59	1ea6eff0cbd61b12a4673a24218c8e378aba863f	missing	upload-handoff/EVIDENCE_INDEX.md.r2-proposed		
/workspace/upload/EVIDENCE_INDEX.md.r3-proposed	13805	2026-10-08 11:01	b8e31fadcd05da231226af9eb62dee338a875421	missing	upload-handoff/EVIDENCE_INDEX.md.r3-proposed		
/workspace/upload/EVIDENCE_INDEX.md.r4-proposed	19159	2026-10-08 15:10	49d6ed931b8b3bd1a4ef5cc786f87d9ae5032b9c	missing	upload-handoff/EVIDENCE_INDEX.md.r4-proposed		
/workspace/upload/EVIDENCE_INDEX.r2.patch	5030	2026-10-08 09:59	53d109d1e4d1a9920e2f44787da7cffa77d919b5	missing	upload-handoff/EVIDENCE_INDEX.r2.patch		
/workspace/upload/EVIDENCE_INDEX.r3-from-r1.patch	8592	2026-10-08 11:01	9f7d4b441e36fa28c2c54b8bf536b11ff6a3fa3d	missing	upload-handoff/EVIDENCE_INDEX.r3-from-r1.patch		
/workspace/upload/EVIDENCE_INDEX.r3-from-r2-proposed.patch	5679	2026-10-08 11:01	8168aa4b7372f26fd564323d8ee9f4cb8698f709	missing	upload-handoff/EVIDENCE_INDEX.r3-from-r2-proposed.patch		
/workspace/upload/EVIDENCE_INDEX.r4-from-repo-2118bc66.patch	8160	2026-10-08 15:10	07a45082fa97a55de2b92d3bf51974e56595dc0d	missing	upload-handoff/EVIDENCE_INDEX.r4-from-repo-2118bc66.patch		
/workspace/upload/README.md.r4-proposed	3516	2026-10-08 15:10	c613527701933fb77a470e361dca3dde5bcc618c	missing	upload-handoff/README.md.r4-proposed		
/workspace/upload/README.r4-from-repo-2118bc66.patch	3611	2026-10-08 15:10	151e3d298d169b83c54e381fc342b935e36cdb12	missing	upload-handoff/README.r4-from-repo-2118bc66.patch		
/workspace/upload/paper-v2-r1-upload.tgz.sha256	89	2026-10-08 09:36	bb218160f617bc55cfb292bf183a53adb77c2fa7	missing	upload-handoff/paper-v2-r1-upload.tgz.sha256		
/workspace/upload/paper-v2-r4-upload-part1.tgz.sha256	95	2026-10-08 15:10	0906187ec743992530e74e05af85c533a087a64c	missing	upload-handoff/paper-v2-r4-upload-part1.tgz.sha256		
/workspace/upload/paper-v2-r4-upload-part2.tgz.sha256	95	2026-10-08 15:10	c0defc5e9debc160286f8fafff81a30d51591898	missing	upload-handoff/paper-v2-r4-upload-part2.tgz.sha256		
/workspace/upload/paper-v2-r5-upload-part1.tgz.sha256	95	2026-10-09 08:03	1124746307f6bafd376ee5e20299c8c49ffd7213	missing	upload-handoff/paper-v2-r5-upload-part1.tgz.sha256		
/workspace/upload/paper-v2-r5-upload-part2.tgz.sha256	95	2026-10-09 08:03	db82d7044733cdd488f4d41f2e67d9a55b3b7a48	missing	upload-handoff/paper-v2-r5-upload-part2.tgz.sha256		
/workspace/upload/paper-v2-r5-upload-part3.tgz.sha256	95	2026-10-09 08:03	b4937ff36a3fd34012c846b178f5eb540f9a1a34	missing	upload-handoff/paper-v2-r5-upload-part3.tgz.sha256		
/workspace/upload/paper-v2/EVIDENCE_INDEX.md	7515	2026-10-08 09:35	642200b81eabfd45249a31aecb67239146ff3c76	missing	upload-handoff/paper-v2/EVIDENCE_INDEX.md		
/workspace/upload/paper-v2/README.md	2226	2026-10-08 09:35	fe198b268813e353481e19d6d2a4c728ca3d7a82	missing	upload-handoff/paper-v2/README.md		
/workspace/upload/r5-handoff-to-cloud-agent.md	1987	2026-10-09 08:03	2088df2a347e34f360e2abc7155691952ad3de60	missing	upload-handoff/r5-handoff-to-cloud-agent.md		
/workspace/upload/sup/SHA256SUMS-support	174	2026-10-08 09:37	aec017aaecf9bd07cd2c0420ccf5f64e81a0364e	on-main-identical		research/paper-v2/archive/support-raw-r1/SHA256SUMS	
/workspace/upload/sup/a.list	3190	2026-10-08 09:36	637577b5acd7d1c7ddc47fb53380918d0ed456b2	missing	upload-handoff/sup/a.list		
/workspace/upload/sup/a.txt	2575	2026-10-08 09:36	7c0bbbed806f4a2c274b89d0f41a28c80a502cb1	missing	upload-handoff/sup/a.txt		
/workspace/upload/sup/all.txt	5135	2026-10-08 09:36	8565ac4660120bcfdd54d0f1e9df1ce379f1ca29	missing	upload-handoff/sup/all.txt		
/workspace/upload/sup/b.list	3175	2026-10-08 09:37	9c57b3d039b321e1e3ed32505d97936bab66343a	missing	upload-handoff/sup/b.list		
/workspace/upload/sup/b.txt	2560	2026-10-08 09:36	57915b80386a13bdcad4ebf658700838bcc01f1c	missing	upload-handoff/sup/b.txt		
/workspace/upload/support-split/SHA256SUMS	281	2026-10-08 09:36	71d1ff08e97c91919bb27db63d3e06ef93d6417e	missing	upload-handoff/support-split/SHA256SUMS		
/workspace/reports/atm-v2-harness/runs/r2-oracle-rescore/RESCORE_SUMMARY.md	2706	2026-10-08 09:45	752ea934c38d0d0f6a79bb9451773c7d3340f02d	outdated	atm-v2-harness/runs/r2-oracle-rescore/RESCORE_SUMMARY.md	research/paper-v2/generations/r2-2026-10-08/summaries/runs/r2-analysis/r2-2026-10-08/oracle-rescore/RESCORE_SUMMARY.md	early r2 rescore output; r2 generation carries the later r2-analysis rescore
/workspace/reports/atm-v2-harness/runs/r2-oracle-rescore/rescore_by_stage.json	4581	2026-10-08 09:45	8aaa26244ed726f3fc5fa6866c1d5e127507de6f	outdated	atm-v2-harness/runs/r2-oracle-rescore/rescore_by_stage.json	research/paper-v2/generations/r2-2026-10-08/summaries/runs/r2-analysis/r2-2026-10-08/oracle-rescore/rescore_by_stage.json	early r2 rescore output; r2 generation carries the later r2-analysis rescore
/workspace/reports/atm-v2-harness/runs/r2-oracle-rescore/rescore_cells.json	287549	2026-10-08 09:45	6bf471ac64b9d939bd34f969b27dc127ee3366bc	outdated	atm-v2-harness/runs/r2-oracle-rescore/rescore_cells.json	research/paper-v2/generations/r2-2026-10-08/summaries/runs/r2-analysis/r2-2026-10-08/oracle-rescore/rescore_cells.json	early r2 rescore output; r2 generation carries the later r2-analysis rescore
